our_price,competitor_price,rpi,price_gap,days_since_last_purchase,user_loyalty,purchased
62.44,81.72,0.764,-19.28,18,6,1
143.1,171.56,0.834,-28.46,2,1,1
112.48,87.24,1.289,25.24,5,6,1
93.81,181.96,0.516,-88.15,15,4,1
31.84,50.53,0.63,-18.69,9,4,1
31.84,83.97,0.379,-52.13,18,5,1
18.13,7.01,2.586,11.12,45,9,0
131.26,267.58,0.491,-136.31,1,1,1
94.16,222.2,0.424,-128.05,17,3,1
109.13,256.52,0.425,-147.39,3,4,1
12.88,34.68,0.371,-21.8,7,2,1
145.79,330.7,0.441,-184.92,1,9,1
126.54,354.96,0.356,-228.42,2,7,1
39.73,47.6,0.835,-7.87,5,1,0
35.46,58.81,0.603,-23.35,5,9,1
35.68,12.06,2.958,23.62,32,6,0
52.59,16.77,3.137,35.83,18,2,0
83.47,79.15,1.054,4.31,50,1,0
70.47,40.32,1.748,30.15,12,6,0
50.77,50.9,0.997,-0.13,3,7,1
95.66,74.42,1.285,21.23,5,10,1
29.53,11.13,2.652,18.4,5,6,0
50.9,140.24,0.363,-89.34,5,7,1
61.29,19.75,3.104,41.54,15,6,0
73.85,168.93,0.437,-95.08,10,8,1
119.92,85.24,1.407,34.68,6,2,0
37.95,104.87,0.362,-66.91,2,9,1
81.99,222.25,0.369,-140.25,1,9,1
92.94,191.97,0.484,-99.03,3,9,1
16.5,34.9,0.473,-18.4,1,7,1
95.06,29.89,3.181,65.17,21,9,0
33.87,100.24,0.338,-66.36,1,1,1
19.11,51.02,0.375,-31.91,18,3,1
142.84,388.08,0.368,-245.23,6,2,1
145.19,301.99,0.481,-156.8,1,1,1
123.18,151.62,0.812,-28.44,23,5,1
52.65,142.82,0.369,-90.17,12,1,1
23.67,25.74,0.92,-2.06,3,3,1
105.79,192.47,0.55,-86.68,31,6,1
71.62,40.77,1.757,30.85,1,6,0
27.09,75.55,0.359,-48.46,3,3,1
79.32,53.95,1.47,25.38,19,4,0
14.81,13.44,1.102,1.37,17,7,0
137.3,248.1,0.553,-110.8,4,6,1
46.23,109.24,0.423,-63.01,1,2,1
102.75,202.65,0.507,-99.9,27,9,1
53.64,49.71,1.079,3.93,5,6,0
82.81,25.05,3.305,57.76,3,2,0
86.54,202.87,0.427,-116.34,10,7,1
35.88,106.21,0.338,-70.33,33,10,1
145.74,362.43,0.402,-216.68,1,10,1
118.52,182.82,0.648,-64.3,20,4,1
141.53,387.82,0.365,-246.29,11,1,1
135.28,190.28,0.711,-55.0,7,10,1
93.71,160.92,0.582,-67.22,19,9,1
139.06,220.87,0.63,-81.8,47,10,1
22.39,33.78,0.663,-11.39,3,8,1
37.44,89.59,0.418,-52.15,2,5,1
16.33,28.13,0.581,-11.8,34,3,1
55.55,64.16,0.866,-8.62,15,4,1
64.41,64.22,1.003,0.19,8,3,0
47.99,19.29,2.488,28.7,11,10,0
126.02,236.25,0.533,-110.22,19,8,1
59.95,55.2,1.086,4.74,20,5,1
49.33,34.53,1.429,14.8,35,8,0
85.98,177.57,0.484,-91.6,7,1,1
29.73,63.6,0.467,-33.87,4,9,1
122.31,285.08,0.429,-162.77,14,10,1
20.44,33.92,0.603,-13.48,7,3,1
148.16,402.11,0.368,-253.95,12,1,1
118.11,334.04,0.354,-215.93,7,3,1
37.82,93.79,0.403,-55.97,2,2,1
10.77,21.72,0.496,-10.95,8,7,1
124.16,139.07,0.893,-14.91,16,10,1
108.96,321.86,0.339,-212.9,22,4,1
112.06,116.56,0.961,-4.5,9,7,1
117.98,99.95,1.18,18.03,2,3,0
20.37,30.42,0.669,-10.06,7,6,1
60.19,27.29,2.205,32.89,21,7,0
26.22,77.14,0.34,-50.92,7,7,1
130.83,247.12,0.529,-116.28,16,5,1
97.26,175.44,0.554,-78.18,9,6,1
56.33,116.63,0.483,-60.31,3,3,1
18.9,31.03,0.609,-12.13,22,4,1
53.54,20.7,2.587,32.84,1,6,0
55.53,108.45,0.512,-52.93,10,3,1
112.14,250.49,0.448,-138.35,3,7,1
99.26,141.46,0.702,-42.21,1,3,1
134.21,314.68,0.426,-180.47,9,9,1
76.11,69.48,1.095,6.63,9,4,0
26.74,24.0,1.114,2.74,17,2,0
109.85,80.83,1.359,29.02,19,6,0
116.51,151.97,0.767,-35.46,18,9,1
88.58,229.15,0.387,-140.57,7,10,1
117.94,299.01,0.394,-181.07,13,10,1
79.13,105.53,0.75,-26.4,12,2,1
83.18,157.27,0.529,-74.08,7,4,1
69.86,156.91,0.445,-87.05,12,5,1
13.56,12.9,1.051,0.66,41,9,1
25.1,18.93,1.326,6.18,3,7,0
14.4,42.12,0.342,-27.72,33,5,1
99.1,194.96,0.508,-95.87,1,6,1
54.01,159.32,0.339,-105.31,5,9,1
81.2,98.41,0.825,-17.21,4,4,1
137.06,301.28,0.455,-164.22,13,2,1
44.9,40.46,1.11,4.44,1,5,1
67.45,67.81,0.995,-0.35,29,7,0
115.78,194.75,0.594,-78.98,24,4,1
42.03,48.88,0.86,-6.85,14,1,0
20.78,15.64,1.329,5.14,8,8,1
50.57,51.06,0.99,-0.49,37,5,1
32.57,12.92,2.522,19.66,24,10,0
140.16,308.62,0.454,-168.46,9,2,1
123.14,200.55,0.614,-77.42,16,3,1
98.68,54.71,1.804,43.96,11,10,0
132.0,100.8,1.31,31.21,12,10,1
122.51,70.67,1.734,51.84,5,5,0
36.12,70.58,0.512,-34.46,8,4,1
134.96,74.82,1.804,60.14,1,9,0
85.51,199.79,0.428,-114.29,6,9,1
123.04,43.73,2.814,79.32,16,8,0
135.45,131.84,1.027,3.61,42,2,0
54.52,147.47,0.37,-92.95,46,5,1
25.41,56.91,0.446,-31.51,11,8,1
41.91,20.83,2.012,21.08,13,8,0
69.8,175.68,0.397,-105.88,2,7,1
124.52,203.12,0.613,-78.6,16,4,1
130.5,337.52,0.387,-207.02,1,3,1
10.97,21.09,0.52,-10.12,4,8,1
81.5,174.5,0.467,-92.99,15,8,1
68.44,204.11,0.335,-135.67,5,10,1
41.1,38.11,1.078,2.99,1,5,1
26.78,53.15,0.504,-26.37,24,3,1
57.27,88.35,0.648,-31.09,5,5,1
142.01,57.73,2.46,84.28,1,4,0
55.25,18.73,2.949,36.52,1,8,0
82.63,51.39,1.608,31.24,4,2,0
108.42,222.54,0.487,-114.12,2,8,1
60.91,111.54,0.546,-50.64,20,10,1
146.05,262.05,0.557,-116.0,5,6,1
144.74,55.87,2.591,88.87,22,4,0
45.25,70.91,0.638,-25.66,2,3,1
79.61,222.64,0.358,-143.03,9,10,1
52.12,71.59,0.728,-19.47,16,5,1
49.88,99.12,0.503,-49.24,14,6,1
15.16,36.48,0.416,-21.31,12,1,1
95.34,230.4,0.414,-135.06,36,1,1
80.38,136.8,0.588,-56.43,3,10,1
17.21,45.02,0.382,-27.81,9,3,1
49.01,66.49,0.737,-17.48,30,2,0
137.16,370.25,0.37,-233.09,1,1,1
43.54,41.3,1.054,2.24,1,8,1
30.29,32.0,0.946,-1.71,3,1,0
78.52,34.82,2.255,43.7,14,10,0
147.99,362.29,0.408,-214.3,4,8,1
43.89,62.59,0.701,-18.7,2,5,1
104.1,95.63,1.089,8.47,8,4,1
116.63,107.98,1.08,8.65,13,8,1
43.27,118.29,0.366,-75.02,4,8,1
111.95,285.65,0.392,-173.7,5,8,1
61.49,110.35,0.557,-48.86,13,3,1
98.52,193.45,0.509,-94.93,40,8,1
98.69,156.0,0.633,-57.31,15,1,1
85.01,115.4,0.737,-30.39,21,4,1
22.64,62.75,0.361,-40.11,6,5,1
126.94,81.14,1.565,45.81,4,6,0
54.91,78.51,0.699,-23.6,8,5,1
36.11,44.43,0.813,-8.32,23,5,0
15.71,25.84,0.608,-10.13,8,5,1
92.73,142.39,0.651,-49.66,26,9,1
104.86,178.37,0.588,-73.51,62,10,1
12.32,8.35,1.475,3.97,1,10,0
81.69,137.69,0.593,-56.0,1,3,1
41.71,39.81,1.048,1.9,2,2,0
100.32,80.03,1.254,20.3,6,10,1
34.41,16.35,2.105,18.06,1,2,0
106.73,251.8,0.424,-145.07,28,8,1
64.14,93.27,0.688,-29.13,1,5,1
141.14,281.15,0.502,-140.0,5,5,1
29.25,66.24,0.442,-36.99,2,6,1
57.75,123.25,0.469,-65.5,37,9,1
25.89,40.65,0.637,-14.76,15,7,1
139.46,187.89,0.742,-48.44,34,5,1
132.83,174.68,0.76,-41.85,50,5,1
46.11,93.52,0.493,-47.41,9,10,1
102.4,167.52,0.611,-65.12,3,9,1
124.41,322.56,0.386,-198.14,3,9,1
87.73,233.51,0.376,-145.78,3,2,1
84.15,64.0,1.315,20.15,17,7,0
43.86,29.29,1.497,14.57,1,10,1
23.03,46.12,0.499,-23.08,1,1,1
135.61,150.98,0.898,-15.37,13,4,1
136.06,47.64,2.856,88.42,14,2,0
98.63,266.25,0.37,-167.61,15,10,1
57.46,52.44,1.096,5.02,6,9,1
58.89,165.42,0.356,-106.53,22,6,1
111.63,249.73,0.447,-138.1,10,4,1
135.6,319.89,0.424,-184.3,1,3,1
134.19,113.25,1.185,20.94,22,4,0
119.18,111.12,1.073,8.07,42,2,0
99.88,170.54,0.586,-70.66,1,5,1
21.78,16.65,1.308,5.13,6,9,0
32.63,36.7,0.889,-4.07,9,6,0
135.8,158.6,0.856,-22.81,2,2,1
94.9,69.37,1.368,25.53,28,6,0
11.29,9.64,1.171,1.65,4,9,1
24.21,58.8,0.412,-34.59,21,4,1
102.89,77.31,1.331,25.58,15,1,0
10.71,4.04,2.654,6.67,12,2,0
32.51,65.0,0.5,-32.49,2,5,1
86.82,254.84,0.341,-168.02,3,10,1
106.87,127.63,0.837,-20.76,1,7,1
101.27,62.83,1.612,38.45,3,8,0
41.4,76.17,0.543,-34.78,5,3,1
109.71,301.38,0.364,-191.67,25,9,1
43.21,104.45,0.414,-61.23,6,2,0
55.56,110.04,0.505,-54.49,19,4,1
114.51,131.76,0.869,-17.25,8,4,0
100.95,177.98,0.567,-77.03,21,6,1
128.89,70.42,1.83,58.47,52,10,0
102.07,217.72,0.469,-115.66,3,6,1
89.56,202.21,0.443,-112.65,27,3,1
23.11,67.16,0.344,-44.05,13,9,1
61.48,61.67,0.997,-0.19,23,5,0
47.13,16.49,2.859,30.64,14,2,0
44.16,78.3,0.564,-34.14,7,6,1
146.22,322.91,0.453,-176.68,3,3,1
65.03,158.3,0.411,-93.26,1,8,1
134.89,111.02,1.215,23.86,10,3,0
98.36,99.02,0.993,-0.66,64,5,0
121.27,204.22,0.594,-82.95,18,4,1
80.37,95.85,0.838,-15.48,5,4,1
90.77,238.12,0.381,-147.35,24,2,1
78.95,124.68,0.633,-45.73,20,8,1
37.33,91.8,0.407,-54.47,4,3,1
111.14,207.58,0.535,-96.44,1,4,1
49.31,117.72,0.419,-68.41,1,6,1
13.4,16.06,0.835,-2.66,29,9,1
100.37,255.41,0.393,-155.05,25,4,1
34.8,36.23,0.96,-1.44,4,3,0
141.66,251.38,0.564,-109.71,4,5,1
143.55,126.01,1.139,17.54,22,9,1
138.08,218.71,0.631,-80.63,38,1,0
61.82,71.66,0.863,-9.83,21,5,1
12.16,12.41,0.98,-0.24,13,4,0
139.96,407.42,0.344,-267.45,3,5,1
69.95,51.21,1.366,18.73,10,7,0
145.33,352.54,0.412,-207.21,3,7,1
144.91,428.52,0.338,-283.62,23,7,1
129.42,45.78,2.827,83.64,6,1,0
51.22,112.04,0.457,-60.82,25,9,1
63.91,62.82,1.017,1.1,6,7,1
129.16,52.87,2.443,76.29,24,4,0
54.37,75.45,0.721,-21.08,5,4,1
33.73,95.29,0.354,-61.56,8,2,1
87.95,29.18,3.014,58.77,13,6,0
141.06,266.22,0.53,-125.16,1,10,1
107.44,177.69,0.605,-70.24,41,3,1
89.81,238.72,0.376,-148.91,11,1,1
23.6,12.44,1.898,11.17,9,5,0
96.1,205.67,0.467,-109.57,25,6,1
148.61,317.47,0.468,-168.86,28,5,1
29.61,62.38,0.475,-32.77,10,5,1
82.57,234.84,0.352,-152.28,36,10,1
132.83,335.05,0.396,-202.22,1,8,1
113.71,47.0,2.419,66.71,1,10,0
107.58,169.11,0.636,-61.53,12,1,1
108.35,148.92,0.728,-40.57,6,8,1
60.33,68.62,0.879,-8.29,8,7,1
51.1,77.61,0.658,-26.5,5,1,1
123.31,164.91,0.748,-41.6,7,9,1
123.42,181.09,0.682,-57.67,24,4,1
131.39,386.81,0.34,-255.42,12,7,1
137.85,74.35,1.854,63.51,83,3,0
81.59,227.63,0.358,-146.04,21,8,1
80.21,128.07,0.626,-47.86,4,4,1
121.76,241.59,0.504,-119.83,4,2,0
100.99,256.68,0.393,-155.68,5,2,1
108.28,137.86,0.785,-29.59,25,8,1
121.41,177.52,0.684,-56.11,1,8,1
134.6,189.21,0.711,-54.61,3,1,0
57.32,75.19,0.762,-17.87,32,6,1
62.58,175.16,0.357,-112.58,14,9,1
23.16,58.78,0.394,-35.62,3,9,1
90.96,54.06,1.683,36.9,3,2,0
15.03,8.9,1.689,6.13,27,8,0
75.18,109.41,0.687,-34.23,31,8,1
85.97,48.69,1.766,37.28,4,4,0
50.12,98.81,0.507,-48.69,7,4,1
92.72,63.79,1.454,28.93,25,5,0
14.27,24.41,0.585,-10.14,20,10,1
15.23,4.87,3.13,10.36,23,7,0
125.16,144.54,0.866,-19.38,10,1,0
60.43,128.61,0.47,-68.19,33,9,1
27.79,44.65,0.622,-16.86,5,3,1
83.11,244.47,0.34,-161.35,2,4,1
117.8,313.36,0.376,-195.56,17,7,1
40.21,51.05,0.788,-10.84,10,5,1
97.2,41.1,2.365,56.11,26,5,0
21.95,56.7,0.387,-34.75,1,1,1
17.24,47.58,0.362,-30.34,25,2,1
84.39,212.3,0.398,-127.91,4,5,1
85.69,55.31,1.549,30.38,14,2,0
99.24,297.16,0.334,-197.92,1,1,1
111.65,111.45,1.002,0.2,13,10,1
146.62,330.68,0.443,-184.06,17,3,1
82.28,226.42,0.363,-144.13,6,1,1
55.21,51.7,1.068,3.51,3,10,1
121.33,333.93,0.363,-212.6,10,8,1
47.92,54.41,0.881,-6.5,25,8,1
71.46,209.82,0.341,-138.36,5,8,1
20.98,22.23,0.944,-1.25,4,7,1
13.55,38.94,0.348,-25.39,4,7,1
144.77,64.36,2.249,80.41,41,2,0
127.04,281.39,0.451,-154.35,6,9,1
107.44,186.58,0.576,-79.15,1,7,1
67.25,106.95,0.629,-39.7,21,5,1
34.26,30.95,1.107,3.31,16,4,1
31.9,70.35,0.453,-38.44,1,8,1
45.03,36.71,1.227,8.32,58,5,0
86.89,155.77,0.558,-68.88,13,6,1
110.04,108.26,1.017,1.79,9,4,1
102.43,295.01,0.347,-192.58,6,2,1
49.19,18.56,2.65,30.63,32,7,0
143.68,120.59,1.192,23.09,3,2,0
113.31,108.12,1.048,5.19,4,7,0
87.61,124.23,0.705,-36.62,1,7,1
95.64,88.79,1.077,6.85,19,1,0
68.74,111.82,0.615,-43.08,12,10,1
44.68,118.66,0.377,-73.98,13,10,1
59.84,132.99,0.45,-73.15,3,3,1
116.1,216.63,0.536,-100.53,14,3,1
12.02,6.49,1.851,5.52,20,6,0
26.25,57.06,0.46,-30.81,6,3,1
16.44,12.32,1.335,4.12,22,9,0
15.7,38.05,0.413,-22.35,6,5,1
129.76,126.54,1.025,3.22,19,6,0
108.51,154.74,0.701,-46.23,1,6,1
76.38,95.2,0.802,-18.81,11,8,1
23.7,62.06,0.382,-38.36,48,10,1
78.83,50.58,1.558,28.25,55,3,0
76.29,139.39,0.547,-63.11,4,9,1
34.25,23.41,1.463,10.84,8,7,0
70.74,155.83,0.454,-85.1,1,6,1
65.79,180.51,0.364,-114.72,28,1,1
96.22,141.77,0.679,-45.55,11,4,1
98.91,160.03,0.618,-61.11,6,5,1
16.34,45.83,0.357,-29.48,1,2,1
62.45,106.57,0.586,-44.13,41,1,0
97.62,157.8,0.619,-60.18,10,2,1
80.44,149.74,0.537,-69.3,4,8,1
129.91,280.72,0.463,-150.81,6,10,1
102.22,60.16,1.699,42.05,4,6,0
32.81,82.58,0.397,-49.77,12,10,1
19.88,29.34,0.678,-9.46,37,2,0
99.94,49.5,2.019,50.43,27,9,0
13.71,33.22,0.413,-19.51,8,8,1
92.01,121.25,0.759,-29.24,24,4,1
141.63,80.87,1.751,60.76,7,10,0
90.57,182.15,0.497,-91.58,4,7,1
64.34,172.21,0.374,-107.86,57,3,1
100.06,269.86,0.371,-169.8,5,6,1
74.16,213.99,0.347,-139.83,5,3,1
86.39,228.3,0.378,-141.92,64,10,1
141.81,43.36,3.27,98.44,2,3,0
64.05,84.98,0.754,-20.92,20,9,1
144.57,362.87,0.398,-218.31,38,6,1
136.75,176.25,0.776,-39.5,10,8,1
37.41,71.99,0.52,-34.57,1,4,1
19.71,38.18,0.516,-18.47,6,4,1
24.11,30.99,0.778,-6.88,1,8,1
12.55,34.42,0.365,-21.86,7,7,1
23.22,38.52,0.603,-15.3,21,5,1
105.62,164.23,0.643,-58.61,8,2,1
19.97,59.77,0.334,-39.8,7,6,1
54.66,89.22,0.613,-34.57,11,1,1
128.28,100.28,1.279,28.01,12,7,0
13.26,22.34,0.593,-9.09,27,9,1
124.03,309.8,0.4,-185.77,5,5,1
49.46,118.58,0.417,-69.12,24,5,1
26.54,64.48,0.412,-37.93,11,7,1
107.54,237.85,0.452,-130.31,5,5,1
98.05,96.72,1.014,1.33,4,10,1
132.85,349.07,0.381,-216.22,6,4,1
112.91,306.25,0.369,-193.34,13,1,1
122.49,100.96,1.213,21.53,3,6,0
49.48,32.28,1.533,17.21,35,9,0
34.84,102.23,0.341,-67.39,11,4,1
115.09,304.34,0.378,-189.26,35,10,1
122.96,333.43,0.369,-210.47,1,4,1
148.67,400.4,0.371,-251.73,5,5,1
67.77,119.44,0.567,-51.68,1,6,1
62.08,126.98,0.489,-64.89,4,3,1
118.7,210.39,0.564,-91.69,27,9,1
57.71,25.29,2.282,32.42,1,1,0
140.31,324.51,0.432,-184.2,8,6,1
130.18,216.67,0.601,-86.49,1,6,1
70.06,143.54,0.488,-73.48,7,8,1
115.12,190.77,0.603,-75.65,25,5,1
115.64,188.24,0.614,-72.61,13,9,1
24.44,18.67,1.309,5.77,18,9,1
136.36,143.52,0.95,-7.16,6,2,1
80.74,58.85,1.372,21.89,40,5,1
125.7,104.12,1.207,21.58,17,7,1
54.81,160.42,0.342,-105.62,7,2,1
135.37,96.58,1.402,38.8,7,7,0
64.49,66.23,0.974,-1.74,35,9,0
11.52,21.82,0.528,-10.3,12,8,1
136.75,266.32,0.513,-129.57,17,10,1
22.78,16.3,1.397,6.48,7,9,0
54.7,133.64,0.409,-78.94,3,4,1
143.01,346.09,0.413,-203.08,18,8,1
143.09,134.61,1.063,8.48,13,9,1
90.28,97.45,0.926,-7.17,9,10,1
98.46,278.89,0.353,-180.43,13,2,1
72.78,184.09,0.395,-111.31,3,10,1
51.05,111.49,0.458,-60.45,22,3,1
56.01,29.24,1.916,26.77,41,1,0
104.15,148.87,0.7,-44.71,31,1,0
115.33,208.76,0.552,-93.43,5,10,1
120.82,97.38,1.241,23.44,7,6,0
120.55,182.05,0.662,-61.5,23,1,1
22.77,43.78,0.52,-21.01,12,5,1
79.22,93.79,0.845,-14.57,11,6,1
18.06,43.49,0.415,-25.44,36,9,1
86.93,223.35,0.389,-136.42,10,6,1
71.81,84.29,0.852,-12.48,10,4,0
134.28,344.34,0.39,-210.06,1,1,1
59.13,34.27,1.725,24.85,1,6,0
26.39,67.61,0.39,-41.22,1,7,1
30.02,21.39,1.404,8.63,34,5,0
116.61,61.09,1.909,55.52,7,6,0
96.55,196.27,0.492,-99.72,8,10,1
24.16,38.03,0.635,-13.87,26,8,1
21.77,59.91,0.363,-38.13,13,1,1
108.14,138.48,0.781,-30.34,13,8,1
20.19,21.71,0.93,-1.52,4,2,1
125.06,206.6,0.605,-81.54,25,2,1
108.87,166.69,0.653,-57.82,2,8,1
21.39,26.31,0.813,-4.92,1,2,1
21.88,47.54,0.46,-25.66,2,8,1
148.13,348.23,0.425,-200.1,4,5,1
62.4,162.43,0.384,-100.03,4,9,1
61.89,181.13,0.342,-119.24,15,9,1
123.79,126.26,0.98,-2.47,3,8,1
142.61,318.52,0.448,-175.91,15,9,1
148.04,202.0,0.733,-53.96,1,7,1
115.47,245.74,0.47,-130.27,2,8,1
62.68,99.35,0.631,-36.68,9,6,1
21.69,64.71,0.335,-43.02,35,9,1
118.8,269.44,0.441,-150.64,27,2,1
88.18,253.22,0.348,-165.04,48,3,1
69.39,177.25,0.391,-107.86,14,2,1
136.89,374.78,0.365,-237.89,15,6,1
25.57,63.89,0.4,-38.32,13,3,1
78.97,121.59,0.649,-42.62,13,1,1
11.59,11.36,1.021,0.23,2,4,0
75.61,98.29,0.769,-22.67,10,5,0
17.88,6.34,2.82,11.54,6,4,0
26.63,45.67,0.583,-19.04,8,6,1
26.45,44.01,0.601,-17.56,10,3,1
100.89,173.35,0.582,-72.46,1,10,1
114.45,335.31,0.341,-220.87,6,6,1
91.67,253.1,0.362,-161.43,1,10,1
144.7,106.59,1.358,38.11,54,1,0
62.48,80.98,0.772,-18.49,1,6,1
50.0,72.23,0.692,-22.23,4,8,1
131.6,167.59,0.785,-35.99,31,10,1
41.3,101.44,0.407,-60.14,9,8,1
144.85,248.41,0.583,-103.55,2,1,1
11.7,21.59,0.542,-9.88,6,7,1
145.78,379.49,0.384,-233.71,1,10,1
16.04,39.72,0.404,-23.68,3,10,1
134.76,88.53,1.522,46.23,1,4,0
83.88,186.84,0.449,-102.97,8,6,1
149.02,219.9,0.678,-70.88,23,6,1
20.33,22.27,0.913,-1.94,12,5,0
87.54,38.08,2.299,49.46,13,10,0
145.7,235.39,0.619,-89.69,3,9,1
83.23,104.85,0.794,-21.61,5,10,1
98.12,96.06,1.021,2.05,26,8,1
107.4,233.67,0.46,-126.27,1,6,1
73.64,175.08,0.421,-101.44,27,4,1
97.86,94.03,1.041,3.82,9,4,0
91.8,39.8,2.307,52.01,25,9,0
136.16,352.88,0.386,-216.72,5,4,1
16.36,5.35,3.059,11.01,5,7,0
49.33,139.63,0.353,-90.29,19,6,1
143.06,285.34,0.501,-142.28,21,2,1
134.64,157.39,0.855,-22.75,3,5,0
73.79,71.25,1.036,2.55,50,3,0
96.82,31.4,3.083,65.42,1,9,0
48.83,45.7,1.069,3.14,1,10,1
36.34,24.41,1.488,11.92,12,1,0
74.92,146.3,0.512,-71.39,17,10,1
59.47,44.58,1.334,14.89,45,4,0
91.71,158.41,0.579,-66.7,7,4,1
20.88,39.54,0.528,-18.65,1,9,1
146.42,161.75,0.905,-15.33,12,1,0
148.07,58.44,2.534,89.63,4,2,0
107.74,43.16,2.496,64.58,7,1,0
85.05,31.57,2.694,53.49,9,1,0
53.33,122.44,0.436,-69.1,1,1,1
123.93,143.59,0.863,-19.66,9,3,1
105.86,259.36,0.408,-153.5,7,4,1
32.77,48.02,0.682,-15.26,17,10,1
137.53,209.47,0.657,-71.94,14,2,1
125.16,210.86,0.594,-85.7,2,1,1
142.97,318.14,0.449,-175.17,3,5,1
111.6,115.89,0.963,-4.29,4,6,1
95.88,60.24,1.592,35.64,2,2,0
68.55,123.49,0.555,-54.94,14,3,1
140.58,166.29,0.845,-25.7,72,10,1
131.25,196.18,0.669,-64.93,14,3,1
16.33,33.42,0.489,-17.09,13,2,1
13.69,22.37,0.612,-8.68,7,4,0
62.7,123.83,0.506,-61.12,5,5,1
123.48,218.47,0.565,-95.0,33,8,1
148.22,340.52,0.435,-192.31,48,6,1
31.06,68.52,0.453,-37.46,9,9,1
93.18,162.35,0.574,-69.17,4,3,1
63.32,135.07,0.469,-71.75,20,10,1
145.79,387.59,0.376,-241.81,1,9,1
127.9,187.64,0.682,-59.74,20,4,1
127.37,180.15,0.707,-52.79,23,8,1
75.62,178.72,0.423,-103.1,1,10,1
68.07,127.5,0.534,-59.42,52,7,1
48.28,23.74,2.034,24.54,59,7,0
17.89,48.47,0.369,-30.57,38,9,1
131.06,50.21,2.61,80.85,9,10,0
123.81,287.31,0.431,-163.51,3,2,1
149.96,352.22,0.426,-202.26,12,5,1
149.53,429.66,0.348,-280.13,7,3,1
87.76,39.16,2.241,48.6,3,7,0
117.66,224.91,0.523,-107.25,7,3,1
142.27,207.02,0.687,-64.76,15,5,1
128.95,153.8,0.838,-24.85,1,5,1
44.63,24.27,1.839,20.36,5,2,0
73.08,132.94,0.55,-59.86,1,1,0
28.08,44.75,0.628,-16.66,19,6,1
143.57,83.6,1.717,59.97,14,1,0
94.86,185.34,0.512,-90.47,1,9,1
42.01,96.31,0.436,-54.3,46,10,1
104.04,246.74,0.422,-142.7,1,5,1
96.54,264.95,0.364,-168.41,12,1,1
60.14,84.53,0.711,-24.39,20,8,1
25.9,74.41,0.348,-48.51,21,1,1
104.02,274.27,0.379,-170.25,1,4,1
82.84,91.17,0.909,-8.33,33,7,1
118.12,86.24,1.37,31.89,35,4,0
82.82,122.21,0.678,-39.39,11,5,1
129.31,179.1,0.722,-49.8,9,7,1
87.27,161.83,0.539,-74.56,1,4,1
88.53,166.01,0.533,-77.48,11,5,1
132.73,308.6,0.43,-175.86,7,7,1
66.49,111.48,0.596,-44.99,20,1,0
28.76,16.77,1.715,11.99,7,3,0
14.03,36.72,0.382,-22.69,16,1,1
115.72,131.5,0.88,-15.78,1,3,0
96.84,283.02,0.342,-186.18,1,2,1
108.57,67.12,1.618,41.45,2,5,0
39.81,114.96,0.346,-75.14,1,10,1
29.09,15.88,1.832,13.22,10,5,0
12.04,11.12,1.082,0.92,22,10,1
59.08,25.16,2.349,33.93,13,9,0
92.59,204.05,0.454,-111.46,11,8,1
64.91,168.5,0.385,-103.59,15,3,1
71.25,104.87,0.679,-33.63,5,1,1
136.58,383.39,0.356,-246.81,6,5,1
58.76,111.27,0.528,-52.52,5,3,1
81.96,164.0,0.5,-82.04,17,5,1
119.71,309.17,0.387,-189.46,2,9,1
65.52,72.16,0.908,-6.64,1,1,0
97.09,122.0,0.796,-24.91,12,1,0
130.73,359.0,0.364,-228.27,39,9,1
142.93,390.58,0.366,-247.65,13,3,1
30.59,89.83,0.341,-59.24,21,10,1
139.72,382.14,0.366,-242.41,15,5,0
78.9,50.8,1.553,28.09,9,9,0
46.15,116.5,0.396,-70.34,17,5,1
74.28,104.48,0.711,-30.2,24,3,1
147.2,437.96,0.336,-290.75,3,9,1
78.97,124.38,0.635,-45.42,5,7,1
56.03,100.59,0.557,-44.56,3,7,1
98.68,170.75,0.578,-72.07,8,8,1
43.62,50.98,0.856,-7.36,30,5,1
20.62,10.36,1.99,10.26,5,2,0
28.04,76.23,0.368,-48.19,6,9,1
27.93,68.9,0.405,-40.97,27,3,1
31.27,21.16,1.478,10.11,10,2,0
29.44,70.57,0.417,-41.13,10,10,1
99.72,198.43,0.503,-98.7,27,10,1
35.46,49.81,0.712,-14.35,9,5,1
58.39,57.57,1.014,0.83,16,8,1
135.55,355.31,0.381,-219.76,1,3,1
76.35,167.26,0.457,-90.9,2,6,1
103.46,184.04,0.562,-80.58,7,9,1
34.12,66.4,0.514,-32.28,9,2,1
36.92,20.15,1.832,16.77,47,8,0
15.72,24.83,0.633,-9.11,49,10,1
33.65,27.69,1.215,5.96,26,7,0
49.0,42.27,1.159,6.73,5,3,0
34.78,72.54,0.479,-37.76,46,1,1
22.42,61.88,0.362,-39.47,16,6,1
26.89,37.38,0.719,-10.49,6,2,0
74.51,64.15,1.162,10.36,16,3,0
38.89,79.78,0.487,-40.89,1,5,1
61.0,161.78,0.377,-100.78,2,8,1
80.48,186.75,0.431,-106.27,24,2,1
106.66,282.17,0.378,-175.52,14,6,1
15.5,27.11,0.572,-11.61,6,1,1
121.92,284.08,0.429,-162.16,9,7,1
97.91,66.4,1.475,31.51,32,4,0
21.45,26.6,0.806,-5.15,13,1,0
132.3,178.84,0.74,-46.54,7,9,1
138.92,233.46,0.595,-94.54,1,9,1
18.55,52.1,0.356,-33.55,4,3,1
48.76,129.74,0.376,-80.98,53,6,1
122.87,81.49,1.508,41.38,8,7,0
114.76,87.96,1.305,26.79,8,4,0
35.83,45.35,0.79,-9.52,9,6,1
39.31,42.65,0.922,-3.34,30,9,1
61.87,121.25,0.51,-59.38,12,10,1
77.83,213.07,0.365,-135.23,16,6,1
96.56,279.84,0.345,-183.28,6,7,1
61.65,127.29,0.484,-65.64,1,6,1
74.75,191.6,0.39,-116.84,37,7,1
114.65,196.97,0.582,-82.32,41,1,1
15.14,13.05,1.159,2.08,41,6,0
45.34,77.84,0.583,-32.49,40,9,1
109.87,197.62,0.556,-87.75,23,3,1
135.33,311.88,0.434,-176.55,16,6,1
81.63,72.96,1.119,8.68,26,4,1
84.5,109.37,0.773,-24.88,12,7,1
25.0,32.08,0.779,-7.07,2,7,1
72.64,209.96,0.346,-137.32,6,9,1
84.57,126.74,0.667,-42.17,49,4,1
43.95,102.78,0.428,-58.83,6,8,1
47.69,110.99,0.43,-63.3,28,8,1
62.82,63.89,0.983,-1.07,1,8,1
12.81,23.62,0.542,-10.81,5,8,1
55.09,149.55,0.368,-94.46,6,6,1
39.6,62.69,0.632,-23.09,1,8,1
55.85,159.27,0.351,-103.42,1,6,1
26.77,23.53,1.138,3.24,3,10,1
134.67,67.37,1.999,67.31,25,2,0
93.1,252.02,0.369,-158.92,1,3,1
105.07,272.01,0.386,-166.94,4,6,1
120.48,359.04,0.336,-238.56,1,7,1
79.78,170.28,0.469,-90.5,16,4,1
22.17,62.72,0.353,-40.55,13,1,1
85.19,215.78,0.395,-130.58,14,4,1
92.16,237.76,0.388,-145.6,6,6,1
114.36,210.05,0.544,-95.68,3,8,1
70.43,93.84,0.751,-23.41,17,4,1
27.86,78.66,0.354,-50.8,23,10,1
49.73,72.94,0.682,-23.21,2,1,1
60.83,106.75,0.57,-45.92,9,5,1
100.43,151.1,0.665,-50.67,4,7,1
89.91,164.08,0.548,-74.18,2,6,1
59.85,93.99,0.637,-34.14,18,3,1
148.11,63.62,2.328,84.5,10,7,0
94.81,254.23,0.373,-159.42,3,4,1
43.21,64.81,0.667,-21.6,5,5,1
24.25,45.84,0.529,-21.59,47,7,1
31.4,21.22,1.48,10.18,26,2,0
44.43,13.74,3.235,30.7,29,4,0
32.5,31.27,1.039,1.23,8,4,0
36.12,79.55,0.454,-43.43,13,6,1
49.91,28.34,1.761,21.57,6,7,0
34.27,94.39,0.363,-60.11,1,4,1
135.55,119.36,1.136,16.19,7,10,1
21.23,18.1,1.173,3.13,12,1,0
83.43,65.92,1.266,17.51,4,1,0
67.46,22.78,2.961,44.67,26,5,0
147.53,351.7,0.419,-204.17,2,1,1
25.69,68.39,0.376,-42.7,6,3,1
65.7,128.66,0.511,-62.96,1,9,1
145.73,117.77,1.237,27.96,7,3,0
131.17,140.39,0.934,-9.21,1,3,0
124.39,197.16,0.631,-72.77,4,9,1
46.11,132.64,0.348,-86.53,7,5,1
33.92,32.83,1.033,1.09,9,8,1
103.61,235.76,0.439,-132.15,10,10,1
140.11,208.28,0.673,-68.17,4,9,1
87.95,97.11,0.906,-9.16,10,6,1
90.03,137.83,0.653,-47.8,9,7,1
49.2,24.22,2.031,24.98,5,7,0
117.73,289.2,0.407,-171.47,24,7,1
36.19,34.63,1.045,1.56,11,4,0
55.32,124.94,0.443,-69.62,5,2,1
69.56,33.71,2.064,35.86,41,2,0
81.07,233.37,0.347,-152.3,26,7,1
43.94,36.08,1.218,7.86,56,10,0
26.08,69.98,0.373,-43.9,16,7,1
95.49,237.34,0.402,-141.85,6,10,1
50.41,146.85,0.343,-96.44,4,7,1
91.37,145.31,0.629,-53.94,15,8,1
31.61,71.57,0.442,-39.96,55,3,1
77.36,100.64,0.769,-23.28,13,5,1
84.56,67.46,1.253,17.1,29,6,0
17.26,25.82,0.668,-8.56,5,8,1
57.12,42.7,1.338,14.42,7,8,0
28.82,85.06,0.339,-56.24,33,10,1
18.87,10.57,1.786,8.31,19,3,0
148.59,280.97,0.529,-132.38,55,4,1
55.13,109.79,0.502,-54.66,20,6,1
123.38,216.27,0.571,-92.88,8,4,1
45.65,95.31,0.479,-49.66,10,10,1
105.41,64.69,1.629,40.72,32,4,0
116.43,209.41,0.556,-92.98,11,5,1
93.39,100.44,0.93,-7.05,4,10,1
76.02,215.78,0.352,-139.76,8,7,1
67.66,159.51,0.424,-91.85,10,2,1
58.84,172.16,0.342,-113.32,1,2,1
140.13,56.25,2.491,83.88,19,10,0
126.29,135.11,0.935,-8.82,1,9,1
145.1,120.09,1.208,25.01,7,4,0
27.4,9.05,3.029,18.36,22,5,0
112.32,107.19,1.048,5.14,8,3,0
141.37,301.49,0.469,-160.13,25,2,1
35.37,32.68,1.082,2.69,5,10,1
19.31,32.33,0.597,-13.02,44,8,1
113.76,306.81,0.371,-193.06,3,4,1
90.43,196.51,0.46,-106.08,1,1,1
127.86,174.59,0.732,-46.73,28,6,1
29.57,38.61,0.766,-9.04,19,6,1
121.34,185.71,0.653,-64.37,3,2,1
38.23,29.74,1.285,8.49,58,2,0
32.91,66.21,0.497,-33.3,9,8,1
33.0,42.34,0.779,-9.35,42,7,1
124.04,322.68,0.384,-198.64,9,2,1
103.13,241.6,0.427,-138.47,8,10,1
83.23,162.16,0.513,-78.93,8,1,1
60.24,77.3,0.779,-17.07,5,8,1
132.81,115.12,1.154,17.69,10,10,1
64.94,155.58,0.417,-90.63,8,2,1
124.32,200.57,0.62,-76.25,1,5,1
71.48,64.82,1.103,6.66,4,6,0
62.77,51.91,1.209,10.86,3,10,1
74.78,55.83,1.339,18.95,28,1,0
52.19,125.18,0.417,-72.98,12,2,1
114.67,105.29,1.089,9.37,20,10,1
80.38,138.41,0.581,-58.03,43,4,1
42.51,64.58,0.658,-22.07,14,2,1
135.94,253.52,0.536,-117.58,56,6,1
63.74,170.09,0.375,-106.35,5,4,1
86.1,227.55,0.378,-141.45,2,3,1
136.91,207.81,0.659,-70.9,7,6,1
97.39,33.26,2.928,64.13,8,9,0
26.37,38.27,0.689,-11.9,31,8,1
141.58,274.19,0.516,-132.62,11,2,0
97.88,176.77,0.554,-78.89,4,3,1
56.89,117.11,0.486,-60.22,19,2,1
29.5,21.12,1.397,8.38,9,10,0
121.16,247.86,0.489,-126.69,2,7,1
96.81,76.79,1.261,20.02,12,9,1
84.68,197.01,0.43,-112.33,33,1,1
135.14,164.27,0.823,-29.13,25,3,1
120.4,266.9,0.451,-146.5,12,6,1
31.23,13.41,2.33,17.83,6,4,0
53.64,75.16,0.714,-21.52,1,10,1
44.79,98.7,0.454,-53.91,8,10,1
114.15,104.17,1.096,9.98,19,1,0
14.69,35.96,0.409,-21.27,6,9,1
89.78,179.85,0.499,-90.06,3,7,1
116.74,220.23,0.53,-103.48,37,7,1
132.75,166.54,0.797,-33.8,24,1,0
57.89,92.78,0.624,-34.89,14,9,1
124.98,239.06,0.523,-114.08,2,8,1
25.49,40.16,0.635,-14.67,2,10,1
128.5,280.84,0.458,-152.33,1,5,1
27.85,40.96,0.68,-13.12,13,4,1
65.62,55.52,1.182,10.1,1,1,0
121.62,106.74,1.139,14.88,25,9,1
30.99,9.78,3.168,21.21,69,8,0
42.1,46.83,0.899,-4.74,6,2,0
111.12,258.02,0.431,-146.9,8,4,1
110.81,270.83,0.409,-160.03,17,4,1
99.76,84.46,1.181,15.3,38,7,0
107.15,309.61,0.346,-202.46,31,3,1
85.98,142.43,0.604,-56.45,1,8,1
45.25,125.61,0.36,-80.36,2,7,1
58.4,128.96,0.453,-70.56,19,10,1
35.42,79.72,0.444,-44.3,16,4,1
137.18,72.65,1.888,64.53,2,9,0
91.67,81.96,1.119,9.72,9,6,0
66.12,21.41,3.088,44.71,21,3,0
74.68,166.8,0.448,-92.12,3,7,1
142.62,175.42,0.813,-32.8,28,6,1
31.47,76.28,0.413,-44.81,1,8,1
92.07,111.88,0.823,-19.81,21,5,1
80.82,203.05,0.398,-122.22,13,6,1
95.6,62.42,1.532,33.19,5,1,0
12.54,9.63,1.302,2.91,17,8,0
132.1,161.21,0.819,-29.11,21,1,1
140.5,197.1,0.713,-56.61,38,3,1
89.12,110.64,0.805,-21.52,6,2,1
107.53,253.97,0.423,-146.44,16,6,1
139.15,78.17,1.78,60.98,12,8,0
109.01,136.08,0.801,-27.07,10,8,1
31.36,80.29,0.391,-48.93,30,7,1
90.68,43.56,2.082,47.12,1,7,0
94.94,270.04,0.352,-175.1,4,8,1
69.38,205.57,0.337,-136.19,10,5,1
113.1,60.98,1.855,52.12,2,3,0
140.81,152.98,0.92,-12.17,33,2,0
139.58,182.22,0.766,-42.64,14,3,1
73.12,175.21,0.417,-102.09,9,3,1
25.85,49.35,0.524,-23.5,23,7,1
147.88,301.64,0.49,-153.76,8,1,1
127.45,298.9,0.426,-171.45,11,7,1
27.45,16.98,1.617,10.47,1,6,0
138.92,354.19,0.392,-215.28,6,10,1
131.79,290.61,0.453,-158.82,2,2,1
82.64,153.61,0.538,-70.97,16,10,1
92.78,250.71,0.37,-157.94,9,1,1
65.86,144.29,0.456,-78.43,5,9,1
17.67,14.92,1.184,2.75,8,2,0
56.93,83.13,0.685,-26.2,3,4,1
122.4,199.99,0.612,-77.59,36,9,1
10.65,4.78,2.227,5.87,1,9,0
56.69,163.13,0.348,-106.44,28,1,1
65.74,42.55,1.545,23.2,10,2,0
85.24,186.08,0.458,-100.85,13,2,1
138.78,231.32,0.6,-92.54,5,2,1
58.49,21.59,2.709,36.89,47,8,0
58.57,163.82,0.358,-105.25,4,8,1
113.25,294.45,0.385,-181.2,12,10,1
73.31,125.76,0.583,-52.45,70,8,1
41.44,38.05,1.089,3.39,29,4,0
73.34,46.09,1.591,27.26,10,8,0
29.72,38.08,0.781,-8.36,65,7,1
34.69,34.34,1.01,0.36,16,8,1
79.77,133.06,0.599,-53.29,3,1,1
68.65,199.72,0.344,-131.07,7,3,1
138.08,255.77,0.54,-117.69,5,10,1
60.74,164.16,0.37,-103.42,5,6,1
91.28,187.8,0.486,-96.52,20,1,1
98.52,155.97,0.632,-57.45,12,4,1
11.83,30.85,0.384,-19.02,1,9,1
102.9,161.82,0.636,-58.93,29,7,1
34.93,92.39,0.378,-57.46,4,1,1
144.55,157.16,0.92,-12.61,81,6,0
30.81,19.96,1.544,10.85,43,6,0
68.05,177.56,0.383,-109.51,39,2,1
21.95,41.4,0.53,-19.45,23,6,1
149.56,403.9,0.37,-254.34,3,10,1
80.31,227.44,0.353,-147.13,10,2,1
93.35,41.52,2.248,51.83,3,8,0
19.39,32.05,0.605,-12.65,4,7,1
114.99,150.92,0.762,-35.92,13,6,1
39.39,78.37,0.503,-38.99,1,10,1
135.73,331.54,0.409,-195.81,48,6,1
38.72,40.95,0.946,-2.23,35,9,1
36.7,66.18,0.555,-29.48,6,9,1
15.12,33.46,0.452,-18.35,10,10,1
76.09,50.44,1.508,25.64,8,10,1
89.08,222.51,0.4,-133.44,29,2,1
19.2,37.18,0.516,-17.98,16,3,1
118.57,339.57,0.349,-220.99,4,10,1
73.46,89.38,0.822,-15.92,8,7,1
83.41,49.38,1.689,34.03,7,10,0
71.71,119.57,0.6,-47.87,44,9,1
66.11,35.15,1.881,30.96,2,6,0
88.35,257.78,0.343,-169.43,1,1,1
31.73,12.83,2.472,18.9,29,7,0
35.47,82.8,0.428,-47.33,31,1,1
130.65,224.43,0.582,-93.78,28,5,1
142.46,184.52,0.772,-42.06,10,9,1
62.26,29.75,2.093,32.52,15,10,0
47.9,94.84,0.505,-46.94,11,10,1
100.16,188.31,0.532,-88.15,1,9,1
67.22,71.15,0.945,-3.92,12,1,0
13.55,37.38,0.363,-23.82,1,6,1
31.86,35.72,0.892,-3.86,5,3,1
110.24,166.93,0.66,-56.69,37,9,1
102.25,180.79,0.566,-78.54,5,3,1
13.79,7.87,1.752,5.92,39,2,0
41.08,115.7,0.355,-74.63,4,8,1
42.35,55.53,0.763,-13.18,5,3,1
104.06,53.92,1.93,50.15,13,5,0
12.76,17.17,0.743,-4.41,20,6,1
24.58,47.2,0.521,-22.62,9,10,1
121.99,205.78,0.593,-83.79,29,10,1
35.0,76.13,0.46,-41.13,1,1,1
101.38,45.6,2.223,55.78,35,7,0
43.35,46.3,0.936,-2.96,3,7,1
23.92,60.09,0.398,-36.17,30,5,1
44.04,22.71,1.939,21.33,7,9,0
111.12,290.0,0.383,-178.88,25,2,1
129.8,71.14,1.824,58.65,15,5,0
126.23,322.27,0.392,-196.04,2,2,1
65.61,83.59,0.785,-17.98,35,2,0
103.53,202.19,0.512,-98.66,3,9,1
38.7,27.58,1.403,11.11,3,7,0
51.04,24.43,2.089,26.61,23,4,0
135.49,119.64,1.132,15.85,1,8,1
11.82,7.63,1.55,4.19,3,4,0
21.97,25.12,0.875,-3.15,9,1,0
39.1,66.04,0.592,-26.94,24,10,1
13.71,25.92,0.529,-12.2,2,3,1
35.4,86.12,0.411,-50.72,11,10,1
91.63,189.83,0.483,-98.21,17,1,1
69.0,134.11,0.514,-65.11,27,2,1
134.97,190.56,0.708,-55.58,38,2,1
124.44,196.53,0.633,-72.09,21,7,1
57.85,82.11,0.705,-24.25,14,4,1
46.32,119.22,0.389,-72.9,7,10,1
63.16,58.17,1.086,4.99,1,9,1
92.64,29.22,3.17,63.42,17,2,0
47.53,97.84,0.486,-50.31,68,9,1
97.38,82.45,1.181,14.93,18,6,0
67.32,181.98,0.37,-114.66,1,10,1
87.29,228.64,0.382,-141.35,9,8,1
71.06,36.04,1.972,35.02,13,7,0
51.23,30.08,1.703,21.14,16,8,0
142.78,233.73,0.611,-90.95,17,9,1
116.9,227.37,0.514,-110.46,11,8,1
29.62,30.87,0.959,-1.25,3,6,1
131.59,294.14,0.447,-162.55,39,8,1
78.24,149.15,0.525,-70.91,16,8,1
135.24,159.18,0.85,-23.94,3,2,1
121.98,44.95,2.714,77.03,5,2,0
69.53,161.69,0.43,-92.16,35,1,1
13.15,11.57,1.137,1.58,30,10,1
47.61,121.56,0.392,-73.95,7,2,1
85.83,123.15,0.697,-37.32,1,7,1
98.69,183.37,0.538,-84.68,1,3,1
46.1,122.5,0.376,-76.39,4,4,1
29.51,77.66,0.38,-48.15,13,4,1
126.89,165.35,0.767,-38.46,12,4,1
147.82,127.71,1.157,20.1,14,2,0
83.6,200.04,0.418,-116.44,17,6,1
34.04,50.01,0.681,-15.97,1,1,0
48.12,39.39,1.222,8.73,1,5,0
12.57,34.48,0.365,-21.9,6,2,1
138.0,115.22,1.198,22.79,2,9,1
26.49,9.79,2.705,16.69,1,2,0
90.71,32.18,2.819,58.53,14,6,0
48.37,95.78,0.505,-47.41,23,4,1
87.58,182.75,0.479,-95.16,19,6,1
101.2,115.35,0.877,-14.15,23,2,0
126.16,146.86,0.859,-20.69,15,2,0
38.9,47.33,0.822,-8.43,18,7,1
11.54,24.65,0.468,-13.11,4,3,1
29.16,13.33,2.188,15.84,69,3,0
136.0,381.98,0.356,-245.98,2,7,1
132.34,119.22,1.11,13.13,3,8,1
93.64,280.83,0.333,-187.19,4,7,1
94.07,71.79,1.31,22.28,51,3,0
103.11,245.72,0.42,-142.61,62,3,1
34.55,31.21,1.107,3.34,22,7,1
138.02,71.53,1.929,66.48,13,3,0
68.63,182.71,0.376,-114.08,10,2,1
63.64,166.65,0.382,-103.01,49,7,1
82.65,114.85,0.72,-32.2,16,3,0
16.58,36.41,0.455,-19.83,40,5,1
33.28,60.04,0.554,-26.76,5,7,1
113.32,294.98,0.384,-181.66,5,2,1
21.59,24.84,0.869,-3.25,27,8,1
94.44,161.86,0.583,-67.42,2,2,1
44.35,71.42,0.621,-27.08,40,4,1
64.5,80.98,0.796,-16.48,9,4,1
50.42,136.48,0.369,-86.06,36,8,1
59.79,44.72,1.337,15.08,5,1,0
110.67,77.87,1.421,32.79,17,9,0
51.6,95.85,0.538,-44.25,9,6,1
89.3,185.31,0.482,-96.01,13,4,1
76.65,63.27,1.211,13.38,9,6,0
102.91,139.44,0.738,-36.53,47,6,1
141.16,403.1,0.35,-261.95,16,9,1
112.56,108.72,1.035,3.84,4,4,0
40.09,84.38,0.475,-44.28,33,8,1
14.37,33.02,0.435,-18.65,4,1,1
46.72,70.54,0.662,-23.82,6,6,1
93.31,264.19,0.353,-170.88,1,5,1
17.2,39.37,0.437,-22.17,32,3,1
79.49,122.13,0.651,-42.64,4,4,1
93.56,171.89,0.544,-78.33,4,8,1
56.79,123.25,0.461,-66.45,35,10,1
117.93,223.93,0.527,-106.01,22,2,1
24.92,66.61,0.374,-41.68,2,8,1
20.52,25.93,0.791,-5.41,20,7,1
111.95,124.23,0.901,-12.28,34,1,0
79.37,69.64,1.14,9.73,1,2,0
106.38,42.76,2.487,63.61,24,7,0
70.88,29.49,2.403,41.38,11,3,0
44.5,117.88,0.377,-73.38,15,2,1
124.67,265.76,0.469,-141.09,9,1,1
121.92,254.01,0.48,-132.09,16,7,1
107.26,210.17,0.51,-102.92,1,3,1
48.1,124.72,0.386,-76.62,20,6,1
92.63,147.91,0.626,-55.28,1,10,1
60.54,160.43,0.377,-99.89,8,8,1
22.82,28.99,0.787,-6.17,2,6,1
138.42,387.88,0.357,-249.46,24,7,1
29.15,63.74,0.457,-34.59,5,6,1
143.03,142.23,1.006,0.8,8,7,1
72.44,132.06,0.549,-59.62,7,5,1
35.92,62.47,0.575,-26.55,20,9,1
85.87,57.73,1.487,28.14,9,3,0
132.21,250.72,0.527,-118.51,21,6,1
112.51,129.38,0.87,-16.87,1,9,1
122.92,54.25,2.266,68.67,2,1,0
102.23,292.52,0.349,-190.29,11,5,1
106.92,217.26,0.492,-110.34,41,4,1
128.89,343.83,0.375,-214.94,1,9,1
44.95,95.54,0.471,-50.59,1,1,1
78.52,99.24,0.791,-20.72,2,4,1
40.97,69.0,0.594,-28.03,14,1,1
148.27,315.01,0.471,-166.74,7,3,1
142.17,411.25,0.346,-269.08,24,4,1
15.52,15.29,1.015,0.23,1,1,0
108.78,289.62,0.376,-180.84,3,5,1
139.53,390.0,0.358,-250.47,4,6,1
35.28,74.45,0.474,-39.17,13,1,1
89.51,251.93,0.355,-162.41,16,10,1
138.17,189.88,0.728,-51.71,1,10,1
14.75,42.39,0.348,-27.63,40,4,1
107.64,236.54,0.455,-128.9,5,4,1
51.63,21.34,2.419,30.28,17,1,0
139.42,383.19,0.364,-243.78,10,2,1
145.95,234.7,0.622,-88.75,3,10,1
142.2,219.39,0.648,-77.2,26,5,1
76.39,139.75,0.547,-63.36,23,2,1
130.69,91.92,1.422,38.77,7,3,0
128.24,200.91,0.638,-72.68,12,9,1
54.67,139.09,0.393,-84.42,4,5,1
126.05,43.08,2.926,82.96,16,1,0
15.18,15.74,0.964,-0.56,5,5,1
93.48,28.66,3.261,64.81,26,3,0
42.2,60.03,0.703,-17.83,3,1,1
26.88,60.92,0.441,-34.04,1,3,1
20.77,51.03,0.407,-30.26,4,6,1
107.48,306.54,0.351,-199.06,2,10,1
57.58,111.88,0.515,-54.3,9,5,1
111.47,110.07,1.013,1.39,3,1,0
19.15,53.53,0.358,-34.38,20,2,1
54.14,129.58,0.418,-75.44,3,5,1
85.53,158.31,0.54,-72.78,17,9,1
120.7,262.91,0.459,-142.21,12,5,1
54.63,152.71,0.358,-98.09,60,5,1
97.62,217.07,0.45,-119.44,90,1,1
134.04,173.53,0.772,-39.49,28,5,1
96.22,214.11,0.449,-117.89,19,8,1
42.61,17.42,2.446,25.2,6,9,0
13.42,18.02,0.744,-4.61,19,10,1
131.81,184.15,0.716,-52.34,43,3,0
12.98,9.74,1.333,3.24,1,4,1
132.46,47.99,2.76,84.46,10,7,0
84.05,55.48,1.515,28.57,3,7,0
141.47,292.49,0.484,-151.02,11,1,1
121.83,300.45,0.405,-178.62,8,6,1
149.71,444.36,0.337,-294.65,12,9,1
59.1,73.0,0.81,-13.9,11,5,0
117.41,225.22,0.521,-107.82,45,8,1
66.27,187.56,0.353,-121.29,11,10,1
77.18,57.97,1.332,19.22,26,9,1
97.85,218.96,0.447,-121.1,5,10,1
132.31,309.41,0.428,-177.1,8,10,1
147.77,79.83,1.851,67.94,8,3,0
117.56,308.63,0.381,-191.08,4,1,1
68.49,170.9,0.401,-102.41,6,2,1
68.99,26.92,2.563,42.07,12,5,0
113.26,61.83,1.832,51.43,12,10,0
43.43,18.79,2.311,24.64,14,7,0
25.47,30.66,0.831,-5.19,6,6,1
59.65,99.91,0.597,-40.27,5,4,1
50.21,87.24,0.576,-37.02,13,9,1
51.48,52.65,0.978,-1.17,1,4,1
42.71,117.92,0.362,-75.22,4,3,1
15.89,20.57,0.773,-4.68,1,5,1
12.5,5.29,2.364,7.21,1,4,0
148.28,164.68,0.9,-16.4,3,2,0
69.89,121.19,0.577,-51.3,1,3,1
63.81,89.47,0.713,-25.66,3,7,1
105.15,109.29,0.962,-4.14,14,2,0
40.56,26.55,1.528,14.01,1,1,0
142.99,359.17,0.398,-216.17,8,2,1
120.09,359.02,0.334,-238.93,34,8,1
22.52,26.79,0.841,-4.27,21,8,1
68.46,91.08,0.752,-22.62,5,10,1
133.08,261.99,0.508,-128.91,36,2,1
142.26,318.64,0.446,-176.38,5,6,1
75.44,102.48,0.736,-27.04,1,7,1
95.88,263.02,0.365,-167.14,71,1,1
33.38,60.49,0.552,-27.11,28,7,1
148.76,225.53,0.66,-76.77,8,8,1
42.43,86.82,0.489,-44.39,15,9,1
141.98,407.85,0.348,-265.87,15,8,1
100.95,246.85,0.409,-145.9,3,3,1
95.08,38.8,2.451,56.29,3,8,0
81.78,97.91,0.835,-16.13,8,3,0
42.29,66.42,0.637,-24.13,33,6,1
34.71,39.89,0.87,-5.18,1,4,1
40.87,89.52,0.457,-48.65,21,7,1
36.1,91.37,0.395,-55.27,1,8,1
119.14,271.0,0.44,-151.86,9,10,0
59.02,175.35,0.337,-116.34,14,6,1
18.1,18.75,0.965,-0.65,16,10,1
145.67,387.85,0.376,-242.18,1,4,1
133.73,316.92,0.422,-183.19,7,8,1
139.89,178.76,0.783,-38.87,12,7,1
149.29,340.69,0.438,-191.41,1,10,1
34.35,19.95,1.721,14.39,2,8,0
65.47,159.18,0.411,-93.71,15,10,1
116.15,201.79,0.576,-85.64,10,7,1
107.44,117.03,0.918,-9.58,2,3,1
31.55,65.32,0.483,-33.77,10,3,1
124.22,252.45,0.492,-128.24,34,9,1
41.42,35.86,1.155,5.57,1,7,0
41.33,15.79,2.617,25.54,14,1,0
85.18,125.28,0.68,-40.1,1,3,1
93.01,170.93,0.544,-77.91,1,1,1
91.21,243.25,0.375,-152.04,2,6,1
22.81,64.0,0.356,-41.2,7,2,1
132.84,229.53,0.579,-96.68,22,7,1
47.18,110.19,0.428,-63.0,4,8,1
28.13,41.81,0.673,-13.68,13,6,1
134.42,311.12,0.432,-176.69,7,5,1
143.79,122.65,1.172,21.14,3,10,1
130.7,170.15,0.768,-39.45,10,4,1
123.33,248.2,0.497,-124.86,22,9,1
101.73,35.51,2.865,66.23,25,8,0
87.12,196.08,0.444,-108.96,26,5,1
22.18,56.69,0.391,-34.51,5,1,1
67.18,92.56,0.726,-25.37,22,8,1
62.18,93.85,0.662,-31.68,3,8,1
46.37,120.48,0.385,-74.11,18,7,1
111.28,266.43,0.418,-155.15,41,7,1
79.42,85.62,0.928,-6.2,1,8,1
21.35,25.08,0.851,-3.73,8,1,0
40.83,87.08,0.469,-46.25,14,3,1
105.66,192.36,0.549,-86.71,16,4,1
20.66,15.25,1.355,5.41,2,6,0
129.17,146.84,0.88,-17.67,50,10,1
79.32,216.54,0.366,-137.22,13,10,0
77.28,166.78,0.463,-89.5,2,9,1
92.94,275.29,0.338,-182.35,1,4,1
125.46,297.45,0.422,-171.99,21,6,1
58.69,166.88,0.352,-108.19,1,9,1
104.92,92.72,1.132,12.2,2,9,1
89.2,212.57,0.42,-123.37,11,6,1
47.38,16.8,2.82,30.58,12,5,0
133.01,280.79,0.474,-147.78,16,3,1
121.64,190.62,0.638,-68.98,7,5,1
102.18,126.32,0.809,-24.14,20,3,1
129.08,339.29,0.38,-210.21,51,5,1
131.42,342.55,0.384,-211.13,4,10,1
109.17,39.32,2.776,69.85,16,10,0
127.18,247.45,0.514,-120.27,36,1,1
107.65,139.2,0.773,-31.56,16,6,1
105.22,149.65,0.703,-44.43,16,7,1
96.61,246.01,0.393,-149.4,3,2,1
115.38,131.14,0.88,-15.76,10,3,1
32.2,91.66,0.351,-59.46,11,10,1
133.32,104.66,1.274,28.66,16,9,0
132.06,275.92,0.479,-143.86,80,8,1
14.09,29.81,0.473,-15.71,1,4,1
125.61,123.22,1.019,2.4,1,8,1
28.04,33.0,0.85,-4.96,1,8,1
56.92,145.36,0.392,-88.45,19,6,1
114.09,268.9,0.424,-154.81,2,1,1
32.51,38.64,0.841,-6.13,13,2,0
124.52,216.87,0.574,-92.35,5,4,1
126.5,59.02,2.143,67.48,8,4,0
81.05,69.99,1.158,11.05,3,2,0
10.89,17.56,0.62,-6.66,28,9,1
50.19,26.71,1.879,23.48,12,2,0
96.37,248.34,0.388,-151.97,40,6,1
147.37,329.9,0.447,-182.53,11,5,1
98.45,280.38,0.351,-181.92,1,4,1
46.37,100.74,0.46,-54.37,2,6,1
98.76,280.39,0.352,-181.63,63,4,1
85.6,153.84,0.556,-68.24,18,9,1
119.18,228.89,0.521,-109.71,1,10,1
24.98,73.38,0.34,-48.4,17,7,1
116.54,237.02,0.492,-120.48,7,3,1
85.78,32.86,2.61,52.91,5,10,0
144.82,326.46,0.444,-181.64,2,4,1
57.86,158.82,0.364,-100.96,25,1,1
98.57,241.3,0.408,-142.73,1,6,1
140.48,263.6,0.533,-123.11,4,2,1
24.35,51.44,0.473,-27.09,5,4,1
141.21,419.9,0.336,-278.68,2,5,1
106.3,57.91,1.836,48.39,9,8,0
19.5,40.97,0.476,-21.48,1,3,1
52.13,55.53,0.939,-3.4,5,6,1
109.14,221.37,0.493,-112.23,37,1,1
19.43,37.7,0.515,-18.27,5,9,1
91.5,65.36,1.4,26.14,6,1,0
58.42,50.14,1.165,8.28,8,2,0
96.93,191.76,0.505,-94.83,11,1,1
16.4,10.6,1.547,5.8,23,8,0
132.02,134.13,0.984,-2.11,2,4,0
146.29,373.79,0.391,-227.5,28,2,1
145.64,172.32,0.845,-26.67,19,7,1
114.95,185.96,0.618,-71.01,17,8,1
28.21,80.15,0.352,-51.94,1,9,1
116.16,106.09,1.095,10.07,1,5,0
13.44,18.17,0.74,-4.73,12,3,1
13.1,25.38,0.516,-12.28,27,1,1
55.31,129.38,0.427,-74.08,12,8,1
78.41,214.41,0.366,-136.0,3,6,1
117.86,326.67,0.361,-208.82,1,5,1
105.66,253.26,0.417,-147.6,16,7,1
72.43,66.38,1.091,6.05,17,5,0
48.31,17.73,2.725,30.58,2,4,0
149.6,199.89,0.748,-50.29,1,5,1
69.67,47.52,1.466,22.14,7,7,0
73.19,162.35,0.451,-89.15,12,6,1
32.91,68.61,0.48,-35.71,17,10,1
121.27,50.78,2.388,70.49,23,10,0
107.12,274.09,0.391,-166.97,13,9,1
40.91,39.75,1.029,1.16,1,10,1
21.53,31.59,0.682,-10.06,16,2,1
105.27,221.43,0.475,-116.16,58,7,1
101.63,148.32,0.685,-46.69,33,1,0
48.26,71.97,0.67,-23.72,28,8,1
143.12,68.3,2.096,74.82,5,4,0
31.15,43.11,0.723,-11.96,19,8,1
70.53,166.8,0.423,-96.28,26,8,1
142.11,393.77,0.361,-251.67,15,4,1
68.76,97.4,0.706,-28.64,4,4,1
99.39,143.49,0.693,-44.1,43,5,1
65.66,144.27,0.455,-78.6,8,7,1
48.39,137.69,0.351,-89.3,1,6,1
147.76,150.87,0.979,-3.11,1,1,0
67.31,100.18,0.672,-32.87,14,6,1
135.17,331.06,0.408,-195.88,8,3,1
42.19,82.12,0.514,-39.92,1,9,1
39.83,23.84,1.671,15.99,18,3,0
14.36,28.64,0.501,-14.29,22,9,1
101.23,81.41,1.243,19.82,18,5,0
61.59,103.33,0.596,-41.73,3,10,1
131.01,226.46,0.579,-95.45,16,8,1
76.25,203.26,0.375,-127.01,1,9,1
145.55,225.41,0.646,-79.87,5,9,1
35.97,37.93,0.948,-1.96,7,7,1
131.61,121.55,1.083,10.05,25,10,1
118.72,315.86,0.376,-197.14,6,1,1
117.93,89.83,1.313,28.1,1,8,1
128.27,185.97,0.69,-57.7,6,7,1
116.54,93.86,1.242,22.68,9,4,0
97.67,233.23,0.419,-135.56,41,6,1
28.37,44.85,0.633,-16.48,39,10,1
14.55,18.16,0.801,-3.61,2,2,1
138.92,177.12,0.784,-38.2,2,4,1
96.33,250.55,0.384,-154.22,2,8,1
121.52,218.14,0.557,-96.63,21,4,1
77.41,173.27,0.447,-95.86,1,10,1
26.42,71.92,0.367,-45.5,1,4,1
27.53,75.28,0.366,-47.75,10,4,1
105.98,125.79,0.842,-19.82,3,10,1
70.24,201.71,0.348,-131.47,1,9,1
38.07,13.98,2.724,24.09,6,2,0
78.82,103.85,0.759,-25.02,4,7,1
18.99,51.63,0.368,-32.64,10,3,1
91.48,95.27,0.96,-3.8,54,4,0
47.66,49.44,0.964,-1.78,1,1,0
121.66,135.9,0.895,-14.24,6,3,1
53.45,104.4,0.512,-50.95,37,2,1
73.73,109.38,0.674,-35.65,29,10,1
11.63,26.3,0.442,-14.68,7,7,1
20.14,54.71,0.368,-34.57,16,6,1
64.95,137.71,0.472,-72.76,1,1,1
77.19,65.77,1.174,11.42,17,8,1
94.0,264.92,0.355,-170.92,50,9,1
50.83,51.55,0.986,-0.72,10,1,1
107.3,75.61,1.419,31.68,9,5,0
130.42,70.8,1.842,59.61,2,7,0
119.18,217.04,0.549,-97.86,14,2,1
15.55,9.44,1.647,6.11,12,6,0
77.27,52.13,1.482,25.14,14,8,0
24.69,27.41,0.901,-2.72,1,8,1
43.89,46.54,0.943,-2.65,11,10,1
148.13,286.11,0.518,-137.98,12,10,1
29.95,75.03,0.399,-45.08,3,8,1
79.84,188.08,0.425,-108.24,3,6,1
96.54,97.38,0.991,-0.84,4,6,1
108.35,104.26,1.039,4.08,17,3,0
88.35,256.89,0.344,-168.54,13,2,1
11.37,3.66,3.103,7.7,26,5,0
55.7,149.02,0.374,-93.32,4,9,1
82.48,69.22,1.192,13.26,34,4,0
22.3,63.73,0.35,-41.43,19,5,1
59.09,72.34,0.817,-13.25,7,6,1
14.65,21.81,0.672,-7.16,1,6,1
21.0,46.4,0.453,-25.39,4,4,1
65.57,123.71,0.53,-58.14,43,4,1
28.58,33.11,0.863,-4.53,5,8,1
89.46,160.6,0.557,-71.15,5,5,1
106.53,242.12,0.44,-135.6,2,5,1
122.08,50.58,2.414,71.5,23,9,0
38.02,12.56,3.028,25.47,4,4,0
33.45,51.4,0.651,-17.95,5,7,1
24.64,16.16,1.524,8.48,7,5,0
99.1,207.49,0.478,-108.39,7,9,1
108.91,95.61,1.139,13.29,7,8,1
14.42,21.18,0.681,-6.76,9,8,1
141.07,117.61,1.199,23.46,23,10,1
17.28,30.77,0.562,-13.49,23,10,1
85.78,52.61,1.63,33.17,22,3,0
109.27,39.6,2.759,69.67,1,9,0
131.94,57.8,2.283,74.14,22,8,0
109.97,316.33,0.348,-206.36,1,3,1
122.24,83.63,1.462,38.61,1,10,0
57.52,127.29,0.452,-69.77,41,1,1
124.08,59.98,2.069,64.1,23,5,0
21.22,12.56,1.689,8.66,11,4,0
135.27,226.44,0.597,-91.17,29,8,1
86.66,134.77,0.643,-48.11,63,6,1
124.42,357.0,0.349,-232.58,13,10,1
73.32,209.05,0.351,-135.73,13,5,1
100.1,240.74,0.416,-140.64,19,9,1
83.7,161.17,0.519,-77.48,3,6,1
112.42,171.83,0.654,-59.4,2,3,1
21.43,27.04,0.793,-5.61,19,6,1
18.45,52.71,0.35,-34.26,5,4,1
44.59,85.97,0.519,-41.38,2,5,1
32.34,60.26,0.537,-27.92,5,6,1
132.05,122.3,1.08,9.75,6,9,1
40.69,17.34,2.347,23.35,47,3,0
146.62,418.16,0.351,-271.54,16,1,1
57.17,65.57,0.872,-8.41,10,2,0
35.5,53.07,0.669,-17.57,48,8,1
120.56,73.48,1.641,47.07,32,4,0
102.22,261.65,0.391,-159.43,10,7,1
79.75,29.87,2.669,49.87,33,2,0
87.75,223.92,0.392,-136.17,7,10,1
110.69,75.13,1.473,35.56,3,8,0
41.98,113.09,0.371,-71.11,3,10,1
149.49,339.39,0.44,-189.91,15,9,1
146.47,109.06,1.343,37.41,9,7,0
101.05,184.68,0.547,-83.64,15,10,1
37.94,43.41,0.874,-5.47,16,1,0
105.23,82.21,1.28,23.02,1,2,0
20.11,52.68,0.382,-32.57,1,9,1
14.29,19.86,0.72,-5.57,10,10,1
46.08,63.4,0.727,-17.33,2,7,1
74.77,56.73,1.318,18.04,14,3,0
131.56,175.54,0.749,-43.98,11,5,1
111.8,296.66,0.377,-184.85,12,1,1
113.98,145.94,0.781,-31.97,5,10,1
69.57,199.62,0.349,-130.05,14,3,1
58.43,166.82,0.35,-108.39,24,4,1
61.95,42.82,1.447,19.13,87,4,0
148.27,115.46,1.284,32.81,25,7,1
15.62,41.06,0.38,-25.44,11,5,1
131.38,178.74,0.735,-47.36,3,9,1
91.01,28.38,3.207,62.64,16,7,0
71.41,74.22,0.962,-2.82,38,2,1
111.54,213.44,0.523,-101.9,3,8,1
78.13,192.05,0.407,-113.92,4,2,1
132.28,87.32,1.515,44.96,2,7,0
136.1,81.45,1.671,54.65,18,5,0
69.04,192.6,0.358,-123.56,7,10,1
48.76,113.51,0.43,-64.75,1,6,1
92.93,175.86,0.528,-82.93,29,4,1
137.73,327.36,0.421,-189.63,11,5,1
39.49,57.58,0.686,-18.08,5,5,1
97.22,228.25,0.426,-131.03,5,7,1
98.42,128.32,0.767,-29.91,4,4,1
112.64,108.02,1.043,4.61,8,5,0
28.42,64.46,0.441,-36.05,5,4,1
110.22,157.95,0.698,-47.74,11,4,1
137.26,404.89,0.339,-267.63,20,8,1
35.16,43.72,0.804,-8.56,15,5,1
43.26,120.63,0.359,-77.37,4,9,1
146.0,411.56,0.355,-265.57,10,5,1
35.34,33.68,1.049,1.66,25,8,1
129.61,318.23,0.407,-188.61,1,3,1
78.92,115.96,0.681,-37.04,1,7,1
44.61,123.9,0.36,-79.29,11,1,1
131.9,199.88,0.66,-67.98,14,5,1
72.34,167.08,0.433,-94.74,3,2,1
82.07,128.1,0.641,-46.03,19,8,1
60.29,55.17,1.093,5.12,14,6,0
93.01,77.97,1.193,15.05,35,5,0
32.89,47.65,0.69,-14.76,2,3,1
64.75,151.51,0.427,-86.76,19,1,1
145.72,281.77,0.517,-136.06,1,10,1
46.14,99.63,0.463,-53.49,11,10,1
101.94,108.29,0.941,-6.35,11,10,1
55.53,88.84,0.625,-33.31,6,10,1
118.29,49.66,2.382,68.62,26,8,0
28.32,71.01,0.399,-42.69,1,5,1
145.77,433.35,0.336,-287.57,10,9,1
73.53,102.84,0.715,-29.31,3,7,1
43.05,14.19,3.034,28.86,19,1,0
20.29,15.39,1.318,4.9,1,1,0
33.77,69.62,0.485,-35.85,24,7,1
82.77,161.61,0.512,-78.85,25,7,1
57.18,138.79,0.412,-81.61,25,9,1
126.04,124.21,1.015,1.83,2,2,1
70.32,166.09,0.423,-95.77,13,7,1
44.82,96.7,0.463,-51.88,1,2,1
96.4,112.94,0.854,-16.54,26,10,1
108.95,193.15,0.564,-84.2,17,10,1
33.39,23.29,1.433,10.09,10,2,0
33.47,50.93,0.657,-17.47,18,5,1
15.13,40.55,0.373,-25.41,1,9,1
113.1,162.54,0.696,-49.45,10,9,1
102.93,264.21,0.39,-161.28,4,10,1
76.45,144.77,0.528,-68.32,50,1,0
128.18,104.86,1.222,23.32,27,7,0
122.79,229.5,0.535,-106.71,18,10,1
91.95,153.2,0.6,-61.25,37,10,1
131.56,181.07,0.727,-49.51,5,3,1
38.82,24.18,1.605,14.63,32,10,0
25.67,36.58,0.702,-10.91,5,10,1
47.76,23.71,2.014,24.05,18,1,0
17.99,10.2,1.765,7.8,18,2,0
84.36,120.05,0.703,-35.68,1,6,1
141.12,158.7,0.889,-17.57,6,10,1
15.51,43.41,0.357,-27.9,1,2,1
27.1,35.61,0.761,-8.52,81,2,0
73.31,172.0,0.426,-98.69,1,4,1
140.74,243.72,0.577,-102.98,10,3,1
54.26,119.43,0.454,-65.17,21,8,1
81.01,81.2,0.998,-0.19,3,8,1
15.82,44.98,0.352,-29.16,9,6,1
30.77,53.27,0.578,-22.5,13,4,1
148.13,376.92,0.393,-228.8,2,7,1
145.12,186.57,0.778,-41.45,21,9,1
10.69,6.1,1.753,4.59,4,2,0
143.25,303.56,0.472,-160.3,3,6,1
99.48,31.93,3.116,67.55,11,7,0
131.51,208.22,0.632,-76.71,7,1,1
73.66,60.45,1.219,13.22,35,6,0
82.18,163.87,0.502,-81.68,29,8,0
78.44,230.96,0.34,-152.52,9,7,1
103.36,160.61,0.644,-57.25,6,2,1
29.55,74.09,0.399,-44.54,5,2,1
14.2,23.72,0.598,-9.53,4,4,1
53.11,87.04,0.61,-33.93,11,5,1
108.66,305.55,0.356,-196.9,22,5,1
38.26,103.41,0.37,-65.15,5,2,1
104.28,252.53,0.413,-148.25,2,7,1
145.79,160.35,0.909,-14.56,9,8,1
23.15,41.0,0.564,-17.86,1,2,1
104.16,94.22,1.106,9.95,16,4,0
72.13,108.08,0.667,-35.96,10,3,1
131.54,211.43,0.622,-79.89,9,4,1
34.8,88.58,0.393,-53.78,5,5,1
106.97,290.87,0.368,-183.91,32,6,1
127.34,180.75,0.704,-53.41,1,2,1
142.25,49.47,2.875,92.77,28,10,0
105.65,277.53,0.381,-171.88,6,6,1
79.6,61.34,1.298,18.27,29,9,0
96.5,190.98,0.505,-94.48,18,8,1
131.65,48.37,2.722,83.28,1,1,0
89.89,123.92,0.725,-34.04,24,9,1
14.25,42.22,0.338,-27.97,16,10,1
140.33,80.25,1.749,60.08,1,2,0
106.53,153.83,0.693,-47.3,2,1,1
104.71,118.25,0.886,-13.54,14,6,1
40.19,110.28,0.364,-70.09,15,1,1
102.24,270.66,0.378,-168.42,19,6,1
65.14,61.35,1.062,3.79,17,2,0
101.17,52.53,1.926,48.64,15,7,0
24.92,49.68,0.502,-24.76,20,7,1
102.1,123.35,0.828,-21.26,11,4,0
149.92,317.02,0.473,-167.1,4,2,1
16.75,6.48,2.586,10.27,34,7,0
146.8,96.92,1.515,49.89,1,1,0
66.97,144.19,0.464,-77.23,6,2,1
131.91,115.21,1.145,16.7,18,2,0
119.53,312.64,0.382,-193.11,7,1,1
89.38,40.95,2.182,48.43,1,9,0
113.38,99.98,1.134,13.4,1,6,1
132.99,398.46,0.334,-265.47,14,3,1
66.58,97.83,0.681,-31.25,46,6,1
55.78,122.62,0.455,-66.83,11,7,1
103.46,82.07,1.261,21.4,9,3,0
123.1,239.63,0.514,-116.53,5,4,1
116.72,263.84,0.442,-147.12,4,10,1
121.69,139.84,0.87,-18.14,1,1,0
70.98,180.15,0.394,-109.17,4,6,1
124.5,240.18,0.518,-115.69,8,6,1
26.83,36.24,0.74,-9.41,3,9,1
86.23,155.7,0.554,-69.47,1,2,1
10.81,20.07,0.538,-9.26,17,5,1
55.44,41.41,1.339,14.03,31,5,0
61.3,85.05,0.721,-23.75,38,7,1
65.46,80.34,0.815,-14.88,13,5,1
107.37,148.43,0.723,-41.06,1,10,1
64.4,151.66,0.425,-87.26,18,4,1
72.82,116.72,0.624,-43.9,1,10,1
43.26,122.8,0.352,-79.54,15,2,1
62.26,68.04,0.915,-5.79,21,8,1
41.82,59.48,0.703,-17.66,18,5,1
20.25,49.1,0.412,-28.85,42,4,1
94.48,167.64,0.564,-73.15,18,9,1
103.55,184.01,0.563,-80.46,16,2,1
96.73,42.95,2.252,53.78,4,3,0
74.89,103.06,0.727,-28.17,36,8,1
63.17,65.13,0.97,-1.96,2,4,1
130.87,392.37,0.334,-261.5,32,9,1
82.67,93.63,0.883,-10.96,5,10,1
77.09,207.22,0.372,-130.13,1,10,1
13.59,28.89,0.47,-15.3,24,10,1
57.77,70.51,0.819,-12.74,1,10,1
63.23,111.76,0.566,-48.53,24,9,1
65.84,169.16,0.389,-103.32,4,10,1
91.22,244.95,0.372,-153.72,30,9,1
84.7,62.09,1.364,22.61,16,1,0
95.11,115.73,0.822,-20.62,15,6,1
117.08,141.1,0.83,-24.01,6,10,1
123.82,51.2,2.418,72.62,1,6,0
110.54,211.71,0.522,-101.17,24,8,1
143.77,374.96,0.383,-231.19,2,7,1
12.55,16.7,0.752,-4.15,6,7,1
37.41,85.97,0.435,-48.56,12,2,1
11.06,22.06,0.501,-11.0,9,4,1
100.65,132.27,0.761,-31.63,3,1,0
135.72,92.41,1.469,43.31,2,7,0
44.09,97.66,0.451,-53.57,1,4,1
139.78,364.46,0.384,-224.68,27,9,1
18.44,39.67,0.465,-21.24,1,6,1
140.82,49.04,2.871,91.78,52,6,0
59.23,52.35,1.131,6.88,3,9,1
24.2,11.8,2.051,12.4,1,8,0
78.02,143.56,0.543,-65.54,12,6,1
45.95,107.63,0.427,-61.69,1,6,1
49.88,29.86,1.671,20.02,12,6,0
53.02,135.92,0.39,-82.9,26,4,1
122.42,220.35,0.556,-97.92,1,5,1
85.48,184.89,0.462,-99.41,22,3,1
53.58,156.61,0.342,-103.03,7,9,1
95.45,50.2,1.901,45.25,2,2,0
110.26,301.38,0.366,-191.12,2,7,1
48.17,30.85,1.561,17.32,35,1,0
67.9,92.41,0.735,-24.51,1,10,1
27.06,70.34,0.385,-43.27,28,7,1
35.36,97.13,0.364,-61.77,11,2,1
105.36,175.65,0.6,-70.29,1,5,1
35.4,67.41,0.525,-32.01,8,1,1
83.52,184.75,0.452,-101.23,23,5,1
109.27,278.46,0.392,-169.19,18,4,1
24.96,15.68,1.592,9.28,9,1,0
89.42,222.41,0.402,-132.99,27,1,1
45.92,73.44,0.625,-27.53,1,7,1
144.81,219.63,0.659,-74.82,33,3,1
77.7,112.23,0.692,-34.54,26,10,1
122.84,205.74,0.597,-82.9,17,9,1
87.03,248.18,0.351,-161.15,23,9,1
16.08,28.62,0.562,-12.54,10,10,1
98.64,283.45,0.348,-184.81,15,9,1
143.2,112.66,1.271,30.53,11,1,0
94.23,212.49,0.443,-118.27,6,4,1
124.69,310.85,0.401,-186.16,11,1,1
133.79,285.46,0.469,-151.67,4,1,1
41.93,81.29,0.516,-39.36,8,9,1
39.69,72.43,0.548,-32.74,4,5,1
95.54,250.74,0.381,-155.2,1,1,1
67.54,170.11,0.397,-102.56,5,3,1
127.58,80.4,1.587,47.18,26,7,0
136.0,352.41,0.386,-216.41,6,2,1
59.48,84.34,0.705,-24.86,19,4,0
43.16,42.51,1.015,0.65,2,2,0
119.27,315.88,0.378,-196.61,7,9,1
48.47,71.08,0.682,-22.61,1,9,1
125.17,310.74,0.403,-185.57,2,7,1
69.32,70.1,0.989,-0.78,13,7,1
103.46,32.13,3.219,71.32,13,2,0
23.37,38.28,0.611,-14.91,3,10,1
97.34,55.54,1.752,41.8,9,8,0
73.25,171.17,0.428,-97.92,27,1,1
92.13,96.31,0.957,-4.18,2,8,1
33.52,50.21,0.668,-16.69,1,5,1
113.16,60.54,1.869,52.62,14,4,0
130.79,140.47,0.931,-9.68,1,10,1
40.34,97.23,0.415,-56.89,54,2,1
23.4,16.6,1.41,6.8,13,3,0
13.31,27.25,0.488,-13.94,8,10,1
99.88,277.36,0.36,-177.48,7,2,1
94.99,202.86,0.468,-107.87,11,4,1
86.54,215.46,0.402,-128.92,1,3,1
42.47,25.24,1.683,17.23,37,5,0
64.73,63.24,1.024,1.49,13,7,1
93.23,253.13,0.368,-159.91,2,9,1
79.55,177.45,0.448,-97.91,11,5,1
148.29,300.55,0.493,-152.26,2,8,1
29.1,60.89,0.478,-31.78,1,2,1
107.32,152.22,0.705,-44.9,13,6,1
66.6,27.99,2.379,38.61,14,8,0
69.95,169.13,0.414,-99.19,12,9,1
110.46,235.57,0.469,-125.1,2,4,1
106.94,168.6,0.634,-61.66,12,4,1
148.78,406.06,0.366,-257.29,1,7,1
27.98,33.78,0.828,-5.81,13,4,0
24.58,26.9,0.914,-2.33,11,5,1
111.41,295.96,0.376,-184.55,14,2,1
90.97,223.06,0.408,-132.08,31,2,1
48.38,81.79,0.592,-33.41,26,10,1
21.12,13.79,1.531,7.33,55,5,0
21.99,19.37,1.135,2.62,52,10,1
135.19,280.08,0.483,-144.9,20,10,1
36.86,49.38,0.746,-12.52,43,2,1
55.27,141.41,0.391,-86.14,28,6,1
41.73,119.56,0.349,-77.82,18,6,1
59.7,147.77,0.404,-88.07,1,8,1
19.72,26.02,0.758,-6.3,1,1,1
82.67,200.84,0.412,-118.17,25,7,1
19.47,24.31,0.801,-4.84,9,7,1
122.05,91.68,1.331,30.37,23,9,0
42.72,16.67,2.563,26.05,5,4,0
85.6,114.83,0.745,-29.23,7,7,1
133.21,364.95,0.365,-231.74,16,6,1
101.12,95.59,1.058,5.54,34,4,0
84.61,72.56,1.166,12.05,1,10,1
55.41,161.71,0.343,-106.3,27,8,1
56.62,20.81,2.721,35.81,22,3,0
103.73,251.19,0.413,-147.46,5,8,1
149.18,174.2,0.856,-25.02,6,5,1
102.66,41.19,2.492,61.47,1,4,0
88.09,244.72,0.36,-156.63,1,3,1
112.29,76.02,1.477,36.27,9,10,0
75.13,134.47,0.559,-59.34,1,7,1
18.42,19.16,0.962,-0.74,3,7,1
88.72,42.23,2.101,46.49,26,6,0
144.07,62.64,2.3,81.43,11,3,0
34.54,21.14,1.634,13.4,14,9,0
106.6,52.52,2.03,54.08,2,2,0
38.13,89.74,0.425,-51.61,24,3,1
85.02,136.96,0.621,-51.95,28,1,1
23.53,28.85,0.816,-5.31,10,7,1
73.05,104.43,0.699,-31.38,34,2,0
115.86,325.36,0.356,-209.5,26,10,1
58.66,161.84,0.362,-103.18,18,8,1
103.09,230.13,0.448,-127.04,18,9,1
121.36,326.3,0.372,-204.94,1,2,1
139.8,162.6,0.86,-22.8,4,6,1
42.85,56.95,0.752,-14.1,1,1,0
65.9,128.98,0.511,-63.07,1,8,1
31.34,62.17,0.504,-30.83,2,5,1
148.95,238.4,0.625,-89.46,29,9,1
139.78,193.14,0.724,-53.36,3,3,1
85.59,253.59,0.338,-167.99,49,2,1
127.88,321.89,0.397,-194.01,12,7,1
82.93,122.28,0.678,-39.35,3,7,1
97.3,220.26,0.442,-122.96,9,10,1
22.48,23.1,0.973,-0.63,3,5,1
115.74,66.02,1.753,49.71,57,7,0
27.88,34.89,0.799,-7.01,26,6,1
125.65,174.4,0.72,-48.76,1,9,1
119.48,41.18,2.901,78.3,41,3,0
109.22,273.05,0.4,-163.83,17,4,1
15.06,19.13,0.788,-4.06,1,9,1
52.44,97.91,0.536,-45.47,15,10,1
46.84,23.4,2.001,23.43,14,8,0
60.42,46.67,1.295,13.75,3,10,1
22.27,60.18,0.37,-37.91,19,6,0
141.17,274.37,0.515,-133.19,1,3,1
87.53,250.85,0.349,-163.31,9,9,1
52.77,158.14,0.334,-105.37,1,9,1
65.58,85.51,0.767,-19.94,48,6,1
72.61,80.36,0.904,-7.75,19,2,0
94.08,246.27,0.382,-152.19,2,7,1
82.2,246.28,0.334,-164.08,5,9,1
138.71,277.43,0.5,-138.72,2,9,1
79.57,194.71,0.409,-115.14,20,3,1
148.9,358.96,0.415,-210.06,1,2,1
129.2,162.72,0.794,-33.52,25,5,1
39.19,72.52,0.54,-33.33,39,10,1
140.28,357.62,0.392,-217.33,15,7,1
26.29,56.73,0.463,-30.44,3,3,1
124.44,44.44,2.8,80.0,6,4,0
63.29,76.52,0.827,-13.23,9,10,1
132.92,91.72,1.449,41.19,12,2,0
131.53,122.19,1.076,9.34,15,10,1
122.83,337.15,0.364,-214.32,11,2,1
120.6,48.19,2.502,72.41,6,7,0
52.66,47.05,1.119,5.61,31,2,0
21.33,24.23,0.88,-2.9,1,1,0
66.42,130.55,0.509,-64.13,8,4,1
34.29,59.74,0.574,-25.45,20,6,1
107.29,95.42,1.124,11.87,1,10,1
58.45,43.46,1.345,15.0,17,10,0
146.59,137.7,1.065,8.89,23,4,0
99.74,165.25,0.604,-65.51,15,1,1
125.15,129.17,0.969,-4.03,1,1,0
28.55,81.62,0.35,-53.07,2,9,1
130.68,202.88,0.644,-72.19,5,1,1
139.19,63.85,2.18,75.33,3,7,0
78.19,177.41,0.441,-99.22,46,7,1
94.88,112.7,0.842,-17.83,14,1,0
117.07,241.69,0.484,-124.62,4,1,1
34.48,36.37,0.948,-1.89,37,6,0
80.36,147.94,0.543,-67.58,18,8,1
65.81,156.95,0.419,-91.14,4,7,1
30.49,85.55,0.356,-55.06,6,6,1
61.45,61.76,0.995,-0.31,3,10,1
19.54,23.53,0.83,-3.99,49,3,0
13.61,21.15,0.644,-7.54,10,7,1
28.92,81.08,0.357,-52.16,31,6,1
144.84,395.94,0.366,-251.11,5,8,1
86.93,47.18,1.843,39.76,27,4,0
145.22,95.29,1.524,49.92,1,9,0
70.55,115.55,0.611,-45.0,56,1,0
53.65,31.54,1.701,22.11,34,7,0
80.86,99.71,0.811,-18.85,6,9,1
71.53,50.12,1.427,21.41,20,10,0
24.79,50.02,0.496,-25.22,19,1,1
99.72,285.55,0.349,-185.83,32,10,1
40.25,120.38,0.334,-80.14,5,3,1
96.74,127.04,0.762,-30.29,8,7,1
101.03,193.7,0.522,-92.68,28,9,1
31.28,81.71,0.383,-50.43,21,1,1
18.59,11.47,1.62,7.12,6,6,0
119.31,257.92,0.463,-138.61,26,2,1
74.37,104.41,0.712,-30.04,1,5,1
18.14,15.54,1.167,2.6,21,7,0
149.28,207.12,0.721,-57.84,3,7,1
18.09,9.14,1.98,8.95,4,10,0
107.3,233.67,0.459,-126.36,9,7,1
147.72,145.12,1.018,2.6,8,4,0
43.49,49.61,0.877,-6.12,10,6,1
29.91,18.75,1.595,11.16,11,10,0
26.99,71.12,0.38,-44.12,5,6,1
52.46,85.63,0.613,-33.17,2,7,1
24.15,44.55,0.542,-20.4,20,9,1
106.9,196.43,0.544,-89.53,7,6,1
18.72,26.37,0.71,-7.64,9,10,1
81.32,66.67,1.22,14.65,14,1,0
149.54,345.71,0.433,-196.17,33,8,1
123.96,79.71,1.555,44.25,17,2,0
96.13,55.8,1.723,40.33,1,3,0
52.88,117.25,0.451,-64.37,25,5,1
97.35,84.09,1.158,13.25,63,6,0
83.79,94.53,0.886,-10.75,8,7,1
69.65,110.27,0.632,-40.61,48,4,0
28.3,42.82,0.661,-14.52,11,3,1
134.12,296.84,0.452,-162.72,8,9,1
72.97,144.72,0.504,-71.75,5,4,1
37.25,75.98,0.49,-38.73,15,9,1
61.49,136.99,0.449,-75.5,3,9,1
67.98,74.1,0.917,-6.12,1,3,1
125.86,147.29,0.854,-21.43,1,3,0
112.71,167.1,0.674,-54.39,4,8,1
117.7,133.02,0.885,-15.32,7,1,0
11.54,34.16,0.338,-22.62,11,6,1
68.26,170.51,0.4,-102.25,4,6,1
77.39,57.62,1.343,19.77,57,9,0
12.69,4.0,3.174,8.69,4,2,0
46.37,19.27,2.407,27.1,8,8,0
116.44,111.66,1.043,4.78,1,7,1
29.2,17.77,1.643,11.43,4,2,0
84.94,147.8,0.575,-62.86,1,1,1
40.13,105.0,0.382,-64.87,11,4,1
11.7,26.78,0.437,-15.08,19,2,1
43.77,38.61,1.134,5.16,3,3,0
146.62,202.06,0.726,-55.44,6,2,0
122.22,204.26,0.598,-82.04,1,9,1
144.34,359.06,0.402,-214.71,25,4,1
78.3,200.89,0.39,-122.59,21,1,1
25.36,69.91,0.363,-44.54,1,8,1
86.71,145.24,0.597,-58.53,6,4,1
73.61,160.07,0.46,-86.46,43,10,1
128.21,77.16,1.662,51.05,6,8,0
23.73,43.34,0.548,-19.61,10,8,1
78.35,76.12,1.029,2.24,6,9,1
31.01,45.44,0.682,-14.44,12,10,1
55.45,111.57,0.497,-56.12,53,7,1
113.23,112.53,1.006,0.7,83,4,0
76.64,33.79,2.268,42.85,20,2,0
62.62,20.52,3.052,42.11,7,6,0
65.23,23.47,2.779,41.76,9,4,0
74.32,23.97,3.1,50.35,6,6,0
119.9,71.7,1.672,48.21,59,8,0
134.89,127.69,1.056,7.2,17,3,0
143.75,128.98,1.114,14.76,8,1,0
120.17,356.22,0.337,-236.05,1,5,1
54.16,60.99,0.888,-6.84,10,3,0
106.34,68.49,1.553,37.85,57,6,0
71.26,126.35,0.564,-55.09,10,3,1
45.65,119.45,0.382,-73.8,2,1,1
127.72,272.15,0.469,-144.42,1,9,1
15.38,16.91,0.91,-1.53,6,5,0
136.25,247.47,0.551,-111.23,35,2,1
74.61,166.38,0.448,-91.77,79,2,1
99.21,224.79,0.441,-125.59,40,9,1
102.31,214.81,0.476,-112.51,18,1,1
135.32,358.75,0.377,-223.43,11,10,1
99.13,262.63,0.377,-163.5,12,3,0
95.95,178.77,0.537,-82.82,10,10,1
19.33,28.24,0.685,-8.9,17,7,1
82.58,167.82,0.492,-85.24,7,1,1
31.02,77.84,0.399,-46.82,15,2,1
113.24,35.7,3.172,77.54,1,6,0
81.71,243.37,0.336,-161.66,4,9,1
105.23,83.53,1.26,21.7,25,9,0
15.83,24.85,0.637,-9.02,32,8,1
21.87,58.06,0.377,-36.18,10,3,1
110.29,100.1,1.102,10.19,1,2,0
20.09,31.89,0.63,-11.8,36,1,1
19.98,13.14,1.52,6.83,16,9,0
11.7,15.98,0.732,-4.29,7,5,1
143.91,112.0,1.285,31.91,12,3,0
113.25,145.16,0.78,-31.91,7,10,1
59.46,77.79,0.764,-18.33,8,10,1
51.51,153.6,0.335,-102.08,30,5,1
58.96,176.05,0.335,-117.09,2,3,1
118.45,72.25,1.64,46.21,1,9,0
102.59,231.87,0.442,-129.28,1,1,1
35.93,15.8,2.274,20.13,5,1,0
34.38,13.11,2.621,21.26,2,3,0
23.78,13.89,1.711,9.88,3,6,0
102.44,297.78,0.344,-195.34,1,2,1
117.01,332.35,0.352,-215.34,3,1,1
47.11,38.8,1.214,8.31,5,8,1
12.93,9.52,1.358,3.41,1,10,0
21.5,20.42,1.053,1.09,13,9,1
145.5,246.18,0.591,-100.68,11,10,1
51.36,94.41,0.544,-43.05,1,1,1
117.69,105.72,1.113,11.97,12,3,0
97.45,228.32,0.427,-130.87,90,5,1
63.47,72.09,0.88,-8.62,40,7,1
38.8,108.23,0.358,-69.44,1,10,1
26.99,55.96,0.482,-28.97,22,4,1
96.1,142.05,0.677,-45.95,6,6,1
118.45,288.16,0.411,-169.71,1,1,1
100.15,251.2,0.399,-151.06,4,4,1
84.24,91.34,0.922,-7.1,5,8,1
15.87,19.32,0.822,-3.45,10,5,1
145.59,411.59,0.354,-266.0,15,8,1
121.82,90.73,1.343,31.09,19,1,0
51.0,21.1,2.417,29.89,3,10,0
147.2,224.61,0.655,-77.42,5,9,1
94.26,232.2,0.406,-137.93,5,4,1
91.54,218.18,0.42,-126.64,6,9,1
114.73,319.26,0.359,-204.53,90,8,1
123.65,215.1,0.575,-91.46,21,8,1
101.91,58.1,1.754,43.8,51,2,0
27.93,52.78,0.529,-24.85,16,3,1
57.36,137.75,0.416,-80.4,7,10,1
139.93,77.24,1.812,62.69,6,9,0
41.45,31.76,1.305,9.69,9,3,0
62.1,20.69,3.001,41.41,7,8,0
70.49,134.13,0.526,-63.64,24,5,1
71.52,192.68,0.371,-121.16,8,7,1
95.81,202.24,0.474,-106.43,4,4,1
142.03,419.2,0.339,-277.17,20,8,1
43.7,20.55,2.127,23.15,26,4,0
27.01,73.96,0.365,-46.95,7,5,1
37.65,94.04,0.4,-56.39,15,1,1
134.17,154.09,0.871,-19.92,1,10,1
100.41,294.06,0.341,-193.65,10,8,1
50.03,53.9,0.928,-3.87,1,7,1
124.23,335.57,0.37,-211.33,1,5,1
130.59,349.73,0.373,-219.14,13,6,1
128.51,301.45,0.426,-172.94,5,1,1
138.65,252.53,0.549,-113.88,18,8,1
45.31,28.28,1.603,17.04,31,9,0
115.71,200.9,0.576,-85.2,2,5,1
74.48,94.09,0.792,-19.61,18,10,1
127.88,311.9,0.41,-184.02,10,7,1
111.99,262.83,0.426,-150.84,1,10,1
118.7,327.46,0.362,-208.76,14,4,1
101.86,34.64,2.941,67.23,13,6,0
34.84,86.56,0.402,-51.72,10,2,1
86.3,244.57,0.353,-158.27,36,4,1
147.85,359.45,0.411,-211.6,10,5,1
141.23,92.02,1.535,49.22,65,9,0
16.04,8.33,1.925,7.71,9,9,0
33.07,11.78,2.807,21.29,1,8,0
28.44,56.82,0.501,-28.37,8,4,1
111.64,223.29,0.5,-111.65,2,6,1
124.49,369.07,0.337,-244.58,12,7,1
39.89,54.84,0.727,-14.95,16,1,1
80.82,96.67,0.836,-15.85,8,1,1
127.7,253.6,0.504,-125.9,1,4,1
112.59,284.76,0.395,-172.17,8,3,1
85.91,243.07,0.353,-157.16,1,10,1
92.65,228.7,0.405,-136.05,16,4,1
81.17,117.86,0.689,-36.69,21,9,1
51.66,104.05,0.496,-52.39,45,2,1
89.1,232.74,0.383,-143.63,2,4,1
106.44,172.93,0.616,-66.49,10,7,1
132.27,117.06,1.13,15.2,11,2,0
99.08,75.13,1.319,23.95,35,8,0
116.56,35.02,3.329,81.54,13,10,0
32.41,72.57,0.447,-40.16,2,4,1
74.62,44.77,1.667,29.85,8,9,0
11.31,10.84,1.043,0.47,14,1,0
44.54,49.18,0.906,-4.64,16,7,1
111.7,202.52,0.552,-90.82,27,1,1
148.85,204.6,0.728,-55.74,2,10,1
23.88,50.67,0.471,-26.79,42,9,1
66.21,29.81,2.221,36.4,1,10,0
122.01,77.43,1.576,44.58,57,10,0
38.56,63.55,0.607,-24.99,27,1,1
87.71,106.11,0.827,-18.4,15,3,1
112.63,123.75,0.91,-11.12,18,7,1
96.24,46.29,2.079,49.95,1,1,0
36.32,98.74,0.368,-62.42,1,5,1
59.75,129.54,0.461,-69.79,1,6,0
119.73,75.24,1.591,44.5,1,3,0
87.59,41.66,2.103,45.93,11,6,0
10.73,31.47,0.341,-20.74,3,4,1
116.54,249.3,0.467,-132.76,27,6,1
14.94,21.33,0.701,-6.38,8,6,1
114.4,251.08,0.456,-136.67,16,4,1
38.35,89.81,0.427,-51.47,14,1,1
144.13,346.76,0.416,-202.63,5,3,1
61.51,97.82,0.629,-36.31,3,10,1
55.77,81.46,0.685,-25.69,5,7,1
30.84,10.17,3.032,20.67,22,2,0
52.78,147.89,0.357,-95.1,12,4,1
132.73,256.03,0.518,-123.3,4,6,1
149.49,126.84,1.179,22.64,23,5,0
61.56,171.33,0.359,-109.76,1,6,1
72.81,201.69,0.361,-128.89,16,5,1
111.09,330.03,0.337,-218.94,8,9,1
134.07,356.61,0.376,-222.55,18,2,1
93.03,278.52,0.334,-185.5,36,4,1
64.81,62.26,1.041,2.55,19,1,0
67.77,174.44,0.388,-106.67,8,7,1
107.39,270.85,0.396,-163.46,2,1,1
10.45,9.65,1.083,0.8,22,6,0
96.74,54.74,1.767,42.01,8,10,0
59.77,175.99,0.34,-116.22,1,10,1
121.19,133.22,0.91,-12.03,17,9,1
23.02,61.03,0.377,-38.01,4,2,1
92.35,28.73,3.214,63.61,1,1,0
77.34,27.59,2.803,49.75,32,10,0
99.93,155.67,0.642,-55.74,9,3,1
19.08,18.02,1.059,1.06,4,6,1
91.2,197.22,0.462,-106.02,17,7,1
88.61,161.89,0.547,-73.28,30,8,1
88.49,45.06,1.964,43.43,1,4,0
94.49,69.84,1.353,24.65,16,8,0
104.71,141.12,0.742,-36.41,20,7,1
122.7,98.3,1.248,24.4,3,8,0
47.77,116.52,0.41,-68.75,9,5,1
125.51,178.65,0.703,-53.14,1,10,1
79.76,44.05,1.811,35.71,19,7,0
20.79,33.42,0.622,-12.63,26,4,1
18.2,9.92,1.834,8.27,1,1,0
56.79,36.81,1.543,19.98,23,3,0
119.89,113.53,1.056,6.36,20,10,1
109.08,285.86,0.382,-176.78,5,9,1
120.41,336.71,0.358,-216.3,16,4,1
82.42,208.59,0.395,-126.17,1,5,1
71.63,86.1,0.832,-14.47,37,3,0
30.64,31.73,0.966,-1.09,11,6,1
55.95,99.74,0.561,-43.79,13,4,1
70.76,159.15,0.445,-88.38,15,5,1
22.4,66.81,0.335,-44.41,11,7,1
40.89,26.79,1.526,14.1,27,7,0
93.75,40.6,2.309,53.15,13,9,0
112.99,245.73,0.46,-132.74,33,2,1
149.77,381.46,0.393,-231.69,12,4,1
140.64,363.56,0.387,-222.93,2,8,1
99.96,213.1,0.469,-113.14,34,4,1
68.97,198.36,0.348,-129.39,16,3,1
99.06,166.4,0.595,-67.34,16,10,1
119.99,332.05,0.361,-212.06,59,6,1
26.57,77.39,0.343,-50.83,1,3,1
67.39,174.35,0.386,-106.96,7,2,1
127.57,144.97,0.88,-17.39,3,9,1
63.74,52.89,1.205,10.85,13,3,0
90.06,160.3,0.562,-70.24,23,1,1
92.29,140.57,0.657,-48.28,47,9,1
35.83,95.66,0.375,-59.83,8,5,1
60.71,34.61,1.754,26.1,21,7,0
56.83,56.6,1.004,0.23,34,2,0
13.67,31.84,0.429,-18.18,16,1,1
13.39,7.45,1.797,5.94,3,6,0
126.44,147.43,0.858,-21.0,13,5,1
48.23,64.88,0.743,-16.65,49,10,1
82.53,163.49,0.505,-80.96,61,6,1
51.82,37.67,1.376,14.15,14,2,0
141.7,371.76,0.381,-230.06,30,7,1
46.3,69.84,0.663,-23.54,3,1,1
70.15,194.74,0.36,-124.59,3,8,1
132.18,206.63,0.64,-74.45,42,7,1
127.87,133.32,0.959,-5.45,2,7,1
36.05,24.62,1.464,11.43,2,6,0
122.37,37.95,3.225,84.42,7,10,0
74.15,128.78,0.576,-54.63,12,5,1
77.62,45.74,1.697,31.87,12,9,0
28.69,38.95,0.737,-10.26,4,3,1
21.28,40.25,0.529,-18.96,35,9,1
111.91,116.87,0.958,-4.96,34,5,1
79.5,61.47,1.293,18.04,6,8,0
71.16,170.19,0.418,-99.04,7,3,1
112.13,320.28,0.35,-208.15,16,7,1
117.17,66.93,1.751,50.24,15,10,0
32.25,23.22,1.389,9.03,6,4,0
95.43,275.99,0.346,-180.56,7,5,1
28.95,11.64,2.487,17.31,5,4,0
115.19,338.62,0.34,-223.43,3,9,1
101.97,31.87,3.2,70.1,8,7,0
143.93,382.69,0.376,-238.76,16,6,1
19.65,22.2,0.885,-2.55,18,6,1
17.99,50.98,0.353,-32.99,21,10,1
49.51,57.22,0.865,-7.71,6,7,1
46.64,96.38,0.484,-49.75,20,5,1
44.58,23.01,1.938,21.57,1,10,0
136.88,130.62,1.048,6.26,9,3,1
44.94,107.35,0.419,-62.41,22,3,1
48.07,83.04,0.579,-34.97,13,7,1
116.32,326.33,0.356,-210.01,8,10,1
72.96,106.35,0.686,-33.39,14,1,0
118.74,314.48,0.378,-195.74,33,4,1
19.15,28.96,0.661,-9.81,11,10,1
78.26,230.4,0.34,-152.14,22,8,1
14.71,42.52,0.346,-27.82,55,4,1
18.77,22.31,0.841,-3.54,17,1,0
136.9,368.54,0.371,-231.64,11,5,1
29.49,76.35,0.386,-46.85,1,1,1
84.54,73.45,1.151,11.09,6,9,1
67.55,134.13,0.504,-66.58,11,8,1
58.63,29.09,2.015,29.53,22,7,0
135.98,347.98,0.391,-212.0,8,5,1
13.06,10.07,1.297,2.99,45,4,0
102.93,50.56,2.036,52.37,4,7,0
144.88,200.01,0.724,-55.14,19,3,1
88.42,164.26,0.538,-75.84,7,8,1
141.16,368.17,0.383,-227.02,9,5,1
17.32,50.74,0.341,-33.43,22,5,1
68.63,102.03,0.673,-33.4,4,1,1
46.42,21.5,2.159,24.92,1,10,0
112.31,260.86,0.431,-148.55,10,8,1
147.38,269.11,0.548,-121.73,10,7,1
45.91,69.3,0.663,-23.38,22,1,1
101.58,115.3,0.881,-13.72,48,4,1
37.73,62.5,0.604,-24.77,1,4,1
89.15,108.26,0.823,-19.12,12,9,1
74.95,175.68,0.427,-100.73,16,10,1
146.08,258.35,0.565,-112.26,59,2,1
95.19,253.93,0.375,-158.73,40,4,1
58.93,104.16,0.566,-45.23,17,10,1
25.97,24.5,1.06,1.47,10,3,0
31.17,80.99,0.385,-49.82,2,10,1
41.54,74.97,0.554,-33.42,6,5,1
45.14,38.75,1.165,6.39,12,7,0
129.09,256.04,0.504,-126.95,18,5,1
88.57,112.12,0.79,-23.55,14,5,1
83.27,214.84,0.388,-131.57,17,4,1
26.07,39.72,0.656,-13.66,7,9,1
130.42,294.93,0.442,-164.51,18,6,1
111.19,62.04,1.792,49.15,2,10,0
19.47,26.66,0.73,-7.19,2,6,1
109.1,322.35,0.338,-213.26,2,6,1
86.1,213.76,0.403,-127.67,31,6,1
21.44,15.69,1.366,5.75,1,1,0
74.16,77.87,0.952,-3.71,22,6,1
77.86,92.69,0.84,-14.83,3,4,1
33.21,68.28,0.486,-35.07,8,2,1
142.4,333.76,0.427,-191.37,34,6,1
129.0,299.75,0.43,-170.76,12,1,1
103.66,173.81,0.596,-70.14,3,1,1
74.72,186.0,0.402,-111.28,4,5,1
67.65,100.13,0.676,-32.48,35,6,1
101.14,64.17,1.576,36.97,7,2,0
86.36,157.52,0.548,-71.16,12,10,1
18.72,53.74,0.348,-35.03,8,8,1
81.75,199.56,0.41,-117.81,6,4,1
122.9,228.89,0.537,-106.0,3,4,1
74.29,152.03,0.489,-77.74,16,10,1
17.27,48.58,0.356,-31.31,17,5,1
120.08,174.9,0.687,-54.82,4,10,1
38.19,45.63,0.837,-7.44,21,4,0
46.21,135.78,0.34,-89.57,26,5,1
33.06,86.99,0.38,-53.93,35,10,1
56.23,65.91,0.853,-9.68,2,3,1
115.95,179.97,0.644,-64.03,5,8,1
82.71,117.51,0.704,-34.8,27,6,1
38.68,27.18,1.423,11.51,3,8,0
132.9,383.55,0.346,-250.66,1,5,1
133.14,185.29,0.719,-52.14,28,7,1
131.88,351.25,0.375,-219.37,5,10,1
43.43,35.23,1.233,8.2,7,7,0
73.17,130.19,0.562,-57.02,8,6,1
147.9,53.94,2.742,93.96,26,10,0
118.08,279.07,0.423,-160.99,5,4,1
13.8,25.79,0.535,-11.99,31,6,1
19.13,38.05,0.503,-18.92,13,9,1
74.95,32.95,2.275,42.0,10,4,0
137.29,119.42,1.15,17.87,5,6,1
85.42,42.77,1.997,42.65,3,6,0
79.69,86.07,0.926,-6.38,13,3,0
24.77,49.39,0.501,-24.62,8,4,1
101.95,186.43,0.547,-84.49,33,3,1
125.09,244.28,0.512,-119.19,9,3,1
63.26,112.79,0.561,-49.53,10,10,1
118.59,122.99,0.964,-4.41,7,4,0
145.03,139.25,1.041,5.78,21,4,1
38.53,25.82,1.492,12.71,7,6,0
83.27,215.87,0.386,-132.6,4,4,1
50.2,98.62,0.509,-48.42,27,6,1
121.0,97.23,1.244,23.77,12,2,0
90.86,70.73,1.285,20.13,12,4,0
98.84,262.64,0.376,-163.8,13,2,1
121.71,280.58,0.434,-158.87,17,8,1
65.44,136.13,0.481,-70.7,5,9,1
138.11,193.16,0.715,-55.04,1,7,1
84.62,85.24,0.993,-0.62,23,6,0
32.11,94.56,0.34,-62.45,1,8,1
107.43,263.47,0.408,-156.04,17,4,1
121.06,134.95,0.897,-13.9,1,10,1
54.35,140.67,0.386,-86.33,6,2,1
130.01,305.4,0.426,-175.39,1,4,1
136.86,150.84,0.907,-13.98,10,5,0
48.77,70.79,0.689,-22.03,14,9,1
147.69,118.46,1.247,29.23,2,5,0
29.7,17.82,1.667,11.88,6,9,0
38.28,86.19,0.444,-47.91,37,9,1
35.79,36.59,0.978,-0.8,8,8,1
135.16,339.81,0.398,-204.65,22,5,1
101.6,303.6,0.335,-202.0,36,2,1
31.29,15.86,1.973,15.43,51,5,0
71.65,113.0,0.634,-41.35,32,1,1
96.14,237.04,0.406,-140.9,5,8,1
21.68,52.7,0.411,-31.01,45,2,1
133.54,314.08,0.425,-180.54,23,7,1
122.5,152.19,0.805,-29.68,25,2,0
80.73,123.14,0.656,-42.42,1,5,1
145.4,277.19,0.525,-131.79,43,10,1
68.49,200.64,0.341,-132.15,21,7,1
147.78,175.02,0.844,-27.25,20,6,1
103.51,289.05,0.358,-185.54,1,5,1
98.85,101.55,0.973,-2.7,3,6,1
33.23,98.72,0.337,-65.49,45,2,1
133.47,281.58,0.474,-148.11,9,10,1
69.85,108.37,0.645,-38.52,7,1,1
32.71,63.99,0.511,-31.28,25,1,1
11.77,12.19,0.965,-0.42,1,8,1
88.37,91.92,0.961,-3.56,7,3,0
83.84,50.85,1.649,32.98,6,3,0
110.71,67.3,1.645,43.41,6,9,0
134.64,166.78,0.807,-32.14,5,6,1
21.12,49.83,0.424,-28.71,3,4,1
112.41,218.25,0.515,-105.84,2,4,1
36.24,20.91,1.733,15.33,14,7,0
130.14,338.51,0.384,-208.37,35,6,1
124.67,239.82,0.52,-115.16,9,2,1
85.71,248.07,0.346,-162.36,4,9,1
109.43,230.85,0.474,-121.42,2,2,1
54.01,41.75,1.294,12.26,24,8,0
75.96,119.96,0.633,-44.0,49,4,0
125.03,256.43,0.488,-131.4,6,10,1
74.3,27.96,2.657,46.34,4,1,0
60.09,20.45,2.939,39.65,12,1,0
79.19,51.42,1.54,27.76,20,9,0
125.95,123.37,1.021,2.58,8,4,1
56.93,83.1,0.685,-26.18,13,1,1
34.33,55.47,0.619,-21.15,17,3,1
109.68,73.78,1.487,35.9,45,3,0
125.64,266.12,0.472,-140.48,2,7,1
24.09,46.0,0.524,-21.91,83,6,1
43.58,47.73,0.913,-4.14,6,8,1
29.88,10.06,2.968,19.81,17,7,0
58.71,29.92,1.962,28.79,11,1,0
73.05,99.17,0.737,-26.12,9,3,1
114.84,82.19,1.397,32.64,16,9,0
101.16,133.27,0.759,-32.11,7,4,1
96.93,193.48,0.501,-96.55,1,3,1
59.33,105.47,0.563,-46.13,9,5,1
127.8,118.11,1.082,9.69,10,8,1
75.98,93.33,0.814,-17.35,3,1,0
147.07,287.96,0.511,-140.88,38,2,1
98.78,259.23,0.381,-160.45,3,7,1
27.68,64.59,0.429,-36.91,7,1,1
104.66,187.79,0.557,-83.12,2,5,1
55.51,70.96,0.782,-15.44,10,10,1
106.09,136.39,0.778,-30.3,5,8,1
19.75,52.82,0.374,-33.07,9,6,1
34.48,14.0,2.463,20.48,3,3,0
129.8,385.2,0.337,-255.39,1,7,1
41.81,87.53,0.478,-45.73,21,3,1
127.19,272.06,0.467,-144.87,14,5,1
49.1,19.77,2.484,29.33,5,7,0
100.0,193.5,0.517,-93.5,1,2,1
107.18,172.44,0.622,-65.26,28,10,1
81.77,47.89,1.708,33.89,2,4,0
52.74,55.4,0.952,-2.66,37,2,0
39.77,107.53,0.37,-67.76,9,7,1
14.65,26.14,0.56,-11.5,5,3,1
52.55,74.43,0.706,-21.87,18,9,1
101.44,50.34,2.015,51.1,29,6,0
141.36,314.97,0.449,-173.61,6,1,1
131.97,290.03,0.455,-158.06,7,10,1
117.25,229.56,0.511,-112.31,7,8,1
120.38,201.97,0.596,-81.58,35,7,1
103.1,151.68,0.68,-48.58,16,1,0
46.44,88.32,0.526,-41.88,3,3,1
137.01,127.44,1.075,9.57,2,3,0
103.9,295.23,0.352,-191.33,3,3,1
88.46,167.17,0.529,-78.71,4,7,1
25.54,29.12,0.877,-3.58,3,6,0
72.59,109.91,0.66,-37.32,15,2,1
74.45,184.29,0.404,-109.84,1,5,1
131.04,96.49,1.358,34.55,6,6,0
86.53,94.38,0.917,-7.84,13,2,1
63.26,135.03,0.468,-71.77,4,1,1
146.75,169.03,0.868,-22.28,1,4,1
25.5,62.22,0.41,-36.72,1,4,1
69.16,45.11,1.533,24.05,1,4,0
15.88,37.47,0.424,-21.59,25,1,1
113.59,55.04,2.064,58.55,15,3,0
138.53,46.27,2.994,92.26,1,7,0
49.21,134.09,0.367,-84.89,6,4,1
130.17,243.36,0.535,-113.2,4,2,1
50.91,63.63,0.8,-12.72,12,8,1
137.51,127.61,1.078,9.9,10,1,0
115.55,227.13,0.509,-111.58,9,9,1
122.69,205.42,0.597,-82.73,5,5,1
12.52,37.28,0.336,-24.76,2,2,1
144.79,427.82,0.338,-283.03,18,4,1
111.73,225.1,0.496,-113.36,29,3,1
52.67,78.77,0.669,-26.11,40,7,1
126.12,205.07,0.615,-78.96,1,6,1
49.41,105.88,0.467,-56.46,18,9,1
132.19,75.91,1.741,56.28,18,4,0
25.76,30.57,0.843,-4.81,41,3,0
108.52,54.61,1.987,53.91,4,7,0
85.7,42.68,2.008,43.01,18,6,0
23.51,19.49,1.207,4.03,1,5,0
43.87,70.63,0.621,-26.77,13,10,1
11.74,28.39,0.413,-16.65,6,7,1
75.63,121.82,0.621,-46.2,20,5,1
52.18,62.91,0.829,-10.74,27,9,1
93.77,48.98,1.914,44.79,6,4,0
51.61,92.17,0.56,-40.56,10,1,1
51.99,53.67,0.969,-1.69,1,10,1
114.05,223.57,0.51,-109.52,7,5,1
16.74,49.19,0.34,-32.45,6,1,1
136.41,81.92,1.665,54.49,2,1,0
129.32,112.86,1.146,16.46,31,1,0
103.49,163.24,0.634,-59.75,2,1,1
93.05,271.27,0.343,-178.22,14,8,0
134.92,321.64,0.419,-186.72,30,2,1
35.95,97.96,0.367,-62.02,34,9,1
21.06,25.29,0.833,-4.23,22,7,1
43.53,129.66,0.336,-86.13,2,3,1
121.24,70.03,1.731,51.21,23,9,0
14.85,6.58,2.257,8.27,4,4,0
91.59,239.07,0.383,-147.48,35,7,1
149.36,418.75,0.357,-269.39,17,3,1
129.8,70.69,1.836,59.11,21,5,0
83.0,50.32,1.649,32.68,1,4,0
18.91,7.37,2.567,11.54,12,6,0
126.39,73.58,1.718,52.81,24,9,0
93.86,81.23,1.155,12.63,27,5,0
26.09,76.16,0.343,-50.07,1,1,1
23.14,48.67,0.475,-25.53,39,5,1
137.35,329.92,0.416,-192.57,1,5,1
103.69,248.39,0.417,-144.7,13,9,1
126.1,220.01,0.573,-93.91,16,8,1
133.06,326.42,0.408,-193.36,1,5,1
90.05,171.87,0.524,-81.82,1,5,1
82.44,94.75,0.87,-12.31,21,2,0
70.26,127.52,0.551,-57.26,6,9,1
54.37,94.63,0.575,-40.26,1,4,1
70.84,178.76,0.396,-107.92,20,7,1
118.34,349.19,0.339,-230.85,26,10,1
94.27,132.9,0.709,-38.63,12,6,1
134.95,318.65,0.424,-183.69,2,5,1
72.07,41.04,1.756,31.04,1,5,0
94.99,227.74,0.417,-132.75,16,7,0
98.38,128.18,0.768,-29.79,11,2,0
92.84,37.72,2.461,55.11,14,9,0
108.37,138.79,0.781,-30.43,23,2,0
43.24,84.26,0.513,-41.02,7,9,1
81.73,50.83,1.608,30.9,1,4,0
24.59,68.73,0.358,-44.14,39,10,1
63.83,32.54,1.962,31.3,11,10,0
78.27,220.03,0.356,-141.75,13,6,1
101.31,223.82,0.453,-122.51,37,1,1
143.07,170.29,0.84,-27.22,37,5,1
94.09,127.5,0.738,-33.4,11,6,1
114.1,262.46,0.435,-148.36,4,9,1
80.88,155.61,0.52,-74.73,81,9,1
98.77,208.75,0.473,-109.98,15,9,0
19.93,26.92,0.74,-6.99,7,3,1
45.61,73.76,0.618,-28.15,11,4,1
60.66,180.32,0.336,-119.66,7,8,1
76.15,66.83,1.139,9.32,30,8,1
16.39,23.41,0.7,-7.02,9,2,1
29.6,32.21,0.919,-2.6,24,8,1
48.75,115.34,0.423,-66.59,25,7,1
146.01,345.01,0.423,-198.99,24,9,1
56.39,61.44,0.918,-5.05,17,5,1
77.49,40.27,1.924,37.21,27,2,0
37.45,12.39,3.022,25.06,6,5,0
95.51,138.88,0.688,-43.37,1,2,1
49.3,69.4,0.71,-20.11,25,5,1
38.98,115.71,0.337,-76.74,9,9,1
82.32,129.12,0.638,-46.8,1,7,1
10.77,10.69,1.008,0.08,1,7,1
11.07,29.97,0.37,-18.89,2,1,1
40.67,66.12,0.615,-25.45,19,9,1
15.14,29.04,0.521,-13.9,17,6,1
25.12,14.03,1.791,11.1,3,7,0
57.44,76.62,0.75,-19.18,26,2,1
122.36,348.66,0.351,-226.3,4,1,1
90.09,170.41,0.529,-80.33,22,4,1
81.77,100.59,0.813,-18.82,9,9,1
51.09,101.63,0.503,-50.54,18,9,1
140.45,387.36,0.363,-246.92,6,3,0
65.58,68.19,0.962,-2.61,5,1,0
22.19,36.93,0.601,-14.73,25,2,1
96.39,278.42,0.346,-182.03,1,9,1
25.94,19.85,1.306,6.08,51,9,1
58.33,130.84,0.446,-72.51,14,1,1
81.04,158.76,0.51,-77.72,7,9,1
132.39,282.67,0.468,-150.28,13,1,1
79.1,98.74,0.801,-19.64,1,10,1
108.32,124.29,0.871,-15.97,10,4,0
148.99,319.95,0.466,-170.95,58,5,1
28.41,25.06,1.134,3.35,3,8,1
48.46,69.45,0.698,-20.99,17,5,1
65.24,52.72,1.238,12.52,7,5,0
69.06,22.27,3.102,46.79,14,4,0
67.54,197.17,0.343,-129.63,3,9,1
137.07,200.88,0.682,-63.82,8,8,1
109.96,320.79,0.343,-210.83,54,9,1
95.11,64.57,1.473,30.54,3,7,0
53.31,100.54,0.53,-47.23,14,7,1
125.33,105.61,1.187,19.72,11,5,0
143.71,349.67,0.411,-205.96,11,10,1
124.97,301.92,0.414,-176.95,13,1,1
10.22,6.17,1.656,4.05,9,6,0
99.1,273.76,0.362,-174.66,1,10,1
17.16,14.16,1.211,2.99,32,6,0
46.07,90.06,0.511,-43.99,24,10,1
18.33,54.29,0.338,-35.96,2,4,1
94.53,253.58,0.373,-159.05,7,2,1
106.12,305.92,0.347,-199.8,20,1,1
26.03,31.89,0.816,-5.86,54,3,0
63.74,37.29,1.709,26.45,42,9,0
73.87,59.73,1.237,14.14,32,1,0
61.67,101.83,0.606,-40.17,2,5,1
26.94,65.79,0.41,-38.84,34,10,1
68.65,48.43,1.418,20.22,29,6,0
115.16,239.69,0.48,-124.52,6,9,1
19.94,23.4,0.852,-3.46,7,1,0
21.23,25.92,0.819,-4.7,8,5,1
59.67,124.54,0.479,-64.87,14,1,1
141.84,221.4,0.641,-79.56,4,2,1
103.6,258.22,0.401,-154.62,1,2,1
105.01,75.71,1.387,29.3,2,5,0
60.67,147.6,0.411,-86.93,8,10,1
93.11,44.08,2.112,49.03,4,4,0
11.42,9.41,1.214,2.01,20,6,0
99.05,205.2,0.483,-106.15,1,5,1
137.86,359.58,0.383,-221.72,34,2,1
95.76,94.06,1.018,1.7,31,9,1
132.32,156.59,0.845,-24.27,33,10,1
111.36,194.9,0.571,-83.54,18,8,1
26.88,23.42,1.148,3.46,1,9,1
136.34,339.51,0.402,-203.17,8,6,1
19.3,46.11,0.419,-26.81,1,5,1
84.76,58.68,1.444,26.08,61,5,0
29.9,46.41,0.644,-16.51,5,2,0
11.64,27.84,0.418,-16.2,12,4,1
69.08,83.65,0.826,-14.56,21,2,0
51.31,103.09,0.498,-51.79,35,2,1
78.04,33.99,2.296,44.05,19,8,0
90.81,176.48,0.515,-85.67,15,4,1
16.12,11.48,1.404,4.64,8,4,0
27.22,69.21,0.393,-41.99,13,7,1
88.21,111.12,0.794,-22.91,1,4,1
58.04,61.54,0.943,-3.49,30,9,1
112.08,288.1,0.389,-176.02,10,9,1
101.32,44.11,2.297,57.21,1,3,0
128.38,176.0,0.729,-47.61,35,6,1
106.95,138.93,0.77,-31.98,9,7,1
70.19,75.03,0.935,-4.84,28,3,0
104.22,287.82,0.362,-183.6,27,4,1
48.55,113.01,0.43,-64.45,23,1,1
52.88,24.99,2.116,27.89,1,9,0
120.46,268.58,0.448,-148.12,3,7,1
72.5,124.97,0.58,-52.47,29,10,1
121.77,332.73,0.366,-210.95,32,7,1
125.14,143.28,0.873,-18.14,8,9,1
130.06,240.64,0.54,-110.58,8,6,1
138.33,228.52,0.605,-90.2,2,8,1
70.34,114.08,0.617,-43.74,48,5,1
54.64,83.68,0.653,-29.04,3,8,1
91.51,78.26,1.169,13.25,2,10,1
61.96,145.02,0.427,-83.06,15,1,1
94.15,142.98,0.658,-48.83,3,3,1
108.78,314.16,0.346,-205.38,39,4,1
106.38,106.82,0.996,-0.44,1,9,1
62.44,133.83,0.467,-71.39,1,8,1
33.36,94.74,0.352,-61.38,9,8,1
70.27,146.97,0.478,-76.69,9,2,1
29.96,79.48,0.377,-49.51,2,7,1
134.61,341.14,0.395,-206.52,9,3,1
58.42,74.33,0.786,-15.91,7,6,1
31.62,60.73,0.521,-29.1,30,4,1
13.56,9.79,1.385,3.77,1,6,0
100.42,175.32,0.573,-74.9,52,4,1
99.17,91.45,1.084,7.72,13,3,0
57.68,133.14,0.433,-75.46,2,2,1
20.04,34.58,0.579,-14.54,1,4,1
67.35,94.98,0.709,-27.63,10,10,1
53.57,54.95,0.975,-1.38,3,2,0
104.8,314.02,0.334,-209.23,5,7,1
94.81,46.8,2.026,48.01,3,1,0
61.04,25.49,2.395,35.55,14,1,0
40.5,35.91,1.128,4.59,11,5,0
148.33,433.39,0.342,-285.07,1,7,1
73.56,216.56,0.34,-143.0,10,1,1
106.36,219.98,0.483,-113.62,21,4,0
29.68,79.43,0.374,-49.75,1,5,1
77.98,68.45,1.139,9.54,30,2,0
13.86,40.52,0.342,-26.66,12,7,1
80.76,55.37,1.459,25.4,42,4,0
144.96,83.07,1.745,61.89,2,8,0
63.79,38.46,1.658,25.33,70,1,1
15.46,28.56,0.541,-13.1,14,10,1
14.33,34.52,0.415,-20.19,11,1,1
64.32,82.97,0.775,-18.65,10,1,0
32.4,95.28,0.34,-62.87,1,4,1
13.27,19.54,0.679,-6.28,39,1,0
115.87,81.83,1.416,34.04,14,5,0
74.19,115.6,0.642,-41.41,1,6,1
50.49,107.72,0.469,-57.23,1,7,1
136.01,346.42,0.393,-210.41,1,8,1
26.26,40.4,0.65,-14.15,13,8,1
143.83,273.67,0.526,-129.84,13,2,1
53.96,55.13,0.979,-1.18,9,4,1
134.38,274.66,0.489,-140.29,5,7,1
94.41,279.66,0.338,-185.25,10,9,1
125.74,54.38,2.312,71.36,10,9,0
147.76,398.02,0.371,-250.25,1,3,1
50.38,91.59,0.55,-41.22,4,7,1
144.56,141.76,1.02,2.79,1,4,1
64.53,185.72,0.347,-121.2,32,9,1
63.97,102.68,0.623,-38.71,18,7,1
57.65,68.93,0.836,-11.28,77,6,1
85.8,67.78,1.266,18.01,5,9,1
31.58,30.32,1.042,1.26,29,7,1
87.52,223.06,0.392,-135.54,12,8,1
85.84,168.15,0.51,-82.31,8,5,1
116.67,322.67,0.362,-206.0,3,4,1
126.71,117.37,1.08,9.34,18,1,0
71.66,44.94,1.595,26.72,32,8,0
52.33,16.56,3.16,35.77,3,6,0
46.31,77.39,0.598,-31.08,2,4,1
37.25,111.57,0.334,-74.32,16,3,1
18.07,39.33,0.459,-21.26,52,5,1
57.94,65.63,0.883,-7.69,19,4,1
47.83,127.6,0.375,-79.77,4,7,1
145.3,350.26,0.415,-204.97,7,6,1
88.08,30.09,2.927,57.99,6,3,0
58.62,146.87,0.399,-88.25,26,10,1
91.27,101.43,0.9,-10.17,20,1,0
29.49,20.76,1.42,8.72,12,7,0
72.17,65.75,1.098,6.42,4,5,0
97.67,152.87,0.639,-55.2,38,1,0
78.45,113.52,0.691,-35.08,14,1,1
66.25,71.55,0.926,-5.3,49,6,0
149.14,114.09,1.307,35.05,12,4,0
133.24,314.19,0.424,-180.95,24,8,1
97.28,289.23,0.336,-191.96,23,2,1
89.71,215.31,0.417,-125.6,5,4,1
96.89,106.49,0.91,-9.6,46,8,1
38.18,36.69,1.041,1.49,1,8,1
65.32,57.98,1.127,7.34,20,5,0
15.52,10.39,1.495,5.14,47,3,0
76.58,136.96,0.559,-60.39,5,4,1
86.02,166.42,0.517,-80.4,14,3,1
41.88,92.35,0.454,-50.47,11,2,1
144.96,309.73,0.468,-164.76,20,4,1
137.32,149.59,0.918,-12.26,28,9,0
111.1,132.41,0.839,-21.31,12,6,1
84.67,181.21,0.467,-96.54,23,4,1
131.8,163.89,0.804,-32.09,5,1,1
28.29,24.73,1.144,3.56,3,7,0
120.67,158.16,0.763,-37.49,7,2,0
27.47,28.43,0.967,-0.95,15,6,0
121.19,65.25,1.857,55.94,2,10,0
48.61,123.53,0.393,-74.92,15,1,1
132.79,345.71,0.384,-212.92,7,7,1
142.17,127.0,1.119,15.17,22,4,1
30.83,14.64,2.106,16.19,1,3,0
74.77,171.6,0.436,-96.82,15,10,1
147.34,128.35,1.148,18.99,14,7,1
77.68,105.82,0.734,-28.14,39,3,0
130.9,61.94,2.113,68.96,17,8,0
92.42,84.19,1.098,8.23,22,4,0
62.55,152.66,0.41,-90.12,32,3,1
50.01,123.62,0.405,-73.61,15,7,1
38.45,33.03,1.164,5.42,4,7,1
116.65,140.79,0.829,-24.14,28,9,1
64.12,42.47,1.51,21.64,19,10,0
81.58,40.81,1.999,40.77,7,7,0
78.93,235.11,0.336,-156.18,17,6,1
90.82,188.0,0.483,-97.19,28,3,1
131.18,231.36,0.567,-100.18,52,4,1
147.3,348.64,0.423,-201.34,42,8,1
67.06,172.23,0.389,-105.17,5,6,1
125.85,311.88,0.404,-186.03,7,9,1
117.03,40.34,2.901,76.7,1,8,0
90.29,72.63,1.243,17.66,3,8,0
143.85,297.51,0.484,-153.66,29,10,1
38.07,50.04,0.761,-11.97,6,10,1
25.3,74.69,0.339,-49.4,13,7,1
129.55,271.62,0.477,-142.07,15,10,1
71.48,206.06,0.347,-134.58,21,1,1
128.58,108.51,1.185,20.07,2,5,1
135.03,355.5,0.38,-220.47,5,7,1
18.74,21.89,0.856,-3.14,8,10,1
133.69,397.29,0.336,-263.6,6,9,1
72.76,52.81,1.378,19.96,56,4,0
81.46,138.0,0.59,-56.54,25,8,1
97.72,238.51,0.41,-140.79,9,1,1
139.69,205.09,0.681,-65.4,29,4,1
12.68,19.82,0.639,-7.15,5,4,1
76.76,227.45,0.337,-150.69,21,2,1
106.28,153.93,0.69,-47.65,3,3,0
111.18,214.69,0.518,-103.51,20,3,1
106.95,47.84,2.236,59.12,8,9,0
28.82,74.18,0.389,-45.36,1,7,1
51.92,106.43,0.488,-54.51,4,2,1
60.22,83.76,0.719,-23.54,7,9,1
122.62,42.14,2.91,80.48,19,8,0
49.03,93.03,0.527,-44.0,1,6,1
39.5,13.2,2.992,26.3,15,6,0
144.04,43.68,3.298,100.36,17,2,0
11.24,22.07,0.509,-10.83,14,3,1
149.69,121.3,1.234,28.39,20,6,0
104.75,85.7,1.222,19.06,2,3,0
125.99,260.01,0.485,-134.03,12,7,1
51.25,22.8,2.247,28.44,39,5,0
12.0,13.76,0.872,-1.75,13,4,0
113.3,79.7,1.422,33.6,13,8,0
126.78,236.63,0.536,-109.85,18,2,1
113.67,237.2,0.479,-123.53,5,3,1
30.0,67.41,0.445,-37.41,16,10,1
115.48,114.22,1.011,1.26,34,4,0
117.65,63.65,1.849,54.0,1,10,0
102.2,52.37,1.951,49.83,28,6,0
117.26,170.09,0.689,-52.84,3,5,1
128.43,366.51,0.35,-238.08,8,5,1
95.9,85.15,1.126,10.75,26,7,0
22.4,22.25,1.007,0.15,24,8,1
78.27,44.8,1.747,33.47,31,6,0
20.87,40.39,0.517,-19.52,39,3,1
67.06,143.21,0.468,-76.15,8,4,1
66.99,136.4,0.491,-69.4,14,1,1
19.24,50.51,0.381,-31.27,6,5,1
58.83,94.92,0.62,-36.09,6,10,1
25.54,16.93,1.508,8.61,7,8,0
123.15,133.18,0.925,-10.02,19,3,0
142.68,297.99,0.479,-155.31,9,10,1
20.12,39.35,0.511,-19.23,23,4,1
143.72,249.16,0.577,-105.45,19,4,1
83.16,178.3,0.466,-95.14,1,6,1
51.94,104.97,0.495,-53.03,13,9,1
20.76,55.63,0.373,-34.87,8,10,1
80.09,150.74,0.531,-70.66,8,3,1
121.23,291.23,0.416,-169.99,23,4,1
108.99,105.89,1.029,3.11,11,6,0
17.03,36.3,0.469,-19.26,30,6,1
20.21,55.28,0.366,-35.08,17,7,1
66.4,89.08,0.745,-22.67,11,1,0
51.34,123.4,0.416,-72.06,19,9,1
42.53,96.0,0.443,-53.46,1,2,1
49.34,22.73,2.171,26.61,1,4,0
122.49,229.06,0.535,-106.57,1,3,1
140.09,91.27,1.535,48.82,8,3,0
66.71,194.26,0.343,-127.54,3,5,1
136.86,340.88,0.401,-204.02,58,7,1
55.01,32.8,1.677,22.21,10,7,0
76.7,48.22,1.591,28.48,15,7,0
41.64,79.34,0.525,-37.69,4,3,1
99.67,122.71,0.812,-23.04,5,9,1
147.06,57.98,2.536,89.08,5,6,0
94.49,166.53,0.567,-72.04,16,10,1
60.09,80.96,0.742,-20.86,8,8,1
100.69,57.69,1.745,43.01,10,1,0
27.21,67.07,0.406,-39.87,12,4,1
134.41,372.42,0.361,-238.0,20,7,1
80.43,188.44,0.427,-108.0,1,9,1
72.91,183.77,0.397,-110.86,21,3,1
92.02,81.39,1.131,10.63,11,6,0
97.47,98.6,0.988,-1.14,15,8,1
20.05,17.3,1.159,2.75,5,3,0
105.57,249.74,0.423,-144.17,7,6,1
43.87,125.44,0.35,-81.57,3,9,1
109.95,245.8,0.447,-135.84,54,9,1
125.15,335.41,0.373,-210.26,9,6,1
122.55,248.11,0.494,-125.56,77,5,1
87.35,117.63,0.743,-30.28,9,1,0
82.82,120.06,0.69,-37.23,3,3,1
30.0,15.1,1.987,14.9,9,3,0
118.55,45.63,2.598,72.92,1,4,1
48.0,104.53,0.459,-56.53,32,5,1
79.54,118.01,0.674,-38.48,23,8,1
49.8,89.19,0.558,-39.39,18,9,1
28.74,51.89,0.554,-23.15,13,7,1
98.14,102.94,0.953,-4.8,12,10,1
17.61,27.9,0.631,-10.3,80,6,1
114.81,180.37,0.637,-65.56,4,3,1
54.46,73.46,0.741,-18.99,21,9,1
10.02,25.21,0.397,-15.19,12,10,1
81.56,123.82,0.659,-42.26,52,1,0
16.56,31.96,0.518,-15.4,24,9,1
48.66,132.26,0.368,-83.6,90,3,1
108.98,287.57,0.379,-178.59,12,9,1
18.78,50.77,0.37,-32.0,3,10,1
127.51,131.21,0.972,-3.7,9,1,0
10.53,4.16,2.535,6.38,17,8,0
44.56,44.77,0.995,-0.22,20,6,1
113.73,119.7,0.95,-5.97,1,9,1
54.28,149.55,0.363,-95.27,9,4,1
24.26,49.81,0.487,-25.55,3,5,1
60.43,31.46,1.921,28.97,29,6,0
47.86,31.85,1.503,16.01,2,9,1
127.98,92.19,1.388,35.79,15,6,0
53.87,107.85,0.499,-53.98,4,9,1
120.45,275.3,0.438,-154.85,6,2,1
134.86,353.48,0.382,-218.62,39,4,1
70.73,200.87,0.352,-130.13,3,3,1
137.39,116.04,1.184,21.35,1,4,0
62.82,71.39,0.88,-8.57,1,1,0
144.97,137.56,1.054,7.41,9,2,0
22.5,28.55,0.788,-6.04,14,4,1
106.18,294.08,0.361,-187.9,5,10,1
79.13,146.62,0.54,-67.49,16,4,1
64.27,147.38,0.436,-83.11,1,5,1
98.58,160.03,0.616,-61.45,27,9,1
108.54,41.02,2.646,67.52,23,1,0
10.61,5.02,2.113,5.59,59,8,0
33.37,58.48,0.571,-25.11,38,3,1
109.83,246.09,0.446,-136.27,6,9,1
103.29,91.04,1.135,12.25,7,8,1
145.25,326.68,0.445,-181.44,19,8,1
116.55,290.06,0.402,-173.51,2,9,1
143.11,202.09,0.708,-58.98,5,4,1
108.36,250.88,0.432,-142.52,1,5,1
51.73,71.95,0.719,-20.22,8,7,1
24.75,52.76,0.469,-28.01,11,2,1
119.46,282.25,0.423,-162.79,3,7,1
100.18,298.36,0.336,-198.18,1,3,1
16.75,20.64,0.811,-3.89,17,6,1
60.41,85.16,0.709,-24.76,1,6,1
143.95,107.56,1.338,36.39,50,6,0
80.06,68.13,1.175,11.93,3,10,0
70.58,153.32,0.46,-82.73,15,2,1
74.08,205.64,0.36,-131.56,7,9,1
39.24,53.58,0.732,-14.34,1,8,1
61.62,48.41,1.273,13.21,8,7,0
61.77,66.08,0.935,-4.31,10,9,1
17.33,26.49,0.654,-9.16,27,4,1
117.46,127.41,0.922,-9.96,18,2,0
68.31,63.57,1.075,4.74,1,4,0
125.11,286.14,0.437,-161.03,3,10,1
129.05,41.45,3.114,87.6,5,3,0
39.68,69.67,0.57,-29.99,1,2,1
102.03,249.28,0.409,-147.25,8,2,1
76.12,77.55,0.982,-1.43,58,8,1
133.22,256.97,0.518,-123.75,10,5,1
40.2,84.67,0.475,-44.47,18,6,1
104.89,216.98,0.483,-112.09,16,8,1
95.09,142.99,0.665,-47.9,26,7,1
51.34,63.45,0.809,-12.1,3,7,1
29.12,74.47,0.391,-45.35,19,7,1
101.23,237.67,0.426,-136.44,29,7,1
113.4,132.39,0.857,-18.98,2,8,1
54.19,31.33,1.73,22.86,5,1,0
100.28,49.52,2.025,50.75,49,3,0
65.32,36.22,1.803,29.1,21,1,0
109.85,205.83,0.534,-95.98,4,8,1
37.89,16.65,2.275,21.24,11,2,0
134.63,162.86,0.827,-28.23,7,7,1
50.24,117.24,0.429,-67.0,9,6,1
61.49,67.32,0.913,-5.83,6,1,0
18.13,42.81,0.424,-24.68,4,6,1
25.61,59.23,0.432,-33.62,15,9,1
82.22,79.24,1.038,2.98,21,3,0
47.46,107.64,0.441,-60.17,28,7,1
126.97,294.44,0.431,-167.47,2,4,1
12.06,16.56,0.728,-4.5,24,1,0
63.07,54.76,1.152,8.32,4,7,1
57.23,97.71,0.586,-40.49,7,1,1
12.71,35.42,0.359,-22.72,32,4,1
27.41,55.56,0.493,-28.15,8,9,1
67.91,52.08,1.304,15.83,3,5,0
79.0,169.33,0.467,-90.33,2,7,1
66.6,96.8,0.688,-30.2,8,7,1
84.33,159.99,0.527,-75.66,20,3,1
93.32,212.95,0.438,-119.63,82,8,1
11.39,19.25,0.592,-7.86,21,1,1
74.97,187.27,0.4,-112.29,29,4,1
144.89,325.98,0.444,-181.09,19,10,1
82.66,162.08,0.51,-79.42,31,4,1
104.86,74.15,1.414,30.71,1,2,0
53.66,137.21,0.391,-83.55,37,6,1
118.36,334.59,0.354,-216.24,7,1,1
118.21,79.18,1.493,39.03,35,3,0
82.98,134.28,0.618,-51.3,1,9,1
146.64,146.5,1.001,0.15,17,10,1
27.58,64.45,0.428,-36.88,18,6,1
12.37,27.82,0.445,-15.45,80,2,1
117.82,80.16,1.47,37.66,20,9,0
123.0,328.17,0.375,-205.16,6,2,1
26.83,21.16,1.268,5.67,11,7,1
47.18,115.72,0.408,-68.54,6,1,1
12.46,19.11,0.652,-6.65,3,5,1
51.06,60.58,0.843,-9.51,3,7,1
118.24,85.99,1.375,32.25,3,3,0
82.51,62.1,1.329,20.42,11,4,0
58.73,122.58,0.479,-63.85,33,5,1
62.04,110.82,0.56,-48.78,34,3,1
10.19,6.42,1.588,3.77,1,6,0
51.97,31.41,1.655,20.57,1,3,0
100.5,49.77,2.019,50.73,3,8,0
146.39,337.89,0.433,-191.5,4,7,1
128.59,285.73,0.45,-157.15,1,1,1
13.3,6.09,2.185,7.21,6,2,0
135.8,246.17,0.552,-110.37,12,4,1
119.65,63.25,1.892,56.4,12,5,0
119.25,326.77,0.365,-207.51,10,10,1
74.12,203.77,0.364,-129.65,5,4,1
65.72,143.61,0.458,-77.89,17,4,1
52.41,146.78,0.357,-94.37,24,9,1
19.2,47.82,0.401,-28.62,5,4,1
41.95,106.44,0.394,-64.48,1,4,1
44.52,81.85,0.544,-37.32,4,4,1
77.77,87.6,0.888,-9.83,2,2,0
114.64,101.81,1.126,12.83,8,8,1
76.33,90.34,0.845,-14.0,2,4,1
18.1,36.14,0.501,-18.04,8,5,1
144.09,110.4,1.305,33.69,3,8,0
141.98,141.74,1.002,0.24,18,4,0
119.93,187.54,0.639,-67.61,1,5,1
148.79,138.26,1.076,10.53,11,5,0
86.23,162.91,0.529,-76.69,2,6,1
144.79,404.33,0.358,-259.54,1,7,1
20.58,47.75,0.431,-27.17,28,3,1
61.2,128.47,0.476,-67.28,15,10,1
41.55,77.84,0.534,-36.29,1,3,1
37.42,60.52,0.618,-23.1,15,9,1
29.71,23.88,1.244,5.83,13,1,0
97.14,263.8,0.368,-166.66,8,10,1
119.39,115.93,1.03,3.46,7,8,0
90.96,49.71,1.83,41.25,30,10,0
30.57,71.09,0.43,-40.51,3,3,1
123.56,95.65,1.292,27.9,7,5,0
99.03,129.15,0.767,-30.12,5,3,1
64.34,24.22,2.657,40.13,20,10,1
104.38,69.94,1.492,34.44,34,1,0
46.39,35.61,1.303,10.78,26,10,0
58.33,26.07,2.238,32.26,22,5,0
138.45,287.0,0.482,-148.55,60,8,1
50.67,129.71,0.391,-79.04,16,5,1
75.8,99.14,0.765,-23.34,19,4,1
134.62,358.27,0.376,-223.65,56,9,0
109.08,95.56,1.142,13.52,1,1,0
18.71,22.05,0.848,-3.34,14,5,1
30.62,21.65,1.414,8.97,18,1,0
11.1,21.92,0.506,-10.83,34,6,1
98.33,140.97,0.698,-42.64,30,10,1
72.67,142.14,0.511,-69.47,25,9,1
28.8,67.86,0.424,-39.07,40,2,1
144.11,255.57,0.564,-111.46,10,4,1
84.15,167.85,0.501,-83.7,1,8,1
43.87,123.93,0.354,-80.06,1,3,1
80.08,88.69,0.903,-8.61,11,7,1
105.15,133.51,0.788,-28.36,7,7,1
20.67,46.26,0.447,-25.59,8,2,1
48.46,94.52,0.513,-46.06,7,10,1
122.98,96.17,1.279,26.8,34,4,0
74.35,97.82,0.76,-23.47,6,1,0
86.52,135.25,0.64,-48.73,27,8,1
70.59,101.12,0.698,-30.52,32,10,1
16.15,12.62,1.28,3.53,9,10,1
33.2,92.84,0.358,-59.63,8,9,0
72.38,170.68,0.424,-98.31,20,1,1
39.29,62.84,0.625,-23.56,17,7,1
17.0,36.31,0.468,-19.31,5,1,1
128.11,348.8,0.367,-220.69,1,1,1
147.37,98.39,1.498,48.97,4,9,0
121.04,118.14,1.025,2.9,1,10,1
129.53,228.66,0.566,-99.13,4,10,1
43.88,107.82,0.407,-63.94,4,6,1
144.49,57.49,2.513,87.0,14,1,0
37.57,111.09,0.338,-73.52,43,7,1
143.2,218.85,0.654,-75.65,16,3,1
149.27,189.57,0.787,-40.29,36,10,1
109.64,119.55,0.917,-9.91,21,4,0
147.36,113.58,1.297,33.78,18,4,0
89.74,218.71,0.41,-128.97,7,8,1
46.34,133.43,0.347,-87.09,5,1,1
71.18,100.85,0.706,-29.67,26,8,1
93.1,267.34,0.348,-174.24,33,9,1
20.23,51.07,0.396,-30.84,8,7,1
97.13,155.29,0.625,-58.16,1,1,1
147.36,312.39,0.472,-165.03,22,7,1
36.62,53.99,0.678,-17.37,4,6,1
120.96,218.77,0.553,-97.81,1,5,1
137.11,62.62,2.19,74.49,22,5,0
142.12,309.81,0.459,-167.69,10,1,1
144.42,63.92,2.259,80.5,16,6,0
83.0,208.02,0.399,-125.02,34,4,1
146.82,371.07,0.396,-224.25,10,1,1
116.02,109.07,1.064,6.95,9,8,1
32.63,38.31,0.852,-5.67,4,8,1
76.77,122.79,0.625,-46.02,5,4,1
110.57,211.29,0.523,-100.72,22,7,1
44.63,48.01,0.929,-3.39,8,3,0
99.69,189.38,0.526,-89.69,2,8,1
103.32,114.07,0.906,-10.75,1,7,1
32.78,14.74,2.223,18.03,8,5,0
89.11,27.34,3.259,61.77,8,5,0
118.03,67.64,1.745,50.39,14,9,1
79.85,194.75,0.41,-114.9,8,6,0
11.69,33.87,0.345,-22.17,2,6,1
11.27,16.37,0.688,-5.1,9,2,1
59.98,101.03,0.594,-41.04,33,5,1
139.67,97.28,1.436,42.39,2,4,0
42.01,75.11,0.559,-33.1,16,10,1
98.81,68.24,1.448,30.58,12,3,0
41.09,80.14,0.513,-39.05,19,9,1
55.03,155.18,0.355,-100.15,2,7,1
128.73,106.63,1.207,22.09,39,4,0
112.04,264.9,0.423,-152.86,13,9,1
23.36,8.49,2.751,14.87,26,9,0
70.02,91.99,0.761,-21.97,3,7,1
14.08,8.44,1.669,5.65,18,5,0
77.32,96.79,0.799,-19.46,21,9,1
102.74,78.96,1.301,23.78,7,7,1
26.59,34.78,0.765,-8.19,6,9,1
50.44,72.0,0.701,-21.56,15,3,1
65.7,73.03,0.9,-7.33,1,9,1
138.73,287.58,0.482,-148.85,18,1,1
149.06,414.51,0.36,-265.45,1,5,1
16.29,22.5,0.724,-6.22,2,2,0
116.54,95.49,1.221,21.06,15,1,0
62.04,63.96,0.97,-1.92,1,3,0
64.94,169.23,0.384,-104.29,49,7,1
115.6,213.09,0.542,-97.5,28,3,1
138.58,211.82,0.654,-73.24,13,10,1
143.13,100.77,1.42,42.36,23,10,0
90.8,137.49,0.66,-46.69,30,9,1
60.0,63.11,0.951,-3.12,4,3,1
120.26,342.32,0.351,-222.06,26,6,1
45.14,121.29,0.372,-76.15,3,2,1
88.97,46.85,1.899,42.12,7,8,0
60.2,102.04,0.59,-41.84,11,10,1
101.93,92.52,1.102,9.41,17,5,0
43.66,61.52,0.71,-17.86,1,2,1
36.82,98.23,0.375,-61.4,4,7,1
138.55,238.91,0.58,-100.35,13,3,1
24.25,29.16,0.832,-4.91,6,5,1
80.83,69.62,1.161,11.21,20,9,1
40.92,100.7,0.406,-59.78,14,1,1
15.45,30.69,0.503,-15.24,3,2,1
15.04,23.52,0.639,-8.48,2,5,1
34.53,30.64,1.127,3.89,13,4,0
131.35,157.94,0.832,-26.59,8,1,0
49.55,143.27,0.346,-93.72,2,7,1
143.06,243.82,0.587,-100.75,5,9,1
91.43,126.34,0.724,-34.91,5,1,1
71.13,121.47,0.586,-50.35,1,8,1
91.21,219.21,0.416,-128.0,11,9,1
82.34,100.31,0.821,-17.97,20,2,0
116.23,90.95,1.278,25.28,11,1,0
49.55,93.12,0.532,-43.57,24,6,1
59.43,124.56,0.477,-65.14,1,7,1
135.17,300.67,0.45,-165.5,8,2,1
142.5,382.11,0.373,-239.6,13,5,1
134.96,175.74,0.768,-40.78,15,5,1
68.72,34.6,1.986,34.12,16,7,0
119.25,344.34,0.346,-225.09,18,1,1
76.69,113.08,0.678,-36.39,14,10,1
79.66,157.94,0.504,-78.29,1,8,1
38.66,81.14,0.476,-42.48,16,5,1
92.76,164.7,0.563,-71.94,18,3,1
36.06,30.8,1.171,5.26,70,9,0
56.42,131.96,0.428,-75.54,16,3,1
129.7,320.39,0.405,-190.68,16,7,1
38.99,69.91,0.558,-30.92,10,10,1
19.96,32.32,0.618,-12.36,28,7,1
19.66,11.95,1.646,7.71,80,10,0
141.71,74.63,1.899,67.08,21,8,0
80.97,98.52,0.822,-17.56,13,10,1
67.32,76.69,0.878,-9.38,1,8,1
123.52,355.11,0.348,-231.59,18,4,1
127.02,306.84,0.414,-179.83,17,1,1
56.51,117.64,0.48,-61.13,20,4,1
107.11,181.83,0.589,-74.72,1,6,1
117.96,88.69,1.33,29.27,14,10,1
101.65,299.04,0.34,-197.39,4,6,1
31.22,40.98,0.762,-9.76,19,6,1
132.62,78.08,1.699,54.55,3,7,0
85.47,139.6,0.612,-54.13,16,1,1
49.55,131.78,0.376,-82.24,4,10,1
69.53,187.44,0.371,-117.9,1,1,1
15.26,5.03,3.034,10.23,14,7,0
27.9,75.14,0.371,-47.24,1,4,1
117.18,121.04,0.968,-3.87,15,6,1
10.0,4.05,2.468,5.95,36,6,1
68.32,176.88,0.386,-108.56,48,9,1
83.15,218.89,0.38,-135.74,3,2,1
17.65,33.71,0.524,-16.06,23,4,1
146.23,270.67,0.54,-124.44,6,4,1
41.66,103.95,0.401,-62.3,32,7,1
52.59,127.42,0.413,-74.83,21,1,1
52.55,142.06,0.37,-89.51,1,5,1
42.26,75.74,0.558,-33.49,7,4,1
10.21,29.73,0.343,-19.52,5,2,1
112.11,335.16,0.334,-223.05,21,5,1
145.36,89.35,1.627,56.01,7,9,0
41.4,107.38,0.386,-65.98,16,8,1
102.83,169.61,0.606,-66.79,12,9,1
113.87,153.31,0.743,-39.45,52,7,1
128.78,251.8,0.511,-123.02,38,10,1
69.17,31.2,2.217,37.97,7,7,0
52.41,87.39,0.6,-34.98,18,2,1
55.54,147.26,0.377,-91.72,24,3,1
109.77,96.19,1.141,13.57,32,10,1
124.35,180.46,0.689,-56.11,1,8,1
35.43,100.49,0.353,-65.06,5,2,1
61.93,90.24,0.686,-28.31,5,7,1
136.27,172.74,0.789,-36.47,7,6,1
122.94,183.11,0.671,-60.17,2,10,1
147.88,251.77,0.587,-103.89,9,4,1
115.59,231.93,0.498,-116.33,15,4,1
65.05,160.14,0.406,-95.09,9,3,1
92.69,140.95,0.658,-48.26,15,6,1
102.54,257.09,0.399,-154.55,1,3,1
20.98,36.53,0.574,-15.55,29,9,1
86.23,104.67,0.824,-18.44,39,4,1
109.3,226.97,0.482,-117.66,13,4,1
33.42,74.8,0.447,-41.38,29,2,1
119.29,215.52,0.553,-96.23,1,2,1
91.73,41.54,2.208,50.19,22,7,0
143.31,108.73,1.318,34.58,1,5,0
15.94,17.06,0.934,-1.12,7,3,0
47.15,50.12,0.941,-2.97,5,6,0
94.22,199.58,0.472,-105.36,12,6,1
51.52,18.01,2.861,33.51,5,1,0
110.02,257.48,0.427,-147.46,14,3,1
116.26,118.17,0.984,-1.91,6,5,0
24.35,27.69,0.879,-3.34,27,7,1
81.94,141.38,0.58,-59.44,14,4,1
81.24,71.74,1.133,9.51,3,8,1
61.7,165.85,0.372,-104.15,5,3,1
140.61,74.59,1.885,66.02,26,6,0
125.85,188.76,0.667,-62.9,6,6,1
107.61,279.08,0.386,-171.47,10,9,1
110.01,215.92,0.509,-105.91,14,4,1
74.64,81.3,0.918,-6.66,5,7,1
138.94,199.52,0.696,-60.58,4,10,1
107.24,236.8,0.453,-129.56,9,1,1
112.06,328.08,0.342,-216.02,3,1,1
130.64,354.22,0.369,-223.58,4,2,1
48.37,59.23,0.817,-10.86,1,4,1
122.99,368.37,0.334,-245.38,5,6,1
37.33,11.55,3.231,25.78,5,4,0
58.35,21.86,2.67,36.49,45,6,0
56.99,143.85,0.396,-86.87,12,2,1
146.99,123.26,1.193,23.73,21,9,1
129.92,60.29,2.155,69.62,1,3,0
108.16,101.71,1.063,6.46,1,7,1
111.79,162.15,0.689,-50.36,23,1,0
88.69,201.55,0.44,-112.86,13,8,1
142.59,283.15,0.504,-140.55,2,4,1
79.48,74.83,1.062,4.64,7,5,0
63.27,104.96,0.603,-41.69,10,7,1
32.82,91.94,0.357,-59.11,25,3,1
120.07,300.23,0.4,-180.17,1,9,1
112.82,132.3,0.853,-19.47,12,9,1
63.81,188.37,0.339,-124.56,17,8,1
13.53,29.94,0.452,-16.41,53,1,1
127.46,59.73,2.134,67.73,23,2,0
11.6,4.58,2.532,7.02,4,2,0
108.52,81.9,1.325,26.62,17,3,0
145.84,330.35,0.441,-184.51,20,2,1
71.27,56.74,1.256,14.53,18,1,0
42.9,72.11,0.595,-29.21,24,5,1
108.68,59.97,1.812,48.71,32,6,0
124.4,346.62,0.359,-222.22,1,7,1
86.5,106.28,0.814,-19.78,1,10,1
145.38,400.09,0.363,-254.71,22,7,1
17.23,49.14,0.351,-31.9,4,2,1
80.67,25.54,3.159,55.14,1,7,0
110.58,171.75,0.644,-61.17,7,2,1
130.77,47.94,2.728,82.83,23,2,0
35.1,96.64,0.363,-61.54,1,6,1
122.0,207.36,0.588,-85.36,15,6,1
87.38,43.89,1.991,43.48,1,8,0
65.52,39.16,1.673,26.35,1,5,0
28.44,37.98,0.749,-9.54,6,5,1
131.14,372.26,0.352,-241.12,1,10,1
32.02,69.51,0.461,-37.49,26,1,1
53.37,141.03,0.378,-87.66,27,4,1
50.61,65.25,0.776,-14.65,19,1,1
132.0,55.0,2.4,77.0,3,10,0
104.18,305.31,0.341,-201.13,10,5,1
121.54,42.1,2.887,79.44,2,8,0
45.07,128.83,0.35,-83.76,4,1,1
97.48,126.28,0.772,-28.8,10,3,1
90.04,29.47,3.056,60.58,18,1,0
126.6,273.54,0.463,-146.94,1,6,1
136.85,403.37,0.339,-266.51,4,10,1
11.7,34.02,0.344,-22.32,36,1,1
104.36,76.66,1.361,27.71,7,10,0
17.26,13.62,1.267,3.63,39,3,0
86.84,158.65,0.547,-71.81,66,5,1
50.27,101.58,0.495,-51.31,10,5,1
52.95,121.59,0.435,-68.64,4,2,1
59.41,46.87,1.268,12.55,21,3,0
96.98,280.21,0.346,-183.23,2,9,1
56.77,114.93,0.494,-58.16,4,1,1
112.58,291.24,0.387,-178.66,21,1,1
66.63,117.15,0.569,-50.52,7,2,1
19.57,27.76,0.705,-8.19,3,8,1
119.73,351.8,0.34,-232.08,14,6,1
50.01,93.6,0.534,-43.59,18,4,1
70.59,186.39,0.379,-115.8,1,7,0
105.96,304.52,0.348,-198.56,4,6,1
56.54,120.07,0.471,-63.52,3,9,1
17.92,31.94,0.561,-14.02,6,6,1
62.35,19.3,3.231,43.05,20,2,0
142.22,58.03,2.451,84.19,17,3,0
99.84,84.1,1.187,15.75,15,9,1
104.01,83.44,1.247,20.57,1,7,0
98.52,97.32,1.012,1.2,2,6,1
37.86,42.53,0.89,-4.67,3,5,1
68.57,87.23,0.786,-18.66,4,3,1
115.13,165.27,0.697,-50.13,2,4,1
24.19,13.72,1.764,10.48,7,1,0
48.9,20.26,2.413,28.64,1,5,0
48.68,103.19,0.472,-54.51,19,7,1
70.48,123.4,0.571,-52.92,21,2,1
147.25,220.76,0.667,-73.51,11,8,1
19.45,39.15,0.497,-19.7,1,10,1
82.62,209.42,0.395,-126.8,30,6,1
35.11,51.08,0.687,-15.97,47,10,1
145.89,296.32,0.492,-150.42,3,3,1
25.86,74.35,0.348,-48.48,17,2,1
66.5,170.72,0.39,-104.21,25,8,1
113.3,164.31,0.69,-51.01,10,4,1
108.64,221.7,0.49,-113.06,5,7,1
69.18,53.83,1.285,15.35,9,7,0
58.51,106.11,0.551,-47.6,10,10,1
65.67,193.69,0.339,-128.02,7,9,1
47.0,79.87,0.588,-32.87,37,10,1
38.75,108.67,0.357,-69.92,19,8,1
77.63,108.66,0.714,-31.04,3,8,1
47.59,142.64,0.334,-95.04,12,7,1
50.24,93.65,0.537,-43.41,16,10,1
101.95,42.22,2.415,59.73,2,5,0
145.6,274.34,0.531,-128.74,6,9,1
94.51,98.42,0.96,-3.91,33,7,1
20.78,8.06,2.579,12.72,11,3,0
20.58,51.79,0.397,-31.21,3,6,1
143.2,149.57,0.957,-6.37,1,3,0
51.62,126.51,0.408,-74.89,10,6,1
22.89,24.68,0.927,-1.79,11,8,1
93.87,77.41,1.213,16.46,5,9,0
97.31,285.08,0.341,-187.77,13,2,1
100.79,128.65,0.783,-27.86,1,6,0
47.44,91.25,0.52,-43.82,2,3,1
12.12,23.59,0.514,-11.47,11,7,1
145.1,263.11,0.551,-118.01,1,4,1
45.13,124.98,0.361,-79.86,29,5,1
104.64,221.95,0.471,-117.3,2,10,1
108.93,151.42,0.719,-42.49,15,6,1
95.4,250.75,0.38,-155.35,6,8,1
53.81,42.45,1.268,11.36,7,2,0
47.95,84.85,0.565,-36.9,20,4,1
93.67,268.51,0.349,-174.84,9,4,1
131.25,261.01,0.503,-129.75,18,6,1
142.54,357.19,0.399,-214.64,9,4,1
24.83,51.26,0.484,-26.43,12,5,1
31.68,81.29,0.39,-49.61,20,5,1
142.26,405.47,0.351,-263.2,13,8,1
113.11,117.29,0.964,-4.17,13,4,1
133.62,101.29,1.319,32.32,21,6,0
38.37,61.65,0.622,-23.28,41,7,1
92.26,202.52,0.456,-110.26,6,8,0
108.16,98.79,1.095,9.36,12,9,1
105.22,32.73,3.215,72.49,1,10,0
67.14,82.31,0.816,-15.17,6,8,1
12.16,35.44,0.343,-23.29,7,4,1
91.61,199.38,0.459,-107.77,25,4,1
45.43,62.86,0.723,-17.43,10,10,1
73.04,59.89,1.22,13.15,18,5,0
144.06,181.73,0.793,-37.66,1,3,0
65.86,49.96,1.318,15.9,8,2,0
127.57,74.89,1.704,52.68,32,2,0
36.4,100.02,0.364,-63.63,3,9,1
104.14,311.77,0.334,-207.63,1,8,1
146.78,109.07,1.346,37.71,7,6,0
24.27,10.85,2.236,13.41,17,9,0
11.16,13.29,0.84,-2.12,8,5,0
70.7,109.34,0.647,-38.64,8,10,1
22.97,19.59,1.172,3.38,15,1,0
114.77,127.84,0.898,-13.07,4,8,1
138.04,116.28,1.187,21.76,19,3,0
70.76,169.16,0.418,-98.4,2,9,1
46.22,102.79,0.45,-56.57,7,1,1
70.82,142.65,0.496,-71.83,14,3,1
111.28,149.73,0.743,-38.45,24,1,0
11.27,31.04,0.363,-19.77,21,1,1
92.52,269.96,0.343,-177.44,17,6,1
95.86,73.7,1.301,22.16,6,4,0
99.28,89.56,1.108,9.72,1,10,1
43.88,75.44,0.582,-31.56,3,4,1
109.97,60.08,1.83,49.88,28,5,0
22.79,33.7,0.676,-10.91,27,3,1
37.9,70.9,0.535,-33.0,42,2,1
132.85,227.11,0.585,-94.27,1,10,1
113.42,135.36,0.838,-21.94,10,8,1
11.92,21.04,0.567,-9.12,14,7,1
44.77,129.34,0.346,-84.56,17,10,1
40.02,34.26,1.168,5.75,14,4,1
47.91,99.09,0.484,-51.17,20,2,1
44.66,18.63,2.397,26.03,6,9,0
18.75,8.99,2.086,9.76,2,8,1
74.25,132.91,0.559,-58.65,3,4,1
112.58,65.67,1.714,46.91,1,5,0
94.94,34.21,2.775,60.73,6,10,0
104.2,79.52,1.31,24.69,1,6,0
21.36,38.99,0.548,-17.62,5,4,1
143.21,314.92,0.455,-171.71,13,2,1
127.39,107.86,1.181,19.53,31,5,0
122.71,258.22,0.475,-135.51,25,1,1
125.22,99.26,1.262,25.96,4,7,1
140.58,275.02,0.511,-134.44,2,9,1
86.2,121.73,0.708,-35.54,3,3,1
38.04,78.56,0.484,-40.52,49,6,1
96.35,287.76,0.335,-191.41,11,9,1
114.0,322.87,0.353,-208.87,2,4,1
113.31,35.3,3.21,78.01,25,6,0
83.0,223.33,0.372,-140.33,7,3,1
19.58,9.39,2.085,10.19,32,9,0
61.96,178.01,0.348,-116.06,4,7,0
138.91,147.37,0.943,-8.46,6,7,1
91.82,122.26,0.751,-30.44,9,4,1
85.37,46.73,1.827,38.63,31,6,0
47.64,28.73,1.658,18.91,28,8,0
61.58,139.31,0.442,-77.73,11,6,1
135.35,385.7,0.351,-250.35,3,6,1
103.3,201.34,0.513,-98.04,7,4,1
120.23,268.46,0.448,-148.22,52,8,1
73.61,173.52,0.424,-99.91,13,10,1
98.23,99.18,0.99,-0.94,21,8,1
44.77,18.9,2.369,25.87,8,9,0
108.76,33.18,3.278,75.59,10,6,0
69.86,87.1,0.802,-17.24,7,2,1
71.96,68.5,1.05,3.46,16,4,0
100.91,47.25,2.136,53.66,26,4,0
141.08,110.71,1.274,30.37,9,8,0
18.96,12.06,1.572,6.9,9,5,0
125.46,347.56,0.361,-222.09,5,4,1
50.93,34.57,1.473,16.36,2,8,0
72.15,126.38,0.571,-54.23,39,3,1
13.07,24.85,0.526,-11.78,5,2,1
52.15,92.16,0.566,-40.02,22,4,1
80.37,45.61,1.762,34.76,17,1,0
17.86,20.74,0.862,-2.87,21,1,0
78.75,34.53,2.281,44.23,38,5,0
139.8,191.28,0.731,-51.49,13,1,0
24.76,20.03,1.236,4.72,31,4,0
117.02,212.56,0.551,-95.54,2,8,1
67.35,146.2,0.461,-78.84,13,8,1
101.72,176.67,0.576,-74.94,20,2,1
46.43,68.37,0.679,-21.94,4,3,1
32.33,43.51,0.743,-11.18,18,3,1
32.46,83.52,0.389,-51.05,21,1,1
19.87,17.73,1.121,2.14,24,3,0
35.99,82.14,0.438,-46.15,5,8,1
102.99,241.53,0.426,-138.54,16,6,1
133.44,191.06,0.698,-57.62,5,5,1
123.98,136.71,0.907,-12.73,18,10,1
105.92,166.34,0.637,-60.42,8,9,1
25.46,14.05,1.813,11.41,12,7,0
50.49,21.41,2.358,29.08,7,6,0
53.37,32.09,1.663,21.28,2,5,0
44.99,36.23,1.242,8.76,2,5,0
82.1,136.39,0.602,-54.29,1,10,1
84.98,220.32,0.386,-135.34,13,9,1
59.96,56.14,1.068,3.82,26,10,1
59.53,168.17,0.354,-108.64,1,6,1
126.0,362.65,0.347,-236.66,1,4,1
120.5,348.13,0.346,-227.63,8,4,1
53.09,135.99,0.39,-82.9,18,4,1
137.93,176.87,0.78,-38.94,2,6,1
143.39,71.16,2.015,72.24,4,1,0
55.74,102.34,0.545,-46.59,3,9,1
59.62,107.82,0.553,-48.2,7,2,1
80.79,209.64,0.385,-128.85,3,2,1
141.76,423.74,0.335,-281.98,6,5,1
132.68,221.85,0.598,-89.17,18,4,1
24.36,30.01,0.812,-5.65,13,3,1
64.98,52.11,1.247,12.87,1,5,0
87.47,27.38,3.195,60.1,14,7,0
80.44,134.7,0.597,-54.26,9,10,1
37.14,66.85,0.556,-29.71,38,2,1
130.23,329.15,0.396,-198.91,4,6,1
104.77,174.17,0.602,-69.4,18,4,1
127.31,353.21,0.36,-225.9,18,2,1
130.23,259.91,0.501,-129.68,3,1,1
114.77,294.83,0.389,-180.06,32,8,1
71.49,50.07,1.428,21.42,9,5,0
95.48,249.14,0.383,-153.66,15,10,1
32.45,68.89,0.471,-36.44,2,2,1
104.31,79.24,1.316,25.07,4,8,1
35.1,28.51,1.231,6.59,12,3,0
107.15,300.19,0.357,-193.04,5,7,1
42.14,16.31,2.584,25.83,9,2,0
26.46,40.98,0.646,-14.52,6,7,1
33.14,37.99,0.872,-4.85,14,4,1
10.28,21.54,0.477,-11.26,9,10,1
110.62,283.97,0.39,-173.35,1,1,1
112.54,143.26,0.786,-30.72,14,5,1
82.09,119.25,0.688,-37.16,7,4,1
32.59,96.18,0.339,-63.59,5,8,1
21.7,52.43,0.414,-30.74,1,1,1
12.68,34.52,0.367,-21.84,3,2,1
33.2,49.3,0.674,-16.09,3,5,1
134.72,125.56,1.073,9.16,38,10,1
43.82,61.87,0.708,-18.05,7,10,1
59.6,133.11,0.448,-73.51,1,2,1
24.75,14.74,1.679,10.01,2,1,0
41.13,42.38,0.971,-1.24,1,6,1
82.69,35.22,2.348,47.47,12,10,0
95.09,139.52,0.682,-44.44,2,4,1
44.35,112.39,0.395,-68.04,9,5,1
18.08,6.63,2.728,11.45,6,3,0
64.74,137.48,0.471,-72.73,22,10,1
42.79,120.57,0.355,-77.78,5,6,1
40.74,38.28,1.064,2.46,8,4,1
144.38,313.71,0.46,-169.33,17,6,1
96.28,282.37,0.341,-186.09,7,5,1
87.96,254.93,0.345,-166.97,22,2,1
68.21,63.73,1.07,4.48,15,4,0
70.05,39.99,1.752,30.06,7,2,0
85.73,60.04,1.428,25.69,9,5,0
107.5,236.02,0.455,-128.52,47,3,1
108.3,244.71,0.443,-136.41,15,6,1
34.04,72.17,0.472,-38.14,32,5,0
80.02,96.61,0.828,-16.6,2,2,1
67.67,51.32,1.319,16.35,9,10,0
131.87,246.35,0.535,-114.47,33,8,1
98.4,158.02,0.623,-59.62,5,6,1
84.55,191.75,0.441,-107.2,48,9,1
26.16,39.02,0.67,-12.86,1,3,1
94.79,115.11,0.824,-20.32,32,4,1
26.41,28.85,0.915,-2.44,8,8,1
57.21,49.83,1.148,7.38,1,7,1
30.0,30.52,0.983,-0.53,29,8,1
106.89,59.44,1.798,47.45,4,9,0
38.88,48.07,0.809,-9.19,1,8,1
64.86,25.86,2.508,39.0,2,8,0
135.39,108.76,1.245,26.63,15,6,0
38.6,89.42,0.432,-50.81,53,2,1
81.09,95.59,0.848,-14.5,1,7,1
68.7,144.56,0.475,-75.86,8,4,1
12.54,28.03,0.447,-15.49,2,3,0
120.99,226.15,0.535,-105.16,19,4,1
19.67,56.81,0.346,-37.14,1,4,1
76.4,27.34,2.794,49.05,3,3,0
88.49,203.04,0.436,-114.54,3,9,1
97.98,283.04,0.346,-185.06,11,3,1
106.41,279.66,0.38,-173.25,28,2,1
45.46,34.24,1.327,11.21,10,1,0
11.4,13.48,0.846,-2.08,1,1,0
111.28,85.2,1.306,26.08,11,5,0
84.99,163.48,0.52,-78.49,22,5,1
127.06,282.43,0.45,-155.38,1,9,1
124.99,144.51,0.865,-19.51,1,4,1
128.07,224.97,0.569,-96.9,2,5,1
77.91,168.72,0.462,-90.81,19,6,1
56.71,81.52,0.696,-24.82,12,10,1
120.82,314.83,0.384,-194.01,10,7,1
73.18,174.4,0.42,-101.22,4,9,1
35.68,16.93,2.107,18.75,5,6,0
129.7,256.41,0.506,-126.72,47,1,0
133.56,124.93,1.069,8.63,3,8,1
75.28,135.91,0.554,-60.63,32,2,1
20.6,59.4,0.347,-38.8,12,9,1
64.3,171.89,0.374,-107.6,1,7,1
122.5,170.54,0.718,-48.04,8,7,1
136.25,148.11,0.92,-11.87,41,10,1
38.49,35.9,1.072,2.58,7,10,0
19.38,33.67,0.575,-14.3,27,5,1
132.83,80.82,1.643,52.01,4,8,0
64.52,115.04,0.561,-50.52,11,10,1
85.85,26.06,3.294,59.78,25,1,0
145.53,170.91,0.852,-25.38,35,3,0
19.32,17.27,1.119,2.05,9,9,1
100.76,294.46,0.342,-193.7,14,1,1
20.37,46.12,0.442,-25.74,1,8,1
62.57,77.84,0.804,-15.27,4,6,1
122.53,67.48,1.816,55.06,4,10,0
70.69,119.84,0.59,-49.15,1,5,1
149.61,131.1,1.141,18.5,4,6,0
88.27,154.32,0.572,-66.06,5,5,1
54.96,140.46,0.391,-85.49,48,9,1
40.82,80.11,0.51,-39.29,15,2,1
59.07,118.81,0.497,-59.74,7,10,1
62.15,109.44,0.568,-47.29,61,6,1
19.62,55.01,0.357,-35.39,2,4,1
61.74,173.87,0.355,-112.13,9,3,1
74.99,126.32,0.594,-51.32,14,5,1
111.18,125.14,0.888,-13.96,1,2,1
101.94,157.08,0.649,-55.14,17,3,1
109.23,87.79,1.244,21.44,1,7,1
11.17,22.54,0.496,-11.37,2,1,0
40.47,66.79,0.606,-26.32,2,2,1
102.64,59.42,1.727,43.22,37,3,0
77.76,64.82,1.2,12.94,16,10,1
10.74,17.14,0.627,-6.39,14,7,1
122.63,330.67,0.371,-208.04,11,4,0
118.19,216.21,0.547,-98.01,4,8,1
86.78,185.72,0.467,-98.94,13,8,1
19.3,23.46,0.823,-4.16,7,1,1
117.31,216.18,0.543,-98.87,2,5,1
91.72,138.31,0.663,-46.59,16,1,0
119.47,248.47,0.481,-128.99,1,7,1
115.24,50.31,2.291,64.93,2,4,0
122.42,199.78,0.613,-77.36,23,8,1
82.52,90.71,0.91,-8.18,15,8,1
29.65,35.0,0.847,-5.36,13,9,1
103.96,300.92,0.345,-196.95,7,6,1
96.87,76.84,1.261,20.02,7,7,0
113.92,129.9,0.877,-15.99,16,7,1
33.78,56.64,0.596,-22.86,18,5,1
37.3,98.1,0.38,-60.8,9,7,1
134.66,191.89,0.702,-57.23,48,9,1
115.0,265.46,0.433,-150.47,43,4,1
137.15,358.27,0.383,-221.12,7,2,1
116.22,132.15,0.879,-15.93,24,8,1
93.6,127.34,0.735,-33.74,10,7,1
101.58,128.26,0.792,-26.68,10,6,1
134.48,342.75,0.392,-208.27,1,7,1
91.03,38.21,2.382,52.82,11,3,0
98.53,111.61,0.883,-13.08,32,6,1
31.91,68.1,0.469,-36.2,21,10,1
76.35,139.47,0.547,-63.12,21,7,1
110.3,163.01,0.677,-52.72,2,7,1
47.93,84.26,0.569,-36.33,6,5,1
38.32,31.94,1.2,6.38,3,3,0
53.94,78.9,0.684,-24.97,5,2,0
43.81,72.49,0.604,-28.68,12,7,1
40.09,109.57,0.366,-69.48,6,4,1
69.48,69.77,0.996,-0.3,11,2,0
137.1,362.37,0.378,-225.27,8,8,1
80.99,165.17,0.49,-84.18,4,2,1
36.31,12.89,2.818,23.42,1,6,0
20.78,46.88,0.443,-26.11,31,4,1
107.46,42.55,2.525,64.91,1,9,0
63.59,190.33,0.334,-126.73,1,5,1
125.06,332.16,0.376,-207.11,24,4,1
102.33,112.85,0.907,-10.52,80,8,0
121.47,120.87,1.005,0.61,18,3,0
48.07,63.93,0.752,-15.86,1,9,1
106.93,134.91,0.793,-27.98,3,8,1
46.97,61.31,0.766,-14.34,49,8,1
141.47,164.01,0.863,-22.54,23,10,1
99.09,195.91,0.506,-96.82,11,5,1
55.43,41.21,1.345,14.22,3,1,0
47.73,123.35,0.387,-75.61,1,10,1
36.73,91.59,0.401,-54.86,1,9,1
107.25,170.15,0.63,-62.9,13,2,1
40.62,105.71,0.384,-65.09,1,1,1
93.34,90.29,1.034,3.05,70,6,0
47.05,16.35,2.878,30.7,2,1,0
102.68,202.46,0.507,-99.79,17,10,1
124.09,190.65,0.651,-66.56,2,10,1
118.92,217.79,0.546,-98.87,10,10,1
116.52,317.89,0.367,-201.37,1,7,1
36.28,105.9,0.343,-69.62,20,7,1
22.37,45.04,0.497,-22.67,12,1,1
107.85,254.85,0.423,-147.0,1,10,1
61.57,32.4,1.9,29.17,26,5,0
70.53,51.76,1.363,18.77,11,3,0
14.36,32.74,0.439,-18.38,35,2,1
46.34,67.87,0.683,-21.53,34,5,1
14.71,22.13,0.665,-7.42,35,5,1
133.09,150.82,0.882,-17.73,1,2,1
44.08,85.5,0.516,-41.42,1,6,1
88.03,70.42,1.25,17.61,61,7,0
15.46,30.8,0.502,-15.34,9,1,1
103.36,79.51,1.3,23.85,3,3,0
55.22,26.08,2.117,29.14,20,4,0
135.71,161.76,0.839,-26.05,4,2,1
134.34,124.14,1.082,10.2,18,10,0
55.54,149.98,0.37,-94.43,25,5,1
136.13,61.04,2.23,75.1,21,4,0
149.46,116.11,1.287,33.35,4,2,0
125.56,223.69,0.561,-98.13,7,1,1
128.28,205.11,0.625,-76.83,7,8,1
44.86,19.01,2.36,25.85,9,2,0
90.74,29.0,3.129,61.74,2,4,0
19.42,57.62,0.337,-38.21,8,10,1
23.29,48.41,0.481,-25.12,10,5,1
149.84,192.79,0.777,-42.95,10,2,1
55.73,87.5,0.637,-31.78,23,10,1
114.75,117.0,0.981,-2.26,10,9,0
122.93,151.35,0.812,-28.42,3,2,1
130.12,267.07,0.487,-136.94,15,6,1
149.67,401.65,0.373,-251.98,22,7,1
43.81,34.92,1.254,8.89,5,6,0
15.65,40.2,0.389,-24.55,14,4,1
67.57,42.45,1.592,25.12,2,1,0
28.21,24.84,1.136,3.37,5,2,0
13.14,5.26,2.498,7.88,33,10,0
60.46,41.12,1.47,19.34,33,10,0
119.72,332.44,0.36,-212.71,11,6,1
89.27,137.51,0.649,-48.25,16,8,1
53.79,27.42,1.962,26.37,26,3,0
101.61,293.78,0.346,-192.17,44,7,1
42.48,113.57,0.374,-71.09,9,9,1
12.01,28.08,0.428,-16.07,11,4,1
117.01,330.01,0.355,-213.0,7,7,1
97.32,87.04,1.118,10.28,1,7,0
116.72,298.6,0.391,-181.88,7,10,1
15.45,33.42,0.462,-17.97,21,9,1
127.2,336.86,0.378,-209.66,22,3,1
96.73,237.16,0.408,-140.42,31,1,0
88.88,109.81,0.809,-20.93,1,8,1
97.45,232.98,0.418,-135.54,10,4,1
131.02,132.15,0.991,-1.13,1,2,0
92.17,109.43,0.842,-17.25,3,5,1
91.33,54.01,1.691,37.32,32,4,0
148.7,420.02,0.354,-271.32,9,1,1
115.94,125.88,0.921,-9.94,19,7,1
71.92,122.67,0.586,-50.75,1,4,1
109.04,147.92,0.737,-38.88,7,8,1
64.49,186.5,0.346,-122.01,15,9,1
42.04,50.65,0.83,-8.6,2,8,1
93.56,224.74,0.416,-131.18,5,1,1
139.95,365.21,0.383,-225.26,1,8,1
140.08,206.78,0.677,-66.7,14,5,1
57.87,76.45,0.757,-18.58,49,1,0
83.87,194.5,0.431,-110.62,24,9,1
39.63,109.57,0.362,-69.94,51,9,1
149.39,349.32,0.428,-199.93,26,7,1
147.36,134.57,1.095,12.78,27,7,0
100.93,272.36,0.371,-171.42,12,1,1
122.62,165.1,0.743,-42.48,10,9,1
110.11,204.35,0.539,-94.24,7,1,1
93.04,236.78,0.393,-143.74,23,7,1
17.47,14.13,1.237,3.34,2,9,1
73.67,178.14,0.414,-104.47,1,9,1
104.47,199.5,0.524,-95.03,41,5,1
104.85,284.37,0.369,-179.51,1,6,1
62.24,47.57,1.308,14.67,52,2,0
141.84,203.66,0.696,-61.82,18,2,1
33.43,85.2,0.392,-51.77,5,10,1
80.05,28.17,2.842,51.88,16,9,0
106.72,64.35,1.659,42.38,23,1,0
107.6,320.06,0.336,-212.46,3,10,1
100.81,106.56,0.946,-5.75,20,5,1
48.54,142.42,0.341,-93.88,22,7,1
31.87,25.27,1.261,6.6,4,10,1
99.03,126.26,0.784,-27.23,1,6,1
93.9,219.05,0.429,-125.15,3,6,1
35.11,72.89,0.482,-37.78,3,6,1
108.72,203.2,0.535,-94.48,1,8,1
73.72,127.6,0.578,-53.87,18,7,1
103.49,266.71,0.388,-163.23,6,5,1
127.23,118.88,1.07,8.35,30,10,1
33.76,50.46,0.669,-16.7,4,2,1
12.68,9.13,1.389,3.55,8,10,1
119.07,227.32,0.524,-108.24,14,6,1
95.36,93.11,1.024,2.24,29,10,1
107.95,129.69,0.832,-21.74,10,5,1
127.34,200.23,0.636,-72.89,6,4,1
122.39,45.56,2.686,76.83,28,10,1
144.53,79.24,1.824,65.29,5,5,0
85.03,182.99,0.465,-97.96,1,9,1
78.39,114.31,0.686,-35.92,8,2,1
66.26,174.6,0.38,-108.34,21,6,1
31.52,68.57,0.46,-37.05,1,9,1
90.17,29.02,3.107,61.14,12,10,0
48.78,95.86,0.509,-47.08,12,5,1
138.98,76.87,1.808,62.12,36,6,0
91.65,220.73,0.415,-129.09,4,10,1
93.0,276.86,0.336,-183.86,4,4,1
59.69,103.52,0.577,-43.83,8,5,1
17.28,37.04,0.467,-19.76,6,8,1
14.44,13.59,1.063,0.86,18,1,0
69.27,102.62,0.675,-33.35,14,1,1
21.84,57.03,0.383,-35.19,19,10,1
94.96,71.41,1.33,23.55,24,4,0
133.34,135.6,0.983,-2.26,35,10,1
133.61,200.77,0.665,-67.16,7,3,0
102.27,227.35,0.45,-125.08,58,5,1
39.57,52.03,0.761,-12.46,3,10,1
130.82,366.93,0.357,-236.11,17,8,1
134.05,74.4,1.802,59.65,10,1,0
37.53,48.83,0.769,-11.3,23,5,1
113.24,250.73,0.452,-137.49,9,5,1
50.11,45.61,1.099,4.5,21,2,0
122.37,253.59,0.483,-131.22,37,5,1
149.61,111.22,1.345,38.39,18,8,0
14.2,6.41,2.217,7.8,20,10,0
135.63,85.01,1.596,50.63,1,7,0
97.17,273.14,0.356,-175.97,3,2,1
146.27,261.79,0.559,-115.52,51,6,1
75.1,184.01,0.408,-108.91,16,10,1
128.63,154.13,0.835,-25.49,11,1,0
18.74,35.6,0.526,-16.86,6,10,1
56.94,93.17,0.611,-36.23,1,10,1
19.38,55.31,0.35,-35.92,6,3,1
146.55,339.76,0.431,-193.22,9,6,1
124.38,282.64,0.44,-158.26,3,9,1
129.36,55.0,2.352,74.36,2,1,0
141.32,252.12,0.561,-110.81,9,6,1
21.91,34.21,0.641,-12.29,12,2,1
63.98,179.49,0.356,-115.5,3,9,1
19.94,19.84,1.005,0.1,12,2,0
39.51,40.64,0.972,-1.13,32,3,0
42.11,59.4,0.709,-17.29,8,2,1
75.68,72.43,1.045,3.25,27,4,0
47.6,30.88,1.541,16.72,36,4,0
24.14,63.12,0.382,-38.98,1,10,1
33.45,60.45,0.553,-27.0,1,1,0
30.62,80.39,0.381,-49.78,9,8,1
146.23,372.02,0.393,-225.79,12,5,1
116.3,123.46,0.942,-7.15,7,8,1
145.49,258.8,0.562,-113.32,5,6,1
71.56,37.55,1.906,34.02,14,2,0
48.97,135.71,0.361,-86.74,1,7,1
121.76,169.43,0.719,-47.67,48,10,1
55.68,75.88,0.734,-20.21,3,9,1
51.91,58.01,0.895,-6.1,34,7,1
42.55,65.69,0.648,-23.14,1,5,1
28.16,27.58,1.021,0.57,3,4,1
45.9,60.23,0.762,-14.33,3,8,1
59.74,146.96,0.407,-87.22,77,6,1
104.36,266.38,0.392,-162.02,1,5,1
18.76,21.03,0.892,-2.28,14,7,1
39.47,61.82,0.638,-22.35,28,3,1
123.26,327.8,0.376,-204.53,15,9,1
30.57,13.52,2.261,17.05,6,4,0
57.97,156.56,0.37,-98.59,44,4,1
131.05,116.87,1.121,14.18,31,8,0
31.69,67.56,0.469,-35.87,7,6,1
21.58,40.42,0.534,-18.84,11,1,1
77.84,139.55,0.558,-61.72,47,2,1
52.34,137.14,0.382,-84.8,56,9,1
88.88,51.04,1.741,37.84,8,6,0
122.53,151.57,0.808,-29.04,26,7,1
29.2,51.2,0.57,-22.0,5,9,1
91.3,227.38,0.402,-136.08,6,3,1
80.77,71.43,1.131,9.34,2,5,1
30.17,74.46,0.405,-44.29,3,5,1
97.36,134.26,0.725,-36.9,14,10,1
48.31,39.13,1.234,9.18,10,7,0
78.3,183.94,0.426,-105.64,3,2,1
21.52,11.74,1.833,9.78,7,4,0
74.34,125.63,0.592,-51.29,6,4,1
52.9,25.0,2.117,27.91,61,8,0
125.13,157.96,0.792,-32.83,26,10,1
17.98,34.57,0.52,-16.59,6,3,1
68.61,123.59,0.555,-54.99,34,2,1
74.18,103.3,0.718,-29.12,5,9,1
111.5,162.62,0.686,-51.12,15,4,1
90.4,82.47,1.096,7.93,47,9,1
103.41,158.31,0.653,-54.9,6,6,1
118.79,341.37,0.348,-222.58,15,1,1
130.71,339.35,0.385,-208.64,4,3,1
53.94,37.34,1.445,16.61,4,7,0
85.32,32.46,2.629,52.87,11,9,0
127.62,359.94,0.355,-232.33,54,8,1
148.52,255.79,0.581,-107.27,8,5,1
134.53,235.72,0.571,-101.19,38,8,1
62.01,149.31,0.415,-87.3,34,2,1
37.32,42.91,0.87,-5.59,4,3,0
78.51,125.71,0.625,-47.2,7,8,1
113.83,331.86,0.343,-218.03,14,9,1
78.96,166.98,0.473,-88.02,10,10,1
77.65,55.53,1.398,22.12,1,8,0
127.35,84.02,1.516,43.34,70,4,0
60.6,51.6,1.174,9.0,19,6,0
130.37,309.0,0.422,-178.62,8,5,1
66.95,73.48,0.911,-6.53,13,4,1
55.95,20.02,2.795,35.94,1,9,0
73.56,209.59,0.351,-136.03,9,10,1
116.74,88.52,1.319,28.23,37,3,0
27.64,9.01,3.069,18.63,31,1,0
37.5,35.26,1.064,2.24,5,7,1
143.2,133.83,1.07,9.37,10,10,1
34.57,49.76,0.695,-15.19,16,8,1
89.48,249.21,0.359,-159.73,5,3,1
91.1,243.59,0.374,-152.49,1,3,1
78.55,120.46,0.652,-41.91,9,6,1
100.26,141.32,0.71,-41.05,12,2,0
42.18,75.85,0.556,-33.68,1,6,1
87.37,83.64,1.045,3.73,1,5,1
62.1,27.38,2.268,34.72,3,7,0
102.63,291.06,0.353,-188.43,5,9,1
29.77,23.94,1.244,5.83,10,9,1
89.92,75.15,1.197,14.78,4,1,0
35.94,56.63,0.635,-20.69,4,7,1
49.01,79.76,0.614,-30.75,28,3,1
40.62,14.21,2.859,26.41,2,4,0
35.6,24.9,1.43,10.7,9,2,0
125.6,165.92,0.757,-40.32,42,1,0
50.0,107.3,0.466,-57.3,13,10,1
139.8,128.16,1.091,11.64,17,3,0
145.79,210.25,0.693,-64.46,7,10,1
89.98,162.39,0.554,-72.42,1,9,1
30.02,81.03,0.37,-51.01,14,1,1
62.44,73.7,0.847,-11.26,13,3,0
121.68,80.38,1.514,41.3,1,5,0
61.43,99.59,0.617,-38.15,8,3,1
22.18,51.38,0.432,-29.2,34,4,1
87.95,52.47,1.676,35.48,3,4,0
128.32,185.63,0.691,-57.31,8,1,1
121.43,42.26,2.873,79.17,8,6,0
34.52,13.48,2.56,21.03,23,7,0
104.19,167.11,0.623,-62.93,24,7,1
40.87,45.17,0.905,-4.3,19,6,1
40.55,104.69,0.387,-64.14,6,7,1
132.37,254.92,0.519,-122.55,1,3,1
44.95,68.58,0.655,-23.63,6,5,1
46.85,65.66,0.714,-18.81,15,7,1
10.09,16.58,0.609,-6.48,16,10,1
131.89,53.97,2.444,77.92,46,5,0
120.96,327.88,0.369,-206.91,8,10,1
97.83,293.03,0.334,-195.2,14,2,1
115.04,90.88,1.266,24.16,10,6,0
31.29,19.56,1.6,11.73,2,7,0
74.17,51.0,1.454,23.16,8,2,0
59.17,123.36,0.48,-64.19,11,10,1
23.13,48.24,0.479,-25.12,42,8,1
78.06,202.12,0.386,-124.07,6,5,1
138.9,323.64,0.429,-184.73,54,8,1
15.61,23.63,0.66,-8.03,10,3,1
50.8,99.31,0.512,-48.5,3,2,1
39.06,84.3,0.463,-45.24,2,7,1
43.34,73.0,0.594,-29.66,2,5,1
137.18,217.33,0.631,-80.15,8,5,1
75.53,154.21,0.49,-78.68,1,8,1
75.28,135.9,0.554,-60.62,8,9,1
116.48,237.46,0.491,-120.98,62,8,1
31.63,61.83,0.512,-30.2,15,10,1
78.22,175.35,0.446,-97.13,19,2,1
70.2,142.89,0.491,-72.69,1,10,1
93.57,159.37,0.587,-65.81,8,7,1
149.94,321.0,0.467,-171.06,4,5,1
117.72,178.19,0.661,-60.46,31,7,1
65.7,62.58,1.05,3.12,2,3,0
125.86,38.24,3.291,87.62,8,4,0
33.9,61.42,0.552,-27.52,12,7,1
14.26,27.03,0.528,-12.76,10,2,1
38.62,112.95,0.342,-74.33,24,2,1
57.66,73.57,0.784,-15.91,3,1,1
81.48,111.15,0.733,-29.67,6,1,0
96.12,81.21,1.184,14.91,21,1,0
137.48,67.43,2.039,70.06,10,6,0
81.38,194.22,0.419,-112.84,7,5,1
80.18,78.11,1.027,2.07,1,10,1
17.03,33.11,0.514,-16.08,19,8,1
14.89,32.11,0.464,-17.22,50,5,1
87.16,137.05,0.636,-49.89,13,1,0
71.35,190.22,0.375,-118.87,27,8,1
127.49,191.0,0.667,-63.52,10,6,1
32.5,34.75,0.935,-2.25,3,8,0
13.5,36.7,0.368,-23.2,1,2,1
72.87,191.36,0.381,-118.5,14,10,1
43.25,32.13,1.346,11.12,9,8,1
16.95,6.27,2.702,10.67,21,6,0
111.44,60.51,1.842,50.93,16,1,0
25.62,27.51,0.931,-1.89,61,1,0
95.16,278.37,0.342,-183.2,9,10,1
49.35,89.22,0.553,-39.87,7,5,1
34.29,44.84,0.765,-10.55,4,7,1
63.17,170.52,0.37,-107.35,9,4,1
122.2,186.17,0.656,-63.97,28,10,1
64.89,74.7,0.869,-9.81,1,5,1
115.11,327.05,0.352,-211.95,53,10,1
27.57,71.5,0.386,-43.94,70,3,1
118.19,304.68,0.388,-186.49,12,2,1
43.17,72.66,0.594,-29.49,5,2,1
104.84,254.9,0.411,-150.07,3,5,1
89.21,69.96,1.275,19.25,4,4,0
140.08,258.83,0.541,-118.75,1,2,1
64.23,189.87,0.338,-125.65,9,5,1
19.26,20.91,0.921,-1.65,1,10,1
12.68,31.0,0.409,-18.32,17,9,1
125.76,204.27,0.616,-78.51,6,8,0
83.46,34.01,2.454,49.45,3,9,0
118.53,279.76,0.424,-161.22,11,9,1
42.82,32.33,1.324,10.48,50,8,0
58.31,116.91,0.499,-58.6,16,9,1
14.21,7.55,1.882,6.66,9,4,0
144.61,413.08,0.35,-268.47,21,8,1
103.5,112.57,0.919,-9.07,18,2,0
140.65,128.19,1.097,12.45,31,9,1
47.17,30.6,1.542,16.57,3,9,0
95.6,272.88,0.35,-177.27,27,3,1
104.99,233.3,0.45,-128.31,5,6,1
54.46,125.39,0.434,-70.93,39,7,1
128.74,212.21,0.607,-83.47,4,3,1
142.6,225.56,0.632,-82.96,36,5,1
133.88,79.93,1.675,53.95,46,1,0
113.47,205.56,0.552,-92.09,2,3,1
48.85,47.22,1.034,1.63,51,8,0
49.43,145.23,0.34,-95.8,1,3,1
144.87,355.04,0.408,-210.17,3,8,1
11.44,16.19,0.707,-4.75,8,9,1
110.25,78.12,1.411,32.12,70,6,0
108.87,263.52,0.413,-154.64,9,7,1
97.18,61.18,1.588,36.0,11,6,0
148.62,120.56,1.233,28.06,16,8,0
53.66,46.75,1.148,6.92,48,7,0
57.6,103.88,0.554,-46.28,21,10,1
21.05,51.05,0.412,-30.0,3,1,1
71.99,82.69,0.871,-10.7,5,3,0
46.55,24.61,1.892,21.94,1,3,0
58.07,90.26,0.643,-32.19,14,3,1
126.84,294.26,0.431,-167.42,2,4,1
140.97,126.66,1.113,14.31,4,1,0
36.0,32.18,1.119,3.82,30,2,0
62.15,177.6,0.35,-115.45,5,5,1
140.01,402.69,0.348,-262.69,11,6,1
18.65,55.48,0.336,-36.83,7,9,1
22.93,56.88,0.403,-33.95,1,2,1
32.79,26.5,1.237,6.29,6,9,1
93.33,81.42,1.146,11.91,7,7,0
31.07,37.86,0.821,-6.79,31,9,1
145.53,168.66,0.863,-23.13,5,4,0
72.54,209.11,0.347,-136.57,6,7,1
80.21,194.96,0.411,-114.74,21,1,1
44.53,100.41,0.443,-55.88,19,8,1
75.93,60.91,1.247,15.03,22,7,0
102.67,282.92,0.363,-180.26,43,7,1
115.16,291.97,0.394,-176.81,22,2,1
115.54,85.71,1.348,29.83,7,10,1
90.9,241.09,0.377,-150.19,24,9,1
136.61,141.4,0.966,-4.79,9,8,1
124.44,64.5,1.929,59.94,4,1,0
115.99,240.49,0.482,-124.5,5,1,1
17.78,36.73,0.484,-18.95,3,5,1
10.96,6.1,1.798,4.86,2,2,0
39.74,46.14,0.861,-6.39,2,1,0
102.89,306.68,0.336,-203.79,1,10,1
67.57,144.04,0.469,-76.47,30,8,1
66.34,150.66,0.44,-84.33,37,4,1
133.84,117.1,1.143,16.75,12,2,0
135.38,69.41,1.95,65.97,25,5,0
137.28,143.82,0.955,-6.54,2,6,0
53.94,52.43,1.029,1.51,32,8,1
106.75,99.62,1.072,7.12,9,7,1
48.03,39.4,1.219,8.62,1,7,0
36.69,67.94,0.54,-31.25,2,1,1
35.85,42.51,0.843,-6.66,5,3,0
57.9,145.6,0.398,-87.71,1,3,1
70.19,55.92,1.255,14.27,5,7,0
126.33,196.38,0.643,-70.05,1,2,1
26.78,9.02,2.968,17.76,3,10,0
112.89,180.68,0.625,-67.79,4,7,1
84.4,38.05,2.218,46.36,72,9,0
50.31,147.91,0.34,-97.6,3,1,1
78.99,192.32,0.411,-113.33,3,2,1
51.99,84.4,0.616,-32.41,16,6,1
93.45,49.88,1.873,43.57,27,2,0
70.74,134.37,0.526,-63.64,6,2,1
33.02,77.55,0.426,-44.53,29,5,1
26.32,21.45,1.227,4.87,5,7,0
86.54,158.72,0.545,-72.19,3,4,1
136.34,340.62,0.4,-204.28,5,6,1
58.15,138.07,0.421,-79.92,13,3,1
112.62,277.96,0.405,-165.34,6,4,1
102.21,273.33,0.374,-171.12,15,4,1
140.42,397.63,0.353,-257.21,3,4,1
124.94,174.28,0.717,-49.34,16,1,0
89.32,163.97,0.545,-74.65,5,4,1
101.98,248.31,0.411,-146.33,8,4,1
135.77,296.3,0.458,-160.52,11,6,1
65.93,197.0,0.335,-131.07,16,9,1
55.75,18.78,2.968,36.97,3,10,0
11.51,14.49,0.794,-2.98,25,6,1
125.72,133.11,0.944,-7.39,17,6,1
122.14,123.15,0.992,-1.01,3,7,1
24.62,22.18,1.11,2.44,51,7,0
90.76,201.0,0.452,-110.24,15,1,1
74.96,39.64,1.891,35.32,8,8,0
26.62,61.29,0.434,-34.67,2,1,1
147.28,319.93,0.46,-172.65,10,9,1
40.06,39.14,1.023,0.91,2,4,0
19.41,19.08,1.018,0.34,7,9,1
93.28,186.36,0.501,-93.08,7,8,1
113.44,267.48,0.424,-154.04,17,9,1
14.54,38.78,0.375,-24.23,2,6,1
102.22,265.85,0.385,-163.63,24,9,1
84.52,245.55,0.344,-161.03,5,4,1
24.46,45.73,0.535,-21.27,8,3,1
34.15,94.04,0.363,-59.88,20,3,1
89.52,222.27,0.403,-132.75,13,8,1
51.49,139.83,0.368,-88.34,5,2,1
141.36,46.85,3.018,94.52,6,6,0
124.62,362.4,0.344,-237.77,5,9,1
147.7,233.15,0.634,-85.45,12,9,1
46.35,113.8,0.407,-67.45,5,8,1
145.76,93.79,1.554,51.97,18,8,0
70.37,96.34,0.73,-25.97,12,1,0
58.65,60.58,0.968,-1.93,2,7,1
17.05,18.54,0.92,-1.49,5,1,0
17.39,11.0,1.58,6.38,3,9,0
106.88,264.59,0.404,-157.71,6,3,1
74.11,24.08,3.077,50.03,10,1,0
41.71,47.71,0.874,-6.0,9,8,1
95.96,73.97,1.297,21.98,19,7,0
45.4,85.82,0.529,-40.42,2,2,1
90.87,89.64,1.014,1.23,40,7,1
60.29,60.25,1.001,0.04,5,5,0
125.3,202.8,0.618,-77.5,4,7,1
124.9,257.57,0.485,-132.67,16,10,1
76.83,48.21,1.594,28.62,22,7,0
59.11,45.75,1.292,13.37,6,2,0
60.76,58.78,1.034,1.98,19,2,0
122.8,359.7,0.341,-236.9,30,7,1
55.95,76.77,0.729,-20.83,20,3,1
39.27,75.29,0.522,-36.02,1,4,1
21.86,20.81,1.05,1.05,24,7,1
75.34,122.37,0.616,-47.03,20,2,1
77.5,38.76,2.0,38.74,15,2,0
127.73,50.3,2.539,77.43,19,9,0
40.97,64.15,0.639,-23.17,54,1,1
63.34,87.18,0.727,-23.84,7,3,1
123.18,82.48,1.493,40.7,1,10,0
125.31,270.23,0.464,-144.92,8,4,1
63.85,190.31,0.335,-126.47,1,5,1
74.28,101.63,0.731,-27.35,4,3,1
52.46,104.2,0.503,-51.74,12,9,1
140.56,407.62,0.345,-267.06,5,5,1
26.61,67.73,0.393,-41.12,16,7,1
140.72,218.35,0.644,-77.62,24,7,1
105.74,242.28,0.436,-136.54,7,9,1
84.42,54.53,1.548,29.89,32,2,0
14.57,24.52,0.594,-9.95,1,3,1
76.58,80.68,0.949,-4.09,25,4,0
67.08,49.32,1.36,17.77,24,8,0
32.57,47.26,0.689,-14.69,5,1,1
101.9,66.61,1.53,35.28,4,9,0
145.96,319.25,0.457,-173.29,5,5,1
88.71,135.88,0.653,-47.18,23,4,1
110.07,190.86,0.577,-80.8,24,8,1
19.58,13.61,1.438,5.97,5,9,0
68.47,46.38,1.476,22.09,12,3,0
26.29,49.3,0.533,-23.01,2,4,1
95.79,283.5,0.338,-187.71,8,1,1
141.39,79.16,1.786,62.23,90,3,0
102.65,109.99,0.933,-7.34,2,10,1
20.75,54.94,0.378,-34.19,41,5,1
59.65,29.54,2.02,30.12,24,8,0
87.09,232.09,0.375,-145.0,50,1,1
66.45,114.0,0.583,-47.55,2,1,1
126.71,177.69,0.713,-50.98,3,3,1
124.05,140.94,0.88,-16.89,1,9,1
95.66,105.43,0.907,-9.78,18,9,1
62.28,70.11,0.888,-7.83,14,1,0
45.75,123.01,0.372,-77.27,2,4,1
24.82,55.96,0.444,-31.13,21,8,1
59.69,125.83,0.474,-66.15,4,2,1
67.84,166.67,0.407,-98.82,2,4,1
104.62,104.01,1.006,0.61,7,7,1
102.14,201.09,0.508,-98.95,1,7,1
19.82,30.56,0.648,-10.74,4,5,1
65.34,157.63,0.414,-92.29,6,7,1
35.45,40.23,0.881,-4.79,26,6,1
31.95,65.08,0.491,-33.12,22,2,1
125.82,337.45,0.373,-211.63,8,9,1
15.87,21.99,0.722,-6.12,18,5,1
68.69,32.96,2.084,35.72,11,2,0
33.55,56.81,0.591,-23.26,5,6,1
133.11,164.27,0.81,-31.16,18,10,1
87.99,186.09,0.473,-98.1,16,5,1
42.39,121.58,0.349,-79.18,13,2,1
80.34,129.44,0.621,-49.1,13,10,1
112.41,175.21,0.642,-62.8,16,10,1
144.14,297.98,0.484,-153.85,6,7,1
40.86,23.68,1.726,17.18,28,10,0
134.07,131.98,1.016,2.08,2,2,0
140.8,391.61,0.36,-250.8,30,7,1
138.3,291.65,0.474,-153.35,5,6,1
98.96,33.28,2.974,65.68,1,4,0
98.17,83.69,1.173,14.48,12,4,0
66.45,142.45,0.466,-76.0,6,6,1
115.34,272.64,0.423,-157.3,23,9,1
84.38,216.66,0.389,-132.28,7,10,1
104.84,114.16,0.918,-9.32,15,6,1
69.98,196.92,0.355,-126.94,5,6,1
112.41,201.55,0.558,-89.14,3,1,1
125.43,273.51,0.459,-148.08,6,5,1
30.5,58.29,0.523,-27.79,13,1,1
126.61,79.94,1.584,46.67,14,9,0
85.64,248.4,0.345,-162.75,12,10,1
128.25,81.03,1.583,47.23,61,4,0
70.38,69.55,1.012,0.83,16,2,0
63.07,157.46,0.401,-94.4,37,9,0
138.11,272.1,0.508,-133.99,1,6,1
45.16,115.75,0.39,-70.59,1,10,1
128.19,216.96,0.591,-88.77,5,3,1
77.76,102.48,0.759,-24.72,2,2,1
81.97,228.62,0.359,-146.65,10,6,1
53.19,21.16,2.513,32.02,10,10,0
90.23,235.63,0.383,-145.4,11,6,1
55.53,51.27,1.083,4.26,19,9,1
15.5,40.16,0.386,-24.67,49,5,1
48.08,32.49,1.48,15.59,29,9,0
10.89,20.33,0.536,-9.44,1,5,1
146.97,396.51,0.371,-249.54,5,2,1
145.2,229.21,0.633,-84.01,4,1,0
65.32,151.27,0.432,-85.95,2,9,1
111.97,276.86,0.404,-164.89,11,10,1
58.41,133.68,0.437,-75.27,11,7,1
103.95,290.9,0.357,-186.95,3,3,1
122.76,184.93,0.664,-62.17,17,6,1
142.55,109.4,1.303,33.15,18,10,0
66.03,28.33,2.331,37.7,1,4,0
119.66,115.53,1.036,4.14,7,9,1
47.23,32.43,1.456,14.8,30,2,0
148.65,268.52,0.554,-119.88,10,4,1
13.61,10.88,1.251,2.73,5,1,0
94.49,38.28,2.468,56.21,4,7,0
102.33,40.64,2.518,61.69,3,4,0
106.33,270.63,0.393,-164.3,1,5,1
26.85,50.94,0.527,-24.09,23,1,1
141.39,179.12,0.789,-37.73,1,2,1
35.37,96.0,0.368,-60.63,4,4,1
97.19,47.58,2.043,49.61,1,2,0
41.17,121.34,0.339,-80.16,21,1,1
53.01,104.11,0.509,-51.1,1,10,1
86.5,68.8,1.257,17.7,5,1,0
68.41,145.95,0.469,-77.54,11,6,1
32.43,76.58,0.424,-44.14,7,2,1
33.93,49.51,0.685,-15.58,4,3,1
68.54,180.01,0.381,-111.47,4,5,1
116.02,82.02,1.414,34.0,22,3,0
135.72,142.89,0.95,-7.17,51,6,0
21.78,12.03,1.81,9.75,5,7,0
65.03,56.54,1.15,8.5,1,10,1
24.03,22.7,1.059,1.33,1,6,1
12.32,34.23,0.36,-21.91,19,2,1
102.64,52.44,1.957,50.2,11,9,0
94.34,137.18,0.688,-42.83,21,2,1
32.82,57.03,0.576,-24.21,16,6,1
42.73,116.51,0.367,-73.78,33,9,1
13.32,39.87,0.334,-26.56,30,9,1
126.89,296.19,0.428,-169.29,21,2,1
146.46,427.82,0.342,-281.36,9,9,1
28.96,70.24,0.412,-41.28,5,8,1
42.41,123.01,0.345,-80.6,9,7,1
131.58,290.74,0.453,-159.16,9,8,1
139.7,72.0,1.94,67.71,13,10,0
68.75,95.23,0.722,-26.48,2,8,1
17.09,34.96,0.489,-17.87,14,1,1
15.51,19.35,0.802,-3.83,8,9,1
90.35,93.8,0.963,-3.45,13,6,1
65.01,120.84,0.538,-55.84,3,1,1
14.01,39.52,0.355,-25.51,7,1,1
91.66,36.15,2.535,55.5,3,7,0
11.58,27.53,0.421,-15.95,29,10,1
120.23,270.69,0.444,-150.45,9,2,1
52.9,153.55,0.345,-100.65,3,6,1
15.64,43.98,0.356,-28.35,1,5,1
92.37,217.81,0.424,-125.44,15,5,1
65.68,111.98,0.586,-46.31,3,10,1
146.33,124.61,1.174,21.73,63,6,0
86.19,152.74,0.564,-66.55,10,8,1
48.53,114.85,0.423,-66.32,4,5,1
109.32,297.17,0.368,-187.85,15,8,1
48.01,116.77,0.411,-68.76,4,5,1
136.59,112.99,1.209,23.6,24,10,0
62.46,119.87,0.521,-57.41,5,6,1
86.98,104.11,0.836,-17.12,62,8,1
17.08,5.55,3.078,11.53,13,2,0
69.66,58.55,1.19,11.1,26,7,0
126.53,76.64,1.651,49.89,1,3,0
122.79,316.23,0.388,-193.44,5,9,1
41.4,41.32,1.002,0.08,18,10,1
41.65,44.51,0.936,-2.86,14,7,1
124.42,359.81,0.346,-235.39,3,3,1
140.26,185.63,0.756,-45.38,6,8,1
23.35,7.61,3.069,15.74,4,10,0
73.01,77.85,0.938,-4.85,13,2,0
57.24,35.61,1.607,21.63,5,10,0
131.9,76.18,1.731,55.72,5,8,0
21.69,11.05,1.964,10.65,3,7,0
39.56,75.23,0.526,-35.67,7,5,1
115.35,93.57,1.233,21.77,3,4,0
17.18,21.91,0.784,-4.73,45,10,1
78.95,207.45,0.381,-128.5,2,10,1
71.89,103.94,0.692,-32.04,34,1,1
56.82,157.52,0.361,-100.7,7,4,1
65.24,107.28,0.608,-42.04,6,6,1
84.19,115.92,0.726,-31.73,3,6,1
32.59,75.81,0.43,-43.22,14,2,1
90.08,44.82,2.01,45.26,16,9,0
122.76,66.49,1.846,56.27,8,1,0
116.42,239.87,0.485,-123.45,1,4,1
31.55,50.94,0.619,-19.39,35,4,1
30.89,75.2,0.411,-44.31,55,2,1
47.54,131.88,0.36,-84.34,7,8,1
60.55,81.66,0.742,-21.11,13,2,0
67.18,128.34,0.523,-61.16,8,2,1
105.16,173.71,0.605,-68.55,5,2,1
17.94,52.92,0.339,-34.98,1,1,1
14.85,37.79,0.393,-22.93,8,5,1
64.87,179.14,0.362,-114.28,23,4,1
107.6,106.17,1.013,1.43,1,2,0
37.08,88.47,0.419,-51.39,12,1,1
99.81,101.49,0.983,-1.67,29,1,0
46.38,40.05,1.158,6.33,3,2,0
134.05,381.98,0.351,-247.93,2,1,1
135.4,47.68,2.84,87.72,20,9,0
51.62,150.04,0.344,-98.42,4,2,1
42.2,29.67,1.422,12.53,2,3,0
67.58,169.8,0.398,-102.22,6,9,1
43.67,45.64,0.957,-1.96,6,5,1
104.13,129.84,0.802,-25.71,29,8,1
125.65,111.23,1.13,14.42,13,7,1
104.23,196.05,0.532,-91.82,7,6,1
125.41,155.49,0.807,-30.08,10,2,0
65.58,136.07,0.482,-70.49,43,4,1
31.88,10.91,2.922,20.97,1,9,0
113.31,53.69,2.111,59.62,3,7,0
60.47,34.41,1.757,26.06,45,3,0
103.98,148.82,0.699,-44.84,44,6,1
47.89,119.72,0.4,-71.83,2,8,1
21.37,57.66,0.371,-36.29,2,8,1
148.96,143.15,1.041,5.81,7,8,1
31.87,58.98,0.54,-27.11,1,8,1
148.38,352.34,0.421,-203.96,14,10,1
146.82,158.54,0.926,-11.72,1,6,1
121.13,170.11,0.712,-48.98,1,10,1
102.32,175.45,0.583,-73.13,9,3,1
90.89,60.37,1.506,30.53,44,9,0
131.25,48.58,2.702,82.67,7,3,0
50.52,36.0,1.403,14.52,6,4,0
75.48,150.39,0.502,-74.91,86,10,1
96.71,48.24,2.005,48.48,10,1,0
67.57,54.88,1.231,12.69,6,2,0
69.85,84.67,0.825,-14.82,6,6,1
56.24,28.7,1.96,27.54,3,1,0
88.99,72.76,1.223,16.23,10,9,0
129.08,356.32,0.362,-227.24,8,8,1
38.21,13.46,2.84,24.76,4,2,0
140.82,290.69,0.484,-149.87,2,2,1
106.47,142.45,0.747,-35.98,5,8,1
125.26,265.07,0.473,-139.81,9,8,1
87.87,166.02,0.529,-78.15,1,1,1
119.13,107.63,1.107,11.5,2,5,0
12.27,31.74,0.386,-19.48,41,2,1
124.57,202.84,0.614,-78.26,10,1,1
15.62,39.37,0.397,-23.75,1,3,1
134.59,187.92,0.716,-53.33,16,3,1
148.87,440.47,0.338,-291.59,1,10,1
51.17,121.8,0.42,-70.63,18,9,1
39.44,114.71,0.344,-75.26,19,10,1
117.15,197.83,0.592,-80.68,14,1,1
45.42,71.72,0.633,-26.3,18,2,1
131.18,306.92,0.427,-175.74,1,9,1
24.4,65.31,0.374,-40.91,18,5,1
27.63,80.23,0.344,-52.59,2,9,1
147.08,173.01,0.85,-25.93,5,6,1
104.34,256.31,0.407,-151.97,40,10,1
128.56,111.69,1.151,16.87,9,10,1
55.41,98.24,0.564,-42.83,47,3,0
104.71,82.26,1.273,22.45,1,8,1
93.19,115.37,0.808,-22.18,9,9,1
94.44,265.82,0.355,-171.38,1,2,1
105.55,73.3,1.44,32.25,13,9,1
90.55,181.78,0.498,-91.23,1,4,1
70.07,133.2,0.526,-63.13,2,8,1
48.63,30.44,1.597,18.19,4,5,0
117.6,138.79,0.847,-21.19,19,6,1
41.68,75.86,0.549,-34.18,2,4,1
106.93,86.12,1.242,20.81,26,5,0
42.67,105.03,0.406,-62.37,1,1,1
97.55,285.31,0.342,-187.76,1,3,1
114.59,100.82,1.137,13.77,7,4,0
40.62,32.69,1.243,7.93,54,1,0
18.39,28.11,0.654,-9.72,1,3,1
28.34,65.71,0.431,-37.37,1,4,1
94.84,100.56,0.943,-5.72,19,9,1
128.92,45.6,2.827,83.33,5,3,0
16.3,28.71,0.568,-12.41,17,3,1
112.78,325.13,0.347,-212.35,3,4,1
57.78,78.38,0.737,-20.6,8,9,1
76.99,110.44,0.697,-33.44,4,9,1
140.04,408.36,0.343,-268.32,8,1,1
56.48,122.86,0.46,-66.38,20,8,1
75.15,168.46,0.446,-93.32,20,10,1
11.92,21.68,0.55,-9.76,10,1,1
21.42,62.8,0.341,-41.38,36,2,1
46.2,99.8,0.463,-53.59,4,10,1
13.9,37.76,0.368,-23.86,3,5,1
98.39,215.31,0.457,-116.92,13,6,1
69.7,159.24,0.438,-89.55,13,2,1
86.74,94.04,0.922,-7.3,1,10,1
34.45,38.56,0.893,-4.11,13,5,1
51.43,124.16,0.414,-72.73,6,3,1
102.94,113.34,0.908,-10.41,19,7,0
145.14,264.08,0.55,-118.94,23,1,1
17.06,16.6,1.027,0.46,11,5,0
134.65,337.42,0.399,-202.77,1,3,1
90.76,54.31,1.671,36.45,14,2,0
88.95,225.89,0.394,-136.94,19,3,1
80.04,154.26,0.519,-74.23,4,10,1
19.72,15.86,1.243,3.85,8,4,0
22.58,39.82,0.567,-17.24,47,2,1
94.13,100.03,0.941,-5.91,4,2,0
57.73,67.74,0.852,-10.01,3,3,0
138.42,172.9,0.801,-34.48,3,2,1
66.92,31.52,2.123,35.4,11,6,0
30.06,89.04,0.338,-58.98,41,2,1
110.06,42.39,2.596,67.67,13,1,1
51.07,106.67,0.479,-55.6,5,8,1
83.57,108.83,0.768,-25.26,14,10,1
107.7,220.16,0.489,-112.46,13,4,1
136.04,171.66,0.792,-35.62,12,2,1
120.91,256.22,0.472,-135.31,2,4,1
104.69,237.54,0.441,-132.85,14,2,1
105.15,227.59,0.462,-122.44,7,5,1
142.43,86.55,1.646,55.88,1,7,0
51.42,106.62,0.482,-55.2,10,6,1
10.16,10.72,0.947,-0.57,63,2,0
48.07,18.16,2.647,29.91,6,4,0
40.5,57.52,0.704,-17.01,47,8,1
102.66,150.96,0.68,-48.31,1,7,1
98.72,154.14,0.64,-55.42,18,7,1
93.08,205.07,0.454,-111.98,1,4,1
12.27,13.92,0.882,-1.64,4,1,0
112.03,128.97,0.869,-16.95,11,7,1
55.29,25.63,2.158,29.67,12,6,0
103.11,222.14,0.464,-119.03,20,8,1
87.92,161.17,0.546,-73.25,13,5,1
57.98,72.1,0.804,-14.12,12,8,1
28.84,63.57,0.454,-34.72,34,10,1
23.22,40.65,0.571,-17.43,8,8,1
126.41,198.08,0.638,-71.67,3,9,1
138.58,232.89,0.595,-94.31,2,1,1
100.97,203.77,0.496,-102.8,7,3,1
24.48,50.97,0.48,-26.49,17,6,1
66.28,71.6,0.926,-5.32,1,4,1
112.05,76.2,1.471,35.86,1,8,0
119.17,86.15,1.383,33.02,1,10,1
26.55,53.8,0.493,-27.25,12,1,1
10.0,26.58,0.376,-16.57,3,5,1
109.7,154.2,0.711,-44.5,2,4,1
59.92,45.4,1.32,14.52,12,1,0
45.63,106.9,0.427,-61.27,20,10,1
11.81,30.08,0.393,-18.27,5,6,1
85.64,229.31,0.373,-143.67,12,10,1
129.16,250.37,0.516,-121.21,1,3,1
144.07,378.03,0.381,-233.96,38,5,1
89.2,30.47,2.927,58.73,5,6,1
82.02,48.36,1.696,33.67,83,4,0
21.91,12.05,1.818,9.86,53,10,0
86.84,193.14,0.45,-106.3,21,10,1
63.2,30.83,2.05,32.37,1,6,0
95.0,155.82,0.61,-60.82,10,7,1
64.42,101.55,0.634,-37.13,1,2,1
43.64,49.7,0.878,-6.06,31,7,1
23.3,61.73,0.377,-38.44,21,7,1
54.09,41.12,1.315,12.97,50,2,0
23.53,29.45,0.799,-5.92,13,3,0
34.77,83.1,0.418,-48.33,10,3,1
148.23,56.64,2.617,91.58,10,1,0
72.17,152.79,0.472,-80.62,6,1,1
84.46,211.52,0.399,-127.05,8,10,1
132.31,372.72,0.355,-240.42,14,6,1
149.38,398.25,0.375,-248.87,37,9,1
91.58,106.45,0.86,-14.87,12,9,1
123.75,233.04,0.531,-109.29,27,1,1
55.77,28.37,1.966,27.4,27,7,0
52.8,52.61,1.004,0.2,10,6,1
66.38,36.8,1.804,29.58,5,4,0
104.15,119.88,0.869,-15.73,14,3,1
105.51,280.97,0.376,-175.46,8,9,1
54.13,66.98,0.808,-12.85,1,10,1
28.65,52.06,0.55,-23.41,6,5,1
98.54,144.86,0.68,-46.32,71,8,1
27.97,43.04,0.65,-15.08,1,4,1
90.99,265.49,0.343,-174.5,16,4,1
107.08,117.75,0.909,-10.67,25,6,0
108.09,215.5,0.502,-107.41,14,6,1
115.49,165.63,0.697,-50.14,11,3,1
132.2,61.49,2.15,70.71,17,2,0
79.99,129.69,0.617,-49.69,7,9,1
112.23,280.14,0.401,-167.91,1,2,1
96.68,54.78,1.765,41.9,45,9,0
36.13,17.63,2.05,18.5,7,8,0
13.6,9.72,1.399,3.88,15,10,0
49.84,117.81,0.423,-67.97,10,7,1
72.02,162.4,0.444,-90.38,1,5,1
96.39,175.97,0.548,-79.58,42,3,1
128.99,201.77,0.639,-72.78,22,2,1
37.47,101.12,0.371,-63.65,2,8,1
27.58,65.36,0.422,-37.78,55,2,1
144.89,361.09,0.401,-216.21,18,8,1
25.13,62.71,0.401,-37.58,8,5,1
76.99,156.7,0.491,-79.71,13,9,1
91.98,141.34,0.651,-49.36,1,4,1
85.79,226.03,0.38,-140.24,11,8,1
22.04,61.73,0.357,-39.68,1,7,0
17.98,6.55,2.745,11.43,11,8,0
24.77,10.88,2.277,13.89,11,5,1
91.98,265.7,0.346,-173.72,29,2,1
86.21,90.38,0.954,-4.17,18,7,1
42.72,113.56,0.376,-70.84,4,3,1
99.29,134.01,0.741,-34.73,30,10,1
124.81,77.58,1.609,47.23,11,10,0
15.82,8.18,1.934,7.64,13,10,0
79.74,57.62,1.384,22.12,2,10,1
106.5,103.81,1.026,2.69,27,2,0
45.32,73.38,0.618,-28.06,37,3,1
53.09,116.48,0.456,-63.39,20,4,1
95.91,284.21,0.337,-188.3,39,10,1
135.71,202.49,0.67,-66.78,5,7,1
123.39,209.65,0.589,-86.26,27,10,1
91.64,156.6,0.585,-64.96,9,1,1
112.23,197.13,0.569,-84.9,2,6,1
61.08,103.7,0.589,-42.62,15,6,1
99.74,32.28,3.089,67.45,16,8,0
75.27,22.93,3.282,52.34,4,2,0
36.59,20.63,1.774,15.96,1,2,0
108.24,62.15,1.742,46.09,3,1,0
87.91,193.67,0.454,-105.77,7,3,1
60.21,51.37,1.172,8.83,2,7,0
137.59,373.65,0.368,-236.06,3,8,1
12.93,36.3,0.356,-23.37,6,7,1
54.21,159.1,0.341,-104.89,45,9,1
17.96,50.94,0.353,-32.97,20,8,1
117.31,121.31,0.967,-4.0,5,8,1
108.3,181.55,0.597,-73.25,42,2,0
56.39,43.63,1.292,12.76,14,1,0
104.59,259.05,0.404,-154.46,8,6,1
65.43,176.58,0.371,-111.15,8,7,1
115.88,301.1,0.385,-185.22,7,6,1
73.59,108.18,0.68,-34.59,3,7,1
67.72,159.03,0.426,-91.31,6,8,1
140.86,79.37,1.775,61.49,10,2,0
45.12,18.44,2.447,26.68,10,1,0
26.86,62.69,0.428,-35.83,20,10,1
91.84,133.02,0.69,-41.18,6,8,1
145.71,435.36,0.335,-289.66,17,8,1
62.9,35.39,1.778,27.51,12,8,0
18.69,48.77,0.383,-30.09,45,10,1
57.5,91.77,0.627,-34.27,6,7,1
80.83,204.77,0.395,-123.94,32,2,1
32.67,81.88,0.399,-49.21,24,4,1
102.13,283.24,0.361,-181.1,14,9,1
149.68,165.28,0.906,-15.6,14,8,1
73.24,209.8,0.349,-136.56,1,4,1
59.66,42.33,1.409,17.33,42,8,0
66.1,34.46,1.918,31.64,1,10,0
26.12,38.28,0.682,-12.16,11,6,0
133.66,339.02,0.394,-205.36,5,9,1
68.08,107.44,0.634,-39.36,7,1,1
64.22,163.06,0.394,-98.84,13,6,1
102.36,232.37,0.44,-130.01,33,4,1
71.88,62.21,1.155,9.67,8,3,0
100.75,288.35,0.349,-187.6,61,5,1
18.6,8.63,2.155,9.97,12,10,0
123.92,337.73,0.367,-213.81,2,8,1
141.67,158.95,0.891,-17.28,2,10,1
100.83,166.41,0.606,-65.58,17,6,1
143.64,206.89,0.694,-63.25,1,1,1
31.2,23.84,1.309,7.36,9,6,0
76.84,97.35,0.789,-20.52,2,7,1
94.25,77.37,1.218,16.88,7,6,0
91.44,77.77,1.176,13.67,19,3,0
66.2,53.3,1.242,12.91,8,9,1
57.33,92.9,0.617,-35.57,2,10,1
27.76,68.12,0.407,-40.37,4,10,1
64.84,119.07,0.545,-54.22,6,4,1
32.77,88.87,0.369,-56.1,1,5,1
112.81,227.73,0.495,-114.92,12,5,1
39.24,84.8,0.463,-45.56,13,3,1
18.2,38.26,0.476,-20.07,1,2,1
87.33,132.18,0.661,-44.85,7,8,1
93.33,201.71,0.463,-108.38,7,7,1
132.07,64.48,2.048,67.59,5,5,0
90.78,237.98,0.381,-147.2,11,1,1
58.37,140.09,0.417,-81.72,5,10,1
122.42,117.78,1.039,4.64,7,1,0
85.64,203.28,0.421,-117.64,22,8,1
21.1,7.05,2.993,14.05,2,4,0
89.22,79.1,1.128,10.12,13,4,0
137.12,65.25,2.101,71.87,9,9,0
65.48,157.59,0.416,-92.11,5,2,1
51.49,120.52,0.427,-69.04,18,5,1
30.09,75.12,0.401,-45.03,11,6,1
31.2,9.74,3.204,21.46,9,6,0
70.59,116.71,0.605,-46.12,15,10,0
93.4,205.75,0.454,-112.36,22,3,1
21.29,15.32,1.39,5.97,50,10,0
141.54,290.78,0.487,-149.24,13,6,1
115.72,61.0,1.897,54.72,29,10,0
92.13,72.74,1.266,19.39,1,10,1
125.98,199.64,0.631,-73.66,10,5,1
21.23,43.82,0.484,-22.6,3,8,1
76.76,53.26,1.441,23.5,1,4,0
98.21,78.58,1.25,19.63,10,10,1
126.01,107.36,1.174,18.65,19,10,1
119.69,113.04,1.059,6.64,7,3,1
48.79,44.48,1.097,4.31,15,6,0
141.72,193.72,0.732,-52.0,9,10,1
27.41,56.6,0.484,-29.2,8,9,1
132.52,196.48,0.674,-63.96,4,8,1
145.93,349.53,0.418,-203.59,6,10,1
34.8,78.03,0.446,-43.22,6,8,1
111.09,71.28,1.559,39.81,14,3,0
15.64,6.75,2.315,8.89,1,1,0
66.76,178.28,0.374,-111.52,1,3,1
82.28,42.42,1.94,39.86,15,3,0
91.29,63.95,1.428,27.34,11,6,0
141.03,50.74,2.78,90.29,7,3,0
104.12,207.87,0.501,-103.75,2,2,1
77.38,144.88,0.534,-67.51,7,9,1
123.35,365.7,0.337,-242.35,21,6,1
143.07,385.55,0.371,-242.47,30,5,1
13.09,18.45,0.71,-5.36,16,3,1
147.55,192.3,0.767,-44.75,1,7,1
22.06,24.3,0.908,-2.24,15,7,1
124.01,88.24,1.405,35.78,3,4,0
49.25,33.13,1.486,16.11,5,10,0
28.51,18.73,1.522,9.77,3,2,0
71.58,43.53,1.644,28.05,20,2,0
100.15,95.08,1.053,5.07,14,8,0
63.33,71.44,0.887,-8.11,13,4,1
17.64,51.09,0.345,-33.45,15,7,1
93.92,174.88,0.537,-80.95,3,3,1
136.34,404.44,0.337,-268.11,8,9,1
63.65,83.11,0.766,-19.46,14,10,1
40.29,61.86,0.651,-21.58,14,9,1
71.96,84.65,0.85,-12.69,21,7,1
16.77,13.31,1.26,3.46,4,7,0
124.87,85.73,1.457,39.14,20,1,0
125.69,358.43,0.351,-232.74,8,10,1
92.32,273.67,0.337,-181.35,15,8,1
59.43,25.04,2.374,34.4,8,2,0
121.97,86.1,1.417,35.87,41,8,0
87.66,126.53,0.693,-38.88,2,2,1
125.63,100.89,1.245,24.74,15,1,0
98.4,126.2,0.78,-27.8,12,8,1
119.82,77.71,1.542,42.11,2,4,0
93.8,143.75,0.652,-49.96,1,10,1
67.98,70.26,0.968,-2.28,22,6,1
144.11,180.16,0.8,-36.05,2,10,1
85.76,47.56,1.803,38.19,2,10,0
94.71,137.9,0.687,-43.18,53,1,0
40.87,120.76,0.338,-79.89,17,9,1
97.59,115.92,0.842,-18.33,4,7,1
90.03,240.04,0.375,-150.01,12,5,1
35.88,92.44,0.388,-56.57,10,6,1
18.34,52.65,0.348,-34.31,26,3,1
94.61,230.21,0.411,-135.6,18,9,1
116.92,243.29,0.481,-126.38,24,2,1
83.28,217.58,0.383,-134.31,3,10,1
41.75,21.05,1.983,20.7,14,1,0
103.31,160.1,0.645,-56.79,1,1,1
21.21,63.03,0.337,-41.81,1,10,1
71.86,170.87,0.421,-99.01,17,2,1
32.87,95.25,0.345,-62.38,1,6,1
35.82,86.16,0.416,-50.33,12,6,1
38.32,102.02,0.376,-63.7,25,9,1
64.14,141.6,0.453,-77.46,6,10,1
17.16,40.39,0.425,-23.22,1,4,1
65.69,112.5,0.584,-46.81,17,8,1
81.64,228.22,0.358,-146.58,37,4,1
77.66,196.3,0.396,-118.64,17,3,1
63.59,163.97,0.388,-100.38,12,4,1
127.48,269.89,0.472,-142.41,3,1,1
30.35,34.06,0.891,-3.71,1,9,1
80.8,32.01,2.524,48.79,16,5,0
18.69,52.81,0.354,-34.13,3,7,1
19.96,37.58,0.531,-17.62,27,3,1
90.34,99.83,0.905,-9.48,8,5,1
89.24,62.71,1.423,26.53,10,10,1
132.92,337.59,0.394,-204.67,19,4,1
88.1,225.42,0.391,-137.32,21,7,1
144.37,360.81,0.4,-216.44,14,5,1
16.82,34.34,0.49,-17.52,39,2,1
23.72,30.56,0.776,-6.84,56,3,0
16.17,18.13,0.892,-1.96,41,8,1
35.94,11.61,3.095,24.33,24,3,0
85.78,218.8,0.392,-133.02,17,7,1
100.38,53.81,1.865,46.57,15,5,0
16.38,32.81,0.499,-16.43,1,7,1
142.44,236.59,0.602,-94.15,4,10,1
127.9,220.26,0.581,-92.35,1,9,1
51.53,144.38,0.357,-92.86,2,7,1
20.81,8.02,2.595,12.79,8,6,0
33.78,80.68,0.419,-46.9,2,1,1
27.77,12.23,2.27,15.54,32,4,0
27.26,10.99,2.481,16.27,22,8,0
82.6,120.64,0.685,-38.04,1,1,1
44.42,20.89,2.126,23.53,4,6,0
60.14,146.18,0.411,-86.04,23,2,1
148.53,256.93,0.578,-108.4,22,9,1
105.8,40.04,2.643,65.77,40,8,0
142.86,58.48,2.443,84.38,84,9,0
29.96,58.54,0.512,-28.59,52,9,1
63.5,157.26,0.404,-93.76,7,2,1
87.66,129.92,0.675,-42.26,4,2,1
20.75,37.29,0.556,-16.54,19,9,1
10.59,26.04,0.407,-15.45,4,2,1
103.86,202.36,0.513,-98.5,22,4,1
99.85,90.55,1.103,9.3,10,2,0
67.51,132.0,0.511,-64.49,22,1,1
78.55,156.81,0.501,-78.26,4,10,1
68.16,155.55,0.438,-87.39,9,7,1
13.36,26.41,0.506,-13.04,11,5,1
56.95,166.13,0.343,-109.17,40,3,1
34.79,28.97,1.201,5.82,4,8,1
23.78,68.2,0.349,-44.42,38,5,1
143.94,252.4,0.57,-108.46,22,1,1
93.91,198.55,0.473,-104.64,18,9,1
112.01,63.68,1.759,48.33,21,5,0
54.15,71.89,0.753,-17.74,13,3,1
65.04,154.62,0.421,-89.58,3,6,1
43.17,95.35,0.453,-52.18,2,8,1
23.58,9.63,2.449,13.95,28,2,0
35.06,62.27,0.563,-27.2,18,3,1
121.65,65.49,1.858,56.16,3,7,0
104.86,313.4,0.335,-208.54,13,2,1
86.57,235.7,0.367,-149.13,8,5,1
76.51,27.31,2.802,49.2,2,9,0
139.14,364.32,0.382,-225.18,10,7,1
20.18,56.16,0.359,-35.98,4,3,1
49.28,61.83,0.797,-12.55,1,2,1
58.99,132.3,0.446,-73.31,8,10,1
119.54,178.55,0.669,-59.01,12,9,1
148.95,308.2,0.483,-159.25,1,9,1
43.69,53.26,0.82,-9.56,7,9,1
132.4,155.03,0.854,-22.63,4,10,1
126.29,182.61,0.692,-56.32,1,3,1
41.45,28.73,1.443,12.72,1,1,0
65.91,167.67,0.393,-101.76,2,9,1
67.35,83.62,0.805,-16.26,2,7,1
146.95,202.85,0.724,-55.9,22,2,1
35.32,95.87,0.368,-60.54,8,6,1
121.88,199.99,0.609,-78.11,2,9,1
56.79,100.48,0.565,-43.7,1,8,1
112.32,323.77,0.347,-211.45,4,6,1
68.8,185.36,0.371,-116.56,22,6,1
90.97,68.92,1.32,22.05,6,8,0
126.57,199.68,0.634,-73.11,2,9,1
122.58,358.25,0.342,-235.67,7,8,1
131.3,171.4,0.766,-40.1,11,1,0
18.35,23.91,0.767,-5.56,1,2,1
106.89,88.35,1.21,18.54,13,6,0
29.6,18.02,1.643,11.58,7,8,0
68.21,156.81,0.435,-88.6,1,4,1
86.8,206.51,0.42,-119.71,15,4,1
66.38,193.6,0.343,-127.21,17,2,1
82.75,197.62,0.419,-114.87,13,10,1
149.51,143.09,1.045,6.42,5,1,0
28.93,11.81,2.449,17.12,10,10,0
104.56,309.58,0.338,-205.02,6,9,1
65.44,79.79,0.82,-14.35,16,7,1
28.62,32.69,0.875,-4.07,12,9,1
32.22,88.49,0.364,-56.26,1,2,1
142.9,268.62,0.532,-125.72,14,10,1
133.14,117.19,1.136,15.96,16,5,0
136.99,369.94,0.37,-232.95,6,2,1
148.81,443.78,0.335,-294.96,29,10,1
39.16,20.91,1.873,18.25,25,7,0
59.76,157.06,0.381,-97.3,2,9,1
103.69,140.44,0.738,-36.75,32,3,0
77.73,133.31,0.583,-55.58,8,1,1
68.57,189.95,0.361,-121.38,18,4,1
60.09,175.96,0.342,-115.87,23,4,0
93.13,93.86,0.992,-0.73,9,6,1
90.58,79.23,1.143,11.35,7,5,0
32.6,16.87,1.933,15.73,34,5,0
76.04,138.16,0.55,-62.12,3,9,1
87.49,29.46,2.97,58.03,4,1,0
89.84,126.87,0.708,-37.03,6,8,1
39.42,19.63,2.007,19.78,27,8,0
113.92,158.81,0.717,-44.9,39,8,1
13.53,5.52,2.452,8.01,3,3,0
59.68,152.48,0.391,-92.8,27,10,1
119.23,103.29,1.154,15.94,4,8,1
88.95,105.53,0.843,-16.58,49,2,0
46.56,123.35,0.377,-76.79,12,8,1
107.29,248.38,0.432,-141.08,1,8,1
89.43,79.72,1.122,9.71,1,3,0
121.47,60.02,2.024,61.45,2,4,0
112.9,252.04,0.448,-139.13,2,9,1
95.42,129.28,0.738,-33.86,20,9,1
78.34,185.55,0.422,-107.21,3,10,1
28.65,43.03,0.666,-14.39,48,9,1
46.59,57.5,0.81,-10.91,14,10,1
68.67,104.26,0.659,-35.59,16,6,1
93.9,217.96,0.431,-124.05,3,1,1
81.92,224.13,0.365,-142.21,31,8,1
50.35,21.87,2.302,28.48,15,9,0
10.91,18.7,0.583,-7.8,27,8,1
79.47,30.89,2.573,48.59,43,1,0
49.99,78.22,0.639,-28.23,1,6,1
112.85,303.58,0.372,-190.74,1,9,1
13.35,17.04,0.784,-3.69,22,9,1
91.88,258.87,0.355,-167.0,28,7,1
141.81,283.99,0.499,-142.18,12,7,1
34.42,97.13,0.354,-62.72,6,4,1
76.03,178.24,0.427,-102.21,14,7,1
22.8,13.21,1.726,9.59,5,10,0
97.6,90.19,1.082,7.41,3,5,1
87.07,118.79,0.733,-31.72,9,10,1
67.03,50.9,1.317,16.14,3,5,0
82.99,135.8,0.611,-52.81,9,1,1
135.52,213.13,0.636,-77.61,43,2,1
37.48,108.02,0.347,-70.54,25,9,1
13.16,19.36,0.68,-6.2,39,2,0
130.63,316.29,0.413,-185.65,22,10,1
90.8,258.15,0.352,-167.35,6,2,1
134.69,359.34,0.375,-224.65,23,9,1
93.57,80.79,1.158,12.78,35,3,0
123.42,202.32,0.61,-78.9,41,2,1
70.15,86.91,0.807,-16.76,16,7,1
114.98,158.63,0.725,-43.65,3,9,1
137.83,175.61,0.785,-37.79,1,6,1
90.1,228.05,0.395,-137.95,2,7,1
35.31,53.7,0.658,-18.39,47,3,0
47.63,81.64,0.583,-34.01,8,3,1
37.81,111.64,0.339,-73.83,27,8,1
44.56,20.58,2.165,23.98,8,7,0
52.9,85.56,0.618,-32.66,15,5,1
87.72,209.64,0.418,-121.93,1,6,1
92.32,65.37,1.412,26.94,4,9,0
69.71,136.01,0.513,-66.3,8,3,1
96.16,91.02,1.056,5.14,13,3,0
21.42,56.59,0.379,-35.17,2,6,1
22.29,26.37,0.845,-4.08,20,8,1
34.06,40.47,0.841,-6.42,6,5,1
82.53,158.06,0.522,-75.53,23,1,1
39.96,31.79,1.257,8.17,1,3,1
49.66,53.1,0.935,-3.44,15,8,1
66.04,94.11,0.702,-28.06,4,4,1
123.66,155.17,0.797,-31.51,22,9,1
11.94,20.5,0.582,-8.56,7,6,1
100.91,193.65,0.521,-92.74,15,10,1
103.64,189.67,0.546,-86.02,38,4,1
121.81,251.69,0.484,-129.88,1,4,1
140.59,158.99,0.884,-18.41,1,10,1
12.82,8.22,1.559,4.6,20,5,0
31.53,74.23,0.425,-42.7,14,7,1
134.06,348.18,0.385,-214.11,4,7,1
74.19,73.74,1.006,0.45,9,10,1
89.04,124.58,0.715,-35.54,1,7,1
102.82,169.26,0.607,-66.44,2,5,1
105.07,182.82,0.575,-77.75,7,9,1
140.44,292.21,0.481,-151.77,25,2,1
149.57,61.67,2.425,87.9,9,8,0
110.82,249.13,0.445,-138.3,12,10,1
50.21,23.46,2.14,26.75,28,8,0
133.17,208.32,0.639,-75.16,5,3,1
16.89,42.81,0.395,-25.92,16,5,1
42.35,64.3,0.659,-21.95,27,8,1
135.63,95.29,1.423,40.35,3,10,1
45.87,135.75,0.338,-89.88,6,9,1
40.89,110.45,0.37,-69.56,54,7,1
29.34,69.9,0.42,-40.56,57,4,1
130.28,183.83,0.709,-53.55,3,4,1
80.01,63.72,1.256,16.29,1,3,0
104.49,296.93,0.352,-192.44,4,8,1
43.47,75.52,0.576,-32.05,7,6,0
116.13,302.08,0.384,-185.96,8,10,1
116.4,142.43,0.817,-26.03,13,6,1
53.76,64.8,0.83,-11.04,32,10,1
67.5,199.85,0.338,-132.36,5,10,1
39.36,67.26,0.585,-27.9,26,9,1
146.72,99.75,1.471,46.97,1,3,0
100.38,89.66,1.12,10.73,1,4,0
140.84,225.51,0.625,-84.68,9,3,1
52.47,21.76,2.412,30.71,1,3,0
119.46,185.03,0.646,-65.57,6,1,1
117.22,167.76,0.699,-50.54,31,10,1
106.83,256.85,0.416,-150.01,3,6,0
145.19,182.7,0.795,-37.51,17,9,1
65.1,192.23,0.339,-127.13,5,5,1
28.3,22.3,1.269,6.0,1,10,1
104.04,197.22,0.528,-93.18,11,2,1
112.1,60.78,1.844,51.32,25,10,0
90.51,206.49,0.438,-115.98,7,4,1
38.95,116.31,0.335,-77.36,13,6,1
80.62,202.5,0.398,-121.88,32,7,1
53.71,96.69,0.555,-42.99,21,7,1
69.85,112.37,0.622,-42.52,3,4,1
100.33,256.3,0.391,-155.97,18,10,1
114.33,323.23,0.354,-208.9,9,10,1
42.51,126.3,0.337,-83.78,19,5,1
66.75,91.49,0.73,-24.74,9,4,1
47.68,141.88,0.336,-94.2,1,10,1
37.81,27.26,1.387,10.55,11,6,0
119.67,117.83,1.016,1.84,9,7,0
137.3,74.19,1.851,63.11,10,2,0
61.83,63.92,0.967,-2.08,29,10,1
115.18,273.37,0.421,-158.19,31,3,1
135.58,352.9,0.384,-217.32,8,8,1
128.46,308.68,0.416,-180.23,8,7,1
35.59,71.33,0.499,-35.73,10,1,1
143.88,242.83,0.593,-98.95,10,4,1
62.73,138.86,0.452,-76.13,42,5,1
57.49,77.92,0.738,-20.42,14,3,1
18.74,48.19,0.389,-29.45,4,4,1
78.06,166.15,0.47,-88.09,10,10,1
25.26,55.17,0.458,-29.91,13,10,1
44.8,78.26,0.572,-33.46,14,10,1
54.37,146.27,0.372,-91.9,12,7,1
123.24,120.83,1.02,2.41,2,8,1
132.57,176.2,0.752,-43.63,1,9,1
52.35,125.61,0.417,-73.26,5,2,1
130.22,212.31,0.613,-82.09,7,4,1
130.01,351.15,0.37,-221.14,1,1,1
117.05,144.59,0.81,-27.54,23,3,0
30.54,39.61,0.771,-9.08,5,8,1
106.65,287.9,0.37,-181.25,34,7,1
142.3,221.11,0.644,-78.81,2,8,1
105.56,178.76,0.59,-73.21,1,6,1
56.43,67.62,0.834,-11.2,9,5,0
80.08,83.85,0.955,-3.76,2,10,1
100.4,207.94,0.483,-107.54,38,9,1
81.48,50.81,1.604,30.67,1,5,0
26.79,71.65,0.374,-44.85,7,9,1
53.69,129.06,0.416,-75.37,36,4,1
122.34,99.71,1.227,22.63,6,5,0
130.6,283.9,0.46,-153.3,1,1,1
29.22,56.31,0.519,-27.09,5,6,1
143.33,114.42,1.253,28.92,9,3,0
56.04,58.14,0.964,-2.11,2,10,1
102.72,144.25,0.712,-41.53,8,2,0
115.26,252.17,0.457,-136.92,25,6,1
123.67,250.38,0.494,-126.71,28,1,0
142.4,247.36,0.576,-104.96,1,9,1
53.81,127.78,0.421,-73.97,2,5,1
130.19,305.48,0.426,-175.29,4,7,1
28.44,55.97,0.508,-27.53,12,10,1
108.71,263.6,0.412,-154.89,6,9,1
113.88,136.94,0.832,-23.06,26,9,1
104.88,281.02,0.373,-176.13,17,7,1
45.32,88.85,0.51,-43.52,1,4,0
132.23,333.26,0.397,-201.03,13,4,1
33.64,59.71,0.563,-26.07,1,7,1
17.51,15.58,1.124,1.93,4,8,1
110.45,194.88,0.567,-84.44,2,7,1
76.57,99.69,0.768,-23.12,2,10,1
128.87,281.36,0.458,-152.49,13,4,1
63.68,100.9,0.631,-37.23,11,4,1
33.56,85.83,0.391,-52.27,2,8,1
127.1,270.83,0.469,-143.73,64,9,1
86.85,186.57,0.465,-99.72,7,7,1
36.49,32.34,1.128,4.15,1,3,0
110.85,327.85,0.338,-216.99,1,10,1
81.56,209.8,0.389,-128.25,12,1,1
94.6,229.92,0.411,-135.31,54,5,1
74.53,88.8,0.839,-14.28,11,6,1
126.02,220.06,0.573,-94.04,41,9,1
126.14,84.54,1.492,41.6,8,5,0
109.31,191.72,0.57,-82.41,8,1,1
24.76,17.18,1.441,7.58,9,4,0
127.44,228.52,0.558,-101.09,16,2,1
103.94,213.24,0.487,-109.3,6,4,1
107.58,145.62,0.739,-38.03,27,7,1
60.82,100.11,0.608,-39.29,1,9,1
133.1,354.61,0.375,-221.51,8,3,1
111.55,66.16,1.686,45.39,10,3,0
25.76,62.8,0.41,-37.04,13,4,1
67.09,51.06,1.314,16.03,4,7,0
134.09,53.52,2.506,80.58,7,6,0
16.61,13.3,1.248,3.3,9,5,0
144.6,342.06,0.423,-197.47,16,4,1
105.08,146.47,0.717,-41.39,20,8,1
98.39,261.31,0.377,-162.92,18,4,1
47.88,82.19,0.583,-34.31,5,3,1
44.83,16.14,2.777,28.69,90,7,0
141.89,317.14,0.447,-175.25,26,2,1
51.76,30.93,1.673,20.83,4,4,0
118.57,288.28,0.411,-169.71,3,8,1
65.04,49.03,1.326,16.01,5,4,0
29.5,36.36,0.811,-6.86,8,10,1
11.5,27.09,0.425,-15.59,26,7,1
86.2,247.94,0.348,-161.74,21,2,1
146.61,191.01,0.768,-44.4,26,5,1
61.68,156.63,0.394,-94.95,4,4,1
60.01,48.91,1.227,11.09,12,9,0
58.17,144.23,0.403,-86.06,4,7,1
82.88,171.99,0.482,-89.11,1,9,1
71.69,58.82,1.219,12.88,16,10,1
133.19,148.74,0.895,-15.55,2,7,0
80.77,52.97,1.525,27.8,15,2,0
81.09,108.17,0.75,-27.08,14,2,1
29.37,24.96,1.177,4.41,23,2,0
147.58,300.89,0.49,-153.31,2,5,1
45.0,134.32,0.335,-89.32,21,1,1
20.27,6.74,3.008,13.53,90,7,0
102.84,181.05,0.568,-78.21,26,2,1
93.35,172.6,0.541,-79.25,19,4,1
68.12,188.58,0.361,-120.46,15,9,1
69.11,115.15,0.6,-46.04,7,8,1
119.91,212.0,0.566,-92.09,18,10,1
37.4,58.85,0.636,-21.45,18,2,1
124.84,128.09,0.975,-3.25,13,4,1
100.82,45.5,2.216,55.32,22,4,0
68.66,96.35,0.713,-27.69,8,2,1
74.12,32.76,2.262,41.36,1,2,0
45.93,82.05,0.56,-36.12,11,5,1
115.3,130.25,0.885,-14.95,4,4,1
81.8,142.4,0.574,-60.59,6,8,1
54.92,36.39,1.509,18.53,1,4,0
93.45,263.34,0.355,-169.9,6,8,1
149.4,405.66,0.368,-256.26,23,5,1
70.94,57.67,1.23,13.27,10,1,0
138.9,170.47,0.815,-31.57,1,9,1
58.3,114.06,0.511,-55.76,8,8,1
17.66,9.86,1.791,7.8,4,1,0
38.59,48.53,0.795,-9.93,9,3,1
68.62,67.11,1.022,1.51,7,3,1
40.75,112.95,0.361,-72.2,37,5,1
10.03,26.1,0.384,-16.07,1,7,1
138.1,257.63,0.536,-119.53,16,1,1
128.14,218.48,0.587,-90.33,26,1,1
113.92,320.45,0.355,-206.53,44,10,1
33.49,94.37,0.355,-60.88,2,6,1
26.85,78.33,0.343,-51.48,10,5,1
19.46,12.43,1.566,7.04,1,3,0
111.36,81.69,1.363,29.68,9,3,0
140.03,297.88,0.47,-157.84,1,4,1
70.28,123.82,0.568,-53.54,25,10,1
26.68,9.33,2.858,17.35,1,2,0
81.73,38.2,2.14,43.54,10,9,0
58.84,158.73,0.371,-99.89,10,4,0
62.48,165.31,0.378,-102.83,49,10,1
96.99,122.65,0.791,-25.67,14,3,0
110.62,299.32,0.37,-188.7,4,10,1
25.48,48.5,0.526,-23.01,3,7,1
14.98,37.1,0.404,-22.11,1,9,1
149.21,216.96,0.688,-67.75,19,2,1
42.58,25.81,1.65,16.77,16,6,0
17.54,25.8,0.68,-8.26,13,5,1
36.58,56.14,0.652,-19.56,1,1,1
15.45,27.62,0.559,-12.17,20,7,1
64.85,37.94,1.709,26.91,14,1,0
122.34,364.17,0.336,-241.83,46,10,1
57.77,55.42,1.043,2.36,12,9,1
72.19,60.35,1.196,11.83,5,4,0
104.58,180.13,0.581,-75.55,6,8,1
81.25,142.22,0.571,-60.97,2,1,0
130.6,194.27,0.672,-63.67,17,5,1
131.24,312.9,0.419,-181.66,17,3,1
11.39,19.3,0.59,-7.91,3,4,1
118.93,231.45,0.514,-112.53,2,4,1
74.5,167.94,0.444,-93.43,1,8,1
148.44,54.56,2.721,93.88,34,10,0
77.65,142.94,0.543,-65.29,3,10,1
148.17,398.17,0.372,-250.0,5,3,1
115.64,40.12,2.882,75.52,4,1,0
44.8,62.46,0.717,-17.65,7,5,1
85.38,239.12,0.357,-153.75,17,2,1
148.9,186.65,0.798,-37.75,28,6,1
130.05,200.1,0.65,-70.04,2,4,1
23.63,69.72,0.339,-46.08,16,9,1
108.89,91.27,1.193,17.62,6,7,0
58.38,27.8,2.1,30.58,55,2,0
10.98,28.77,0.382,-17.79,4,7,1
66.49,175.85,0.378,-109.36,1,10,1
42.87,67.5,0.635,-24.63,10,8,1
124.64,210.44,0.592,-85.8,2,3,1
57.23,146.31,0.391,-89.08,1,3,1
125.85,288.72,0.436,-162.87,16,2,1
10.08,10.24,0.984,-0.16,18,1,0
53.09,18.35,2.893,34.74,8,3,0
43.76,69.81,0.627,-26.05,15,10,1
42.7,111.83,0.382,-69.13,10,7,1
19.55,53.14,0.368,-33.59,13,9,1
36.2,104.31,0.347,-68.12,12,9,1
87.78,234.79,0.374,-147.01,15,6,1
50.79,94.78,0.536,-43.99,3,6,1
68.44,102.68,0.666,-34.25,4,5,1
62.76,150.13,0.418,-87.37,8,2,1
132.63,304.71,0.435,-172.09,8,7,1
136.74,239.71,0.57,-102.96,20,1,1
79.01,42.33,1.866,36.68,6,6,0
56.22,157.44,0.357,-101.22,2,4,1
24.95,38.18,0.654,-13.23,4,3,1
143.48,183.79,0.781,-40.32,3,1,1
18.43,36.86,0.5,-18.43,18,6,1
51.67,109.51,0.472,-57.84,8,7,1
51.73,44.95,1.151,6.78,17,1,0
54.86,140.42,0.391,-85.56,7,1,1
33.0,35.73,0.924,-2.73,30,7,1
119.64,96.2,1.244,23.44,57,6,0
27.15,37.94,0.716,-10.79,15,7,1
98.89,224.72,0.44,-125.83,27,8,1
27.34,79.47,0.344,-52.13,9,8,1
19.87,49.39,0.402,-29.52,38,9,1
137.32,389.84,0.352,-252.52,24,9,1
36.62,24.89,1.471,11.73,67,7,0
124.98,61.51,2.032,63.47,13,9,0
86.25,155.75,0.554,-69.5,21,6,1
20.9,22.65,0.923,-1.75,10,9,1
143.76,364.55,0.394,-220.78,4,2,1
44.57,94.25,0.473,-49.67,6,2,1
130.35,380.75,0.342,-250.4,31,6,1
33.63,33.23,1.012,0.41,1,3,0
129.55,208.79,0.62,-79.24,12,2,1
11.85,19.6,0.605,-7.74,6,8,1
81.65,77.22,1.057,4.43,6,7,1
117.72,222.88,0.528,-105.16,30,8,1
140.87,210.87,0.668,-70.0,26,6,1
137.29,206.78,0.664,-69.49,12,9,1
124.75,159.6,0.782,-34.85,4,9,1
134.35,46.44,2.893,87.9,9,2,0
37.89,64.78,0.585,-26.89,7,10,1
49.79,60.0,0.83,-10.21,6,5,0
50.46,15.32,3.294,35.14,1,9,0
62.79,71.04,0.884,-8.25,10,3,1
65.06,68.47,0.95,-3.4,5,5,1
86.24,117.48,0.734,-31.24,15,8,1
32.38,21.24,1.524,11.14,5,2,0
106.77,178.39,0.599,-71.62,7,6,1
33.46,72.59,0.461,-39.13,1,4,1
53.44,106.97,0.5,-53.52,68,6,1
80.47,198.77,0.405,-118.3,9,3,1
121.5,184.73,0.658,-63.23,1,6,1
113.53,193.17,0.588,-79.64,10,7,1
100.37,249.74,0.402,-149.37,28,10,1
31.81,46.27,0.687,-14.47,20,3,1
86.59,190.0,0.456,-103.41,16,5,1
22.24,32.77,0.679,-10.53,2,8,1
62.83,89.72,0.7,-26.88,15,2,1
67.89,159.72,0.425,-91.83,20,7,1
15.57,12.02,1.295,3.55,11,1,0
48.36,58.72,0.824,-10.36,31,7,1
143.79,130.17,1.105,13.62,4,1,0
143.51,182.2,0.788,-38.69,3,4,1
59.33,54.7,1.085,4.63,28,4,0
16.03,29.89,0.536,-13.86,13,5,1
35.07,86.11,0.407,-51.03,1,2,0
64.91,157.33,0.413,-92.42,6,6,1
142.69,183.23,0.779,-40.55,27,6,1
29.77,88.4,0.337,-58.63,1,8,1
116.89,222.49,0.525,-105.6,1,10,1
25.22,34.76,0.725,-9.54,4,1,1
147.38,376.69,0.391,-229.31,34,4,1
63.43,144.02,0.44,-80.59,32,2,1
118.53,275.36,0.43,-156.82,10,8,1
57.96,48.08,1.205,9.88,11,4,0
97.87,153.12,0.639,-55.25,5,8,1
36.88,96.89,0.381,-60.01,3,2,1
30.44,50.56,0.602,-20.12,23,4,1
141.33,303.2,0.466,-161.87,1,9,1
138.47,261.35,0.53,-122.88,9,5,1
134.25,345.6,0.388,-211.35,14,6,1
97.56,104.23,0.936,-6.66,1,10,1
123.16,228.31,0.539,-105.15,10,9,1
19.67,12.44,1.58,7.22,12,9,0
56.87,123.04,0.462,-66.17,18,7,1
53.92,122.74,0.439,-68.82,3,2,1
98.99,41.15,2.406,57.84,4,7,1
59.83,127.13,0.471,-67.29,11,9,1
30.79,43.71,0.704,-12.92,57,2,1
93.51,59.38,1.575,34.12,3,7,0
124.01,177.8,0.697,-53.79,59,7,1
63.5,52.35,1.213,11.15,17,3,0
28.52,40.55,0.703,-12.03,24,6,1
37.54,50.21,0.748,-12.68,1,8,1
43.25,99.2,0.436,-55.95,5,10,1
51.99,124.27,0.418,-72.28,1,8,1
99.99,193.88,0.516,-93.89,6,3,1
94.13,34.01,2.768,60.13,55,6,0
107.45,302.34,0.355,-194.89,1,2,1
60.75,130.79,0.465,-70.03,11,2,1
125.36,49.18,2.549,76.18,1,8,0
38.57,96.85,0.398,-58.28,17,10,1
75.67,63.61,1.189,12.05,3,5,0
122.13,227.64,0.537,-105.51,1,5,1
35.22,54.94,0.641,-19.72,5,4,1
25.38,36.39,0.698,-11.0,20,10,1
133.72,361.33,0.37,-227.61,1,4,1
58.01,85.91,0.675,-27.9,3,8,1
105.74,53.23,1.986,52.51,1,3,0
13.55,38.69,0.35,-25.15,48,3,1
106.61,296.95,0.359,-190.34,12,8,1
54.25,116.54,0.466,-62.28,17,3,1
17.8,27.83,0.64,-10.03,14,2,1
95.37,52.52,1.816,42.85,2,5,0
43.71,106.44,0.411,-62.73,12,3,1
64.15,32.32,1.985,31.83,1,6,0
21.28,10.33,2.061,10.96,7,7,0
30.6,53.58,0.571,-22.98,11,3,1
51.72,37.87,1.365,13.84,11,9,0
22.57,7.24,3.117,15.33,1,10,0
137.52,198.35,0.693,-60.84,1,1,0
10.85,7.27,1.491,3.57,22,7,0
77.74,57.01,1.364,20.73,18,4,0
27.25,13.84,1.97,13.42,1,7,0
53.08,45.31,1.171,7.76,1,9,1
139.65,311.67,0.448,-172.02,31,9,1
32.64,81.07,0.403,-48.44,20,1,1
145.22,221.0,0.657,-75.78,77,10,1
38.81,64.73,0.6,-25.91,4,4,1
113.82,44.18,2.576,69.64,9,7,0
86.53,42.16,2.053,44.38,3,10,0
133.83,133.22,1.005,0.61,13,6,1
87.56,154.85,0.565,-67.29,1,9,1
84.84,194.86,0.435,-110.02,1,7,1
37.36,72.24,0.517,-34.88,1,3,1
33.27,45.21,0.736,-11.94,16,7,1
138.31,85.68,1.614,52.63,9,10,1
55.9,134.61,0.415,-78.71,13,5,1
62.09,79.62,0.78,-17.52,29,2,0
116.38,266.19,0.437,-149.82,18,10,1
57.44,96.78,0.593,-39.35,8,3,1
143.29,328.76,0.436,-185.47,58,6,1
113.31,311.57,0.364,-198.26,8,6,1
93.64,260.95,0.359,-167.31,1,7,1
133.33,232.62,0.573,-99.3,68,6,1
16.94,28.49,0.595,-11.54,1,9,1
45.99,46.79,0.983,-0.8,11,5,0
75.11,212.3,0.354,-137.19,5,5,1
41.78,64.19,0.651,-22.41,9,8,1
114.15,73.57,1.552,40.58,11,8,0
138.69,203.64,0.681,-64.95,3,1,1
69.33,44.58,1.555,24.75,11,3,0
57.9,95.93,0.604,-38.03,19,6,1
144.62,262.54,0.551,-117.93,4,6,1
72.28,87.6,0.825,-15.32,6,1,0
78.47,38.72,2.027,39.75,4,2,0
59.23,168.66,0.351,-109.43,24,10,1
137.34,327.97,0.419,-190.63,18,7,1
89.65,229.96,0.39,-140.31,28,1,1
116.7,150.61,0.775,-33.91,2,10,0
123.65,291.11,0.425,-167.46,1,5,1
57.86,93.18,0.621,-35.32,1,1,1
70.72,59.61,1.186,11.11,2,6,0
128.79,81.9,1.572,46.89,10,7,0
60.86,74.95,0.812,-14.1,49,8,0
121.15,81.34,1.489,39.81,6,3,0
141.74,424.55,0.334,-282.82,44,3,1
97.25,42.09,2.31,55.16,1,1,0
113.83,169.73,0.671,-55.9,36,3,1
122.71,186.6,0.658,-63.89,2,5,1
128.31,142.64,0.9,-14.33,34,6,1
65.31,120.34,0.543,-55.03,1,3,1
17.18,12.11,1.419,5.07,41,4,0
66.26,160.13,0.414,-93.87,3,5,1
104.33,124.94,0.835,-20.62,5,5,1
73.05,138.55,0.527,-65.5,9,9,1
114.85,256.38,0.448,-141.53,6,8,1
59.98,161.96,0.37,-101.99,15,1,1
98.86,252.76,0.391,-153.89,51,2,1
36.1,70.12,0.515,-34.02,13,5,1
114.91,154.98,0.741,-40.07,17,3,1
86.4,143.3,0.603,-56.91,1,7,1
38.57,91.62,0.421,-53.05,13,6,1
50.87,135.78,0.375,-84.92,8,2,1
114.81,66.61,1.724,48.19,30,8,0
77.56,103.87,0.747,-26.3,6,5,1
40.24,96.41,0.417,-56.16,15,6,1
145.42,213.1,0.682,-67.69,3,8,1
110.12,131.81,0.835,-21.69,4,6,1
144.0,203.12,0.709,-59.12,6,10,1
69.79,134.54,0.519,-64.75,5,3,1
76.51,229.5,0.333,-152.99,4,7,1
135.71,221.36,0.613,-85.65,1,4,1
83.51,72.06,1.159,11.45,25,6,0
109.02,80.64,1.352,28.38,1,6,0
45.3,18.77,2.413,26.53,30,5,0
72.54,131.21,0.553,-58.67,1,1,1
27.28,48.3,0.565,-21.02,1,8,1
38.84,33.17,1.171,5.67,11,10,1
10.13,22.06,0.459,-11.93,9,2,1
15.5,35.66,0.435,-20.16,9,4,1
146.82,146.76,1.0,0.06,11,3,1
43.93,53.99,0.814,-10.06,4,6,1
102.86,305.94,0.336,-203.08,15,1,1
127.47,167.06,0.763,-39.58,9,9,1
87.09,205.03,0.425,-117.94,5,5,1
31.44,47.86,0.657,-16.42,24,5,1
111.94,273.35,0.409,-161.42,18,4,1
94.04,223.46,0.421,-129.43,7,4,1
112.38,236.32,0.476,-123.94,26,1,1
117.76,307.12,0.383,-189.35,35,9,1
146.56,415.62,0.353,-269.06,10,9,1
90.3,168.49,0.536,-78.19,3,4,1
57.83,54.43,1.063,3.4,34,10,1
100.79,138.71,0.727,-37.93,2,10,1
19.58,45.97,0.426,-26.38,1,4,1
135.64,279.05,0.486,-143.42,5,7,1
26.71,20.84,1.282,5.88,18,4,0
55.9,24.5,2.281,31.4,35,1,0
124.2,266.29,0.466,-142.09,14,9,1
93.62,91.56,1.023,2.07,42,2,0
65.11,107.37,0.606,-42.26,1,5,1
76.28,176.68,0.432,-100.4,1,4,1
129.64,235.84,0.55,-106.2,12,8,1
57.6,30.24,1.905,27.37,47,6,0
131.75,105.54,1.248,26.21,9,7,0
22.34,19.93,1.121,2.41,1,2,0
118.75,118.3,1.004,0.45,3,4,0
128.66,235.0,0.547,-106.35,3,4,1
35.45,58.88,0.602,-23.43,5,2,1
70.25,59.61,1.179,10.64,1,10,1
33.17,16.0,2.073,17.17,32,4,0
108.92,83.09,1.311,25.83,10,9,0
84.95,251.26,0.338,-166.32,15,8,1
98.95,154.86,0.639,-55.91,1,1,0
37.51,99.09,0.379,-61.58,1,8,1
39.64,102.74,0.386,-63.1,12,9,1
15.81,26.58,0.595,-10.77,30,8,1
55.09,121.64,0.453,-66.55,10,10,1
88.36,72.5,1.219,15.87,29,1,0
130.11,280.87,0.463,-150.76,23,8,1
103.37,107.03,0.966,-3.66,1,5,1
70.96,180.69,0.393,-109.74,3,9,1
143.44,75.46,1.901,67.98,15,9,0
110.69,264.28,0.419,-153.59,8,6,1
140.22,79.9,1.755,60.32,4,3,0
83.86,224.68,0.373,-140.82,7,7,1
46.25,51.86,0.892,-5.61,8,3,0
17.4,35.95,0.484,-18.56,33,7,1
111.65,180.46,0.619,-68.81,1,8,1
26.98,34.78,0.776,-7.8,4,5,1
52.39,107.01,0.49,-54.63,10,5,1
84.55,241.66,0.35,-157.11,16,4,1
89.02,36.62,2.431,52.39,13,3,0
94.08,261.63,0.36,-167.55,39,8,1
33.28,64.71,0.514,-31.43,22,6,1
63.16,156.63,0.403,-93.47,11,6,1
96.41,128.84,0.748,-32.44,3,2,1
145.77,229.45,0.635,-83.67,8,4,1
111.87,295.99,0.378,-184.12,16,5,1
139.16,197.63,0.704,-58.46,25,10,1
116.71,203.49,0.574,-86.78,44,5,1
92.84,32.91,2.821,59.93,13,3,0
36.88,26.86,1.373,10.02,10,10,0
103.34,210.04,0.492,-106.7,1,5,1
97.27,217.49,0.447,-120.21,1,5,1
94.35,176.71,0.534,-82.37,2,2,1
78.57,53.97,1.456,24.6,1,5,0
84.01,126.24,0.666,-42.22,7,3,1
56.82,71.52,0.794,-14.7,5,3,1
82.7,135.49,0.61,-52.79,14,5,1
37.66,99.79,0.377,-62.13,10,9,1
122.72,293.9,0.418,-171.18,12,2,1
36.01,18.97,1.898,17.04,8,9,0
21.9,59.2,0.37,-37.31,4,3,1
71.07,111.85,0.635,-40.78,42,7,1
102.16,235.84,0.433,-133.67,1,1,1
71.28,48.34,1.475,22.94,39,1,0
48.75,102.9,0.474,-54.15,5,8,1
88.14,82.69,1.066,5.46,10,9,1
58.58,86.91,0.674,-28.33,1,3,1
140.6,48.58,2.894,92.02,1,6,0
139.17,98.72,1.41,40.45,7,3,0
80.33,44.07,1.823,36.26,18,6,0
55.9,52.96,1.056,2.95,4,7,1
113.2,64.53,1.754,48.67,11,5,0
15.14,32.83,0.461,-17.69,4,3,1
76.47,28.94,2.643,47.53,6,8,0
57.09,112.34,0.508,-55.25,33,5,1
138.88,94.42,1.471,44.45,27,1,0
11.68,33.31,0.351,-21.63,10,9,1
87.39,246.39,0.355,-159.0,3,3,1
113.69,103.33,1.1,10.36,3,2,0
77.9,152.61,0.51,-74.7,43,3,1
21.96,8.25,2.662,13.71,3,7,0
146.14,411.52,0.355,-265.37,23,10,1
82.52,141.28,0.584,-58.76,6,8,1
95.99,40.0,2.4,55.99,59,2,0
43.13,52.82,0.816,-9.69,6,7,1
77.69,39.43,1.97,38.26,6,5,0
70.08,95.38,0.735,-25.3,14,9,1
20.49,43.2,0.474,-22.71,45,7,1
24.86,39.0,0.637,-14.14,52,1,0
127.25,170.01,0.748,-42.76,17,1,1
43.57,27.09,1.608,16.48,19,6,0
37.29,35.85,1.04,1.44,11,9,1
80.69,46.02,1.753,34.66,19,1,0
117.62,291.74,0.403,-174.11,27,3,1
18.67,12.42,1.503,6.25,9,5,0
90.75,173.11,0.524,-82.36,13,4,1
26.69,32.71,0.816,-6.02,10,1,0
15.1,13.75,1.099,1.36,11,10,1
17.38,35.23,0.493,-17.85,30,4,1
126.78,194.47,0.652,-67.69,6,4,1
26.52,36.6,0.724,-10.09,3,10,1
16.32,31.02,0.526,-14.7,8,4,1
71.31,115.97,0.615,-44.67,3,3,1
128.16,143.46,0.893,-15.3,9,7,1
46.74,84.57,0.553,-37.83,32,1,1
69.04,145.51,0.474,-76.47,13,2,1
15.59,5.8,2.688,9.79,27,1,0
72.87,113.52,0.642,-40.65,2,4,1
90.87,41.41,2.194,49.45,32,5,0
89.93,72.24,1.245,17.69,12,10,1
56.54,102.53,0.551,-45.99,1,5,1
54.17,142.95,0.379,-88.78,14,2,1
24.93,66.89,0.373,-41.97,42,3,1
61.35,29.99,2.046,31.36,1,4,0
23.93,34.26,0.699,-10.33,12,10,1
117.32,219.88,0.534,-102.55,34,6,1
145.28,101.27,1.435,44.01,1,6,0
145.81,345.08,0.423,-199.27,13,2,1
131.11,302.79,0.433,-171.68,9,2,1
94.11,257.77,0.365,-163.66,5,9,1
108.12,34.91,3.097,73.21,13,2,0
49.93,44.19,1.13,5.74,1,2,0
98.31,249.05,0.395,-150.75,19,3,1
73.79,155.74,0.474,-81.95,1,9,1
77.48,210.35,0.368,-132.87,5,6,1
116.09,52.75,2.201,63.34,9,6,0
49.47,94.57,0.523,-45.11,6,10,1
54.53,100.13,0.545,-45.61,5,5,1
139.45,55.27,2.523,84.18,24,7,0
17.87,30.14,0.593,-12.27,38,4,1
77.99,151.74,0.514,-73.75,28,10,1
137.79,112.51,1.225,25.29,10,10,1
95.45,99.08,0.963,-3.63,30,3,0
86.5,175.5,0.493,-89.0,35,7,1
44.96,70.34,0.639,-25.38,7,10,1
58.06,151.92,0.382,-93.86,4,1,1
129.29,158.3,0.817,-29.02,1,6,1
88.29,90.05,0.98,-1.76,9,2,0
82.06,242.84,0.338,-160.77,40,2,1
23.94,66.08,0.362,-42.14,11,8,1
12.24,4.63,2.644,7.61,15,3,0
144.92,345.04,0.42,-200.12,1,9,1
62.78,37.54,1.673,25.24,2,4,0
94.45,35.34,2.672,59.11,8,6,0
21.16,21.98,0.962,-0.82,42,1,0
105.64,108.51,0.973,-2.88,6,10,1
140.56,353.11,0.398,-212.55,29,10,1
90.59,201.01,0.451,-110.42,1,3,1
27.66,81.6,0.339,-53.94,13,4,1
91.44,203.1,0.45,-111.66,12,5,1
117.29,167.64,0.7,-50.35,27,1,0
66.9,146.31,0.457,-79.42,1,4,1
133.18,399.34,0.333,-266.16,2,5,1
100.82,223.55,0.451,-122.73,3,4,1
135.89,320.24,0.424,-184.35,41,10,1
97.29,275.68,0.353,-178.39,2,10,1
28.38,17.22,1.648,11.16,1,7,0
53.36,117.54,0.454,-64.18,10,8,1
38.25,99.35,0.385,-61.09,10,8,1
137.24,394.8,0.348,-257.57,26,3,1
116.46,101.27,1.15,15.18,41,5,0
104.7,173.86,0.602,-69.16,10,10,1
52.14,111.44,0.468,-59.3,37,8,1
35.77,34.63,1.033,1.14,18,7,0
115.9,222.68,0.52,-106.78,4,9,1
76.38,76.04,1.005,0.35,36,10,1
41.61,49.95,0.833,-8.34,15,7,1
96.33,143.73,0.67,-47.4,7,2,1
15.65,27.05,0.578,-11.4,15,4,1
55.66,84.24,0.661,-28.57,7,8,1
75.6,123.35,0.613,-47.75,1,9,1
30.71,33.98,0.904,-3.26,17,7,0
147.85,107.81,1.371,40.04,24,5,0
39.27,16.8,2.337,22.47,18,1,0
28.25,23.42,1.206,4.83,3,9,1
38.49,72.03,0.534,-33.54,43,6,1
117.67,285.05,0.413,-167.38,1,2,1
69.57,52.66,1.321,16.91,5,10,1
89.16,52.88,1.686,36.28,4,10,0
12.94,30.06,0.43,-17.12,1,2,1
14.82,16.66,0.89,-1.84,7,10,1
72.42,207.76,0.349,-135.35,13,1,1
124.33,277.09,0.449,-152.76,29,4,1
133.93,158.34,0.846,-24.41,64,10,1
22.14,23.95,0.924,-1.81,23,2,0
85.37,146.32,0.583,-60.95,8,10,1
137.85,70.81,1.947,67.04,18,9,0
64.32,39.73,1.619,24.59,25,2,1
126.14,97.73,1.291,28.4,8,9,0
28.72,68.68,0.418,-39.97,21,1,1
140.96,237.85,0.593,-96.89,9,7,1
115.2,37.85,3.044,77.35,6,6,0
141.79,300.37,0.472,-158.59,10,6,1
104.73,151.22,0.693,-46.49,15,2,0
60.88,102.23,0.595,-41.35,18,1,1
141.35,124.12,1.139,17.23,6,10,0
48.58,86.95,0.559,-38.37,11,8,1
56.5,166.33,0.34,-109.83,33,8,1
108.11,53.87,2.007,54.24,52,2,0
117.14,124.94,0.938,-7.8,3,4,1
140.12,133.96,1.046,6.15,2,4,0
38.67,37.55,1.03,1.12,15,2,0
121.72,160.98,0.756,-39.26,7,9,1
113.4,284.5,0.399,-171.1,1,4,1
18.93,52.34,0.362,-33.41,5,4,1
64.21,54.32,1.182,9.89,23,4,1
49.59,87.57,0.566,-37.98,22,5,1
52.63,106.29,0.495,-53.66,9,10,1
147.61,252.26,0.585,-104.65,8,8,1
99.99,147.18,0.679,-47.2,12,4,1
110.47,90.41,1.222,20.07,3,3,0
146.73,237.43,0.618,-90.71,10,1,1
62.81,86.88,0.723,-24.07,1,2,1
122.26,299.29,0.408,-177.03,9,4,1
70.83,167.29,0.423,-96.46,5,9,1
131.73,87.18,1.511,44.55,15,1,0
35.29,19.02,1.855,16.27,14,6,0
142.68,392.65,0.363,-249.97,6,6,1
40.63,70.93,0.573,-30.3,1,10,1
55.67,145.64,0.382,-89.97,4,3,1
115.87,52.95,2.188,62.91,14,10,0
65.13,112.12,0.581,-46.99,1,9,1
95.15,167.13,0.569,-71.98,1,10,1
72.24,189.55,0.381,-117.31,14,3,1
113.93,64.21,1.774,49.73,19,1,0
41.97,39.83,1.054,2.13,5,2,0
18.18,25.42,0.715,-7.23,9,4,1
51.99,137.14,0.379,-85.15,40,4,1
76.4,216.6,0.353,-140.2,40,2,1
33.52,99.91,0.336,-66.39,5,10,1
59.67,172.44,0.346,-112.77,23,6,1
66.0,20.86,3.164,45.14,12,6,0
18.03,7.73,2.332,10.3,51,3,1
91.66,64.03,1.432,27.63,9,1,0
133.81,166.18,0.805,-32.37,20,10,1
31.24,79.38,0.394,-48.14,20,9,1
93.69,253.92,0.369,-160.23,9,4,1
103.06,82.91,1.243,20.15,22,9,1
68.71,135.57,0.507,-66.86,4,5,1
108.15,300.33,0.36,-192.18,1,7,1
67.5,104.77,0.644,-37.27,7,3,1
80.65,46.74,1.725,33.91,40,3,0
11.03,16.94,0.651,-5.91,9,8,1
106.84,140.46,0.761,-33.62,14,1,0
102.59,190.78,0.538,-88.19,13,8,1
15.38,22.82,0.674,-7.45,1,8,1
61.56,21.35,2.883,40.21,6,3,0
147.06,438.81,0.335,-291.75,17,1,1
68.9,121.79,0.566,-52.89,50,9,1
80.27,126.73,0.633,-46.46,2,4,1
137.39,395.34,0.348,-257.95,7,7,0
110.42,79.59,1.387,30.83,1,9,1
91.49,74.19,1.233,17.3,3,3,0
121.69,302.0,0.403,-180.3,6,5,1
131.01,131.57,0.996,-0.56,10,10,1
73.96,181.8,0.407,-107.83,3,3,1
76.52,79.05,0.968,-2.54,3,5,0
64.05,24.95,2.567,39.09,21,2,0
145.34,246.49,0.59,-101.15,46,4,1
107.6,89.42,1.203,18.18,5,2,0
21.65,50.8,0.426,-29.15,16,3,1
130.81,265.72,0.492,-134.9,4,5,1
77.28,215.89,0.358,-138.62,36,9,1
19.63,47.38,0.414,-27.75,15,3,1
86.96,68.53,1.269,18.43,22,10,0
68.4,168.3,0.406,-99.9,1,6,1
132.88,270.11,0.492,-137.23,12,4,1
38.56,81.21,0.475,-42.65,10,4,1
125.71,320.18,0.393,-194.48,4,10,1
88.08,162.88,0.541,-74.81,4,10,1
17.65,27.5,0.642,-9.85,12,5,1
146.06,294.88,0.495,-148.82,17,7,1
81.77,90.31,0.905,-8.54,1,4,1
50.72,40.22,1.261,10.5,11,8,0
75.72,148.77,0.509,-73.05,2,9,1
130.1,121.17,1.074,8.93,2,9,1
52.69,27.17,1.939,25.51,13,9,0
36.97,11.15,3.317,25.83,5,2,0
28.07,54.52,0.515,-26.45,8,3,1
51.7,66.06,0.783,-14.36,6,5,1
119.21,277.9,0.429,-158.69,14,1,0
76.03,99.82,0.762,-23.79,8,4,1
41.85,67.47,0.62,-25.62,46,5,1
33.27,46.54,0.715,-13.28,6,9,1
56.58,116.36,0.486,-59.78,18,8,1
141.59,178.63,0.793,-37.04,4,1,0
58.02,168.39,0.345,-110.37,9,3,1
148.34,419.44,0.354,-271.1,11,3,1
77.93,201.82,0.386,-123.89,5,6,1
35.08,97.7,0.359,-62.62,8,4,1
134.76,203.85,0.661,-69.09,4,4,1
74.45,130.17,0.572,-55.72,1,1,1
109.35,251.91,0.434,-142.56,3,10,1
147.72,321.97,0.459,-174.25,16,4,1
17.02,46.05,0.37,-29.02,20,1,1
23.54,52.58,0.448,-29.05,4,5,1
110.86,331.96,0.334,-221.09,7,3,1
49.46,61.37,0.806,-11.92,1,10,1
35.8,91.26,0.392,-55.46,3,5,1
15.51,33.87,0.458,-18.36,21,3,1
13.06,28.29,0.462,-15.24,13,5,1
118.43,139.72,0.848,-21.29,3,4,1
28.82,69.78,0.413,-40.96,4,9,1
75.48,206.14,0.366,-130.66,23,6,1
94.83,84.4,1.123,10.42,3,10,1
69.97,139.16,0.503,-69.19,5,2,1
13.79,18.74,0.736,-4.95,15,1,0
119.69,355.69,0.336,-236.0,11,1,1
11.47,18.27,0.628,-6.8,8,1,1
116.66,106.92,1.091,9.75,32,9,1
135.06,179.77,0.751,-44.71,3,5,1
70.6,145.81,0.484,-75.21,18,4,1
84.98,42.95,1.978,42.03,2,10,0
76.78,148.16,0.518,-71.38,13,5,1
64.49,181.49,0.355,-117.0,28,9,1
134.24,348.48,0.385,-214.24,8,3,1
135.15,65.24,2.072,69.91,18,3,0
57.01,170.03,0.335,-113.01,24,2,1
96.11,210.15,0.457,-114.04,2,8,1
139.77,103.17,1.355,36.6,17,7,0
144.69,48.26,2.998,96.43,35,2,0
81.25,61.95,1.312,19.3,12,4,0
73.4,188.12,0.39,-114.72,2,7,1
49.02,17.57,2.79,31.45,1,1,0
144.24,134.07,1.076,10.17,4,1,0
29.99,70.33,0.426,-40.33,1,8,1
91.18,171.64,0.531,-80.46,10,6,1
49.56,119.6,0.414,-70.04,1,2,1
49.06,113.56,0.432,-64.5,3,10,1
66.7,29.12,2.29,37.57,8,10,0
149.83,406.01,0.369,-256.18,8,1,1
17.7,16.16,1.095,1.54,11,3,0
91.0,163.26,0.557,-72.27,17,4,1
21.56,43.97,0.49,-22.41,1,5,1
31.63,23.89,1.324,7.74,1,10,0
71.54,210.03,0.341,-138.49,1,3,1
81.46,131.81,0.618,-50.35,7,5,1
46.23,21.06,2.195,25.17,1,7,0
54.3,153.71,0.353,-99.41,19,9,1
22.18,41.75,0.531,-19.58,3,5,0
52.45,114.75,0.457,-62.3,39,4,1
145.32,249.65,0.582,-104.33,9,10,1
142.26,363.3,0.392,-221.04,8,9,1
56.88,22.15,2.568,34.73,21,8,0
89.92,92.13,0.976,-2.21,17,5,1
137.34,215.36,0.638,-78.02,13,9,1
10.87,5.51,1.973,5.36,38,9,0
123.5,272.43,0.453,-148.93,7,1,1
142.77,194.58,0.734,-51.81,23,6,1
22.79,23.61,0.965,-0.82,6,5,1
32.6,10.08,3.235,22.52,25,6,0
144.5,324.2,0.446,-179.7,4,10,1
85.26,217.51,0.392,-132.26,4,3,1
11.99,16.38,0.732,-4.39,15,3,1
46.07,84.0,0.548,-37.93,3,10,1
72.99,66.77,1.093,6.22,3,5,0
107.01,211.87,0.505,-104.86,5,7,1
112.64,37.48,3.005,75.16,15,4,0
149.36,241.86,0.618,-92.5,30,6,1
50.25,102.48,0.49,-52.23,15,5,1
85.35,237.2,0.36,-151.85,24,2,1
84.67,112.57,0.752,-27.91,10,1,1
66.79,158.03,0.423,-91.24,1,6,1
33.68,64.46,0.523,-30.78,1,5,1
146.84,411.59,0.357,-264.75,11,9,1
129.46,178.09,0.727,-48.63,5,7,1
79.77,92.65,0.861,-12.89,3,1,0
94.45,254.58,0.371,-160.13,8,10,1
41.82,18.1,2.31,23.71,15,6,0
86.13,57.56,1.496,28.57,6,7,0
107.3,56.06,1.914,51.23,22,3,0
82.12,211.58,0.388,-129.46,18,9,1
148.64,48.85,3.043,99.79,18,2,0
95.59,251.06,0.381,-155.47,58,1,1
61.94,94.05,0.659,-32.11,4,10,1
118.1,36.71,3.217,81.39,14,10,0
33.86,46.88,0.722,-13.02,27,9,1
63.83,51.34,1.243,12.49,12,7,0
58.57,116.32,0.504,-57.75,21,10,1
70.45,150.37,0.469,-79.91,7,1,1
119.45,193.07,0.619,-73.62,12,4,1
77.78,31.85,2.443,45.94,1,10,1
121.16,250.99,0.483,-129.83,59,3,1
90.71,233.44,0.389,-142.73,22,7,1
57.89,129.96,0.445,-72.07,28,5,1
123.4,313.54,0.394,-190.14,16,9,1
43.36,36.48,1.189,6.88,2,3,0
41.41,111.82,0.37,-70.4,1,6,1
80.63,94.33,0.855,-13.7,27,10,1
46.52,15.64,2.974,30.88,7,2,0
11.27,29.05,0.388,-17.78,4,3,1
100.76,286.46,0.352,-185.7,11,4,1
81.55,168.82,0.483,-87.26,7,6,1
72.37,66.94,1.081,5.44,14,1,0
145.38,142.43,1.021,2.95,9,6,1
89.97,140.33,0.641,-50.36,16,4,1
130.88,356.54,0.367,-225.66,26,8,1
29.52,20.78,1.421,8.74,3,9,0
89.69,226.92,0.395,-137.24,5,8,1
131.52,142.9,0.92,-11.38,8,8,1
91.63,227.55,0.403,-135.91,45,2,1
110.52,307.77,0.359,-197.25,6,10,1
62.09,90.29,0.688,-28.2,6,2,1
22.94,29.5,0.778,-6.55,14,6,1
74.11,182.75,0.406,-108.64,7,5,1
65.23,112.82,0.578,-47.59,42,6,1
131.39,282.22,0.466,-150.84,31,9,1
44.16,87.51,0.505,-43.35,10,10,1
145.34,103.6,1.403,41.74,14,7,0
144.14,372.01,0.387,-227.87,1,5,1
44.67,37.01,1.207,7.66,16,10,1
58.73,165.44,0.355,-106.72,17,7,1
135.38,132.2,1.024,3.18,6,8,1
145.33,331.56,0.438,-186.23,3,1,1
72.08,77.02,0.936,-4.94,34,10,1
54.94,63.62,0.864,-8.68,7,7,1
83.65,95.11,0.88,-11.46,14,4,0
106.29,246.51,0.431,-140.23,1,5,1
48.29,87.08,0.555,-38.79,7,2,1
113.11,303.57,0.373,-190.47,23,10,1
17.23,19.47,0.885,-2.24,6,5,1
16.9,36.65,0.461,-19.75,12,9,1
64.08,149.5,0.429,-85.42,3,1,1
59.49,42.18,1.41,17.31,7,3,0
54.19,74.87,0.724,-20.68,36,4,1
78.74,126.27,0.624,-47.53,11,9,1
54.9,69.2,0.793,-14.29,32,2,0
36.92,43.18,0.855,-6.26,32,7,1
53.33,114.83,0.464,-61.5,40,9,1
146.49,129.32,1.133,17.16,31,10,1
67.56,149.66,0.451,-82.1,1,4,1
72.26,204.11,0.354,-131.85,38,5,1
90.72,165.65,0.548,-74.93,2,10,1
147.67,288.08,0.513,-140.41,1,4,1
43.82,21.3,2.057,22.52,1,7,0
105.38,277.58,0.38,-172.2,6,8,1
110.24,118.03,0.934,-7.79,13,8,1
95.03,186.31,0.51,-91.29,7,3,1
22.4,65.94,0.34,-43.54,1,2,1
104.76,199.87,0.524,-95.11,9,6,1
18.97,42.82,0.443,-23.84,8,1,1
93.46,140.41,0.666,-46.95,19,9,1
113.54,52.57,2.16,60.97,4,7,0
39.54,97.0,0.408,-57.47,3,8,1
127.83,50.43,2.535,77.4,4,7,0
14.25,31.23,0.456,-16.98,5,5,1
128.13,46.37,2.763,81.76,12,5,0
74.45,195.66,0.38,-121.21,8,7,1
40.46,29.36,1.378,11.1,5,7,0
28.73,48.51,0.592,-19.78,6,2,1
143.46,274.35,0.523,-130.88,6,2,1
20.17,30.97,0.651,-10.8,50,7,1
37.87,46.21,0.82,-8.33,3,5,1
58.7,91.75,0.64,-33.05,23,2,1
96.83,110.47,0.877,-13.64,17,1,0
86.27,127.94,0.674,-41.66,1,9,1
27.59,35.01,0.788,-7.42,69,8,1
50.56,92.47,0.547,-41.9,19,2,1
43.43,40.92,1.061,2.5,16,2,0
39.9,118.47,0.337,-78.57,7,3,1
67.56,111.63,0.605,-44.07,11,4,1
108.56,89.48,1.213,19.08,4,9,1
40.44,64.23,0.63,-23.78,1,6,1
61.34,161.88,0.379,-100.55,25,3,1
64.73,23.23,2.786,41.5,31,8,0
146.7,313.18,0.468,-166.48,2,6,1
143.65,255.63,0.562,-111.98,21,8,1
122.02,92.47,1.32,29.55,18,10,1
43.83,109.9,0.399,-66.06,2,2,1
19.53,25.3,0.772,-5.78,7,8,1
54.37,59.44,0.915,-5.07,7,5,1
47.35,120.08,0.394,-72.73,19,10,1
80.83,163.6,0.494,-82.77,25,4,1
118.88,323.99,0.367,-205.11,1,3,1
130.17,260.42,0.5,-130.25,11,9,1
128.28,295.07,0.435,-166.79,20,10,1
60.35,154.41,0.391,-94.06,21,7,1
106.21,47.56,2.233,58.65,2,7,0
53.8,128.86,0.417,-75.06,10,6,1
18.53,36.26,0.511,-17.73,27,9,1
108.22,52.78,2.051,55.44,5,3,0
11.38,19.03,0.598,-7.66,7,1,1
67.29,35.17,1.913,32.12,22,7,0
56.11,128.33,0.437,-72.22,1,9,1
107.07,190.11,0.563,-83.04,27,6,1
117.27,337.12,0.348,-219.85,5,10,1
52.57,41.77,1.259,10.81,1,2,0
123.63,239.38,0.516,-115.75,3,8,1
51.15,44.56,1.148,6.58,1,9,0
72.49,141.93,0.511,-69.44,1,10,1
111.78,251.64,0.444,-139.86,16,8,1
107.01,240.79,0.444,-133.78,3,9,1
148.23,370.68,0.4,-222.45,38,1,1
41.52,108.15,0.384,-66.63,10,3,1
102.72,52.25,1.966,50.48,8,3,0
95.36,116.98,0.815,-21.63,7,9,1
138.11,297.67,0.464,-159.55,16,3,1
31.89,52.5,0.607,-20.61,8,10,1
115.25,93.91,1.227,21.34,1,1,0
89.56,160.52,0.558,-70.96,29,3,1
48.45,67.84,0.714,-19.38,7,2,1
76.42,103.41,0.739,-26.98,1,9,1
56.73,141.05,0.402,-84.32,10,1,1
91.1,127.59,0.714,-36.49,14,2,0
134.46,49.94,2.692,84.52,4,1,0
89.7,40.97,2.189,48.73,22,9,0
98.44,257.11,0.383,-158.67,15,7,1
82.62,239.08,0.346,-156.46,14,1,1
17.16,37.05,0.463,-19.89,7,10,1
42.6,54.69,0.779,-12.09,45,6,1
78.88,223.56,0.353,-144.68,4,5,1
53.43,111.65,0.479,-58.22,12,10,1
35.45,91.44,0.388,-56.0,5,5,1
80.58,190.79,0.422,-110.22,19,4,1
55.19,73.06,0.755,-17.86,1,3,0
46.14,73.47,0.628,-27.33,1,8,1
74.96,60.16,1.246,14.8,23,7,1
28.66,31.19,0.919,-2.53,7,5,1
139.88,335.85,0.417,-195.97,5,9,1
131.48,356.8,0.368,-225.32,13,7,1
109.07,246.06,0.443,-136.99,16,10,1
24.87,38.7,0.643,-13.83,3,2,1
118.62,63.29,1.874,55.33,2,7,0
123.11,55.86,2.204,67.25,44,7,0
117.49,153.99,0.763,-36.5,12,4,0
25.96,40.29,0.644,-14.34,6,8,1
100.15,194.75,0.514,-94.6,22,4,1
126.81,40.26,3.149,86.54,10,7,0
90.83,269.97,0.336,-179.14,3,4,1
100.5,128.9,0.78,-28.4,3,8,1
74.17,192.09,0.386,-117.92,7,3,1
84.02,146.56,0.573,-62.54,27,2,1
14.81,9.66,1.533,5.15,1,10,0
99.45,244.01,0.408,-144.55,3,6,1
21.4,47.44,0.451,-26.04,31,7,1
70.9,122.24,0.58,-51.34,1,7,1
50.97,86.11,0.592,-35.13,13,6,1
86.36,46.31,1.865,40.05,3,8,0
28.68,59.39,0.483,-30.71,13,6,1
106.83,294.89,0.362,-188.06,6,6,1
121.3,66.93,1.812,54.37,1,3,0
32.87,33.25,0.989,-0.38,12,2,0
24.6,67.32,0.365,-42.72,16,7,1
30.37,32.43,0.937,-2.06,15,6,0
132.8,274.31,0.484,-141.52,14,1,1
83.95,146.4,0.573,-62.46,9,2,1
75.42,144.05,0.524,-68.64,10,2,1
24.94,35.48,0.703,-10.54,14,1,1
100.94,112.04,0.901,-11.1,16,3,0
131.52,56.69,2.32,74.83,14,5,0
125.95,290.88,0.433,-164.93,12,4,1
97.65,226.0,0.432,-128.35,2,2,1
20.54,43.36,0.474,-22.82,3,8,1
25.74,52.44,0.491,-26.71,4,9,1
16.9,16.19,1.044,0.71,35,8,1
46.05,16.59,2.775,29.45,19,7,0
28.99,72.0,0.403,-43.01,11,10,1
46.41,75.46,0.615,-29.05,4,2,1
63.91,72.12,0.886,-8.21,1,6,1
142.02,81.69,1.738,60.33,32,4,0
95.45,44.8,2.131,50.65,31,5,0
126.9,157.6,0.805,-30.7,1,9,1
109.45,270.64,0.404,-161.2,22,9,1
25.75,71.6,0.36,-45.85,8,4,1
113.03,307.58,0.367,-194.55,5,8,1
48.51,135.06,0.359,-86.55,18,5,1
99.48,273.64,0.364,-174.17,13,9,1
57.73,99.51,0.58,-41.77,21,2,1
149.67,133.57,1.121,16.1,1,4,0
46.9,115.12,0.407,-68.22,5,3,1
49.08,43.04,1.14,6.04,5,7,1
140.29,143.3,0.979,-3.01,5,2,0
13.45,12.51,1.076,0.94,9,3,0
107.54,181.79,0.592,-74.25,4,9,1
111.55,130.39,0.855,-18.84,8,8,1
127.09,91.03,1.396,36.07,6,2,0
146.42,223.08,0.656,-76.66,18,6,1
146.58,389.85,0.376,-243.26,12,3,1
19.14,35.22,0.543,-16.09,14,6,1
125.06,334.09,0.374,-209.03,3,5,1
100.48,83.29,1.206,17.2,5,10,1
100.63,75.55,1.332,25.07,1,4,0
27.97,51.86,0.539,-23.89,1,7,1
101.03,156.69,0.645,-55.66,4,10,1
147.55,307.26,0.48,-159.72,1,7,1
137.65,336.63,0.409,-198.98,12,4,1
71.48,166.44,0.429,-94.96,87,3,1
15.59,44.35,0.352,-28.75,1,4,1
60.72,83.51,0.727,-22.79,24,2,1
125.69,107.75,1.167,17.94,1,4,1
108.21,193.42,0.559,-85.21,15,4,1
74.31,44.51,1.669,29.8,14,5,0
17.71,19.13,0.926,-1.42,32,1,0
69.77,60.09,1.161,9.68,1,2,0
75.66,103.71,0.73,-28.05,5,8,1
140.0,84.04,1.666,55.96,1,8,0
99.75,38.5,2.591,61.25,7,8,0
53.63,111.2,0.482,-57.56,33,5,1
83.54,162.72,0.513,-79.17,21,8,1
19.25,42.59,0.452,-23.34,17,9,1
146.16,304.46,0.48,-158.3,10,4,1
60.41,36.76,1.643,23.64,30,4,0
76.9,83.51,0.921,-6.61,8,7,1
59.74,38.81,1.539,20.93,2,5,0
105.55,271.9,0.388,-166.35,25,10,1
102.71,237.95,0.432,-135.24,4,1,1
110.15,92.98,1.185,17.17,1,8,1
47.54,58.07,0.819,-10.53,1,4,1
54.19,157.7,0.344,-103.5,13,8,1
27.54,52.43,0.525,-24.9,13,2,1
101.77,250.68,0.406,-148.9,4,4,1
15.57,15.8,0.986,-0.22,18,2,0
93.68,81.23,1.153,12.45,20,5,0
131.76,318.4,0.414,-186.64,35,10,1
134.72,289.89,0.465,-155.17,12,10,1
72.87,155.83,0.468,-82.97,21,8,1
74.3,133.16,0.558,-58.86,19,7,1
20.78,37.85,0.549,-17.07,4,5,1
103.91,237.57,0.437,-133.66,5,7,1
124.98,128.6,0.972,-3.63,9,5,0
44.25,55.42,0.798,-11.17,1,7,1
68.98,183.04,0.377,-114.06,4,4,1
127.44,144.51,0.882,-17.07,8,4,1
132.8,235.72,0.563,-102.92,1,10,1
44.05,96.77,0.455,-52.73,1,4,1
87.08,261.22,0.333,-174.14,8,8,1
36.95,54.51,0.678,-17.56,18,1,1
24.26,35.32,0.687,-11.06,25,10,1
137.56,354.21,0.388,-216.65,11,5,1
124.87,309.04,0.404,-184.17,9,10,1
116.4,264.69,0.44,-148.29,6,2,1
16.83,26.09,0.645,-9.27,3,10,1
128.12,150.5,0.851,-22.37,2,4,0
71.33,138.63,0.515,-67.3,21,5,1
57.94,154.44,0.375,-96.51,8,8,1
86.51,232.37,0.372,-145.87,21,2,1
22.79,13.51,1.686,9.28,17,2,0
115.93,168.86,0.687,-52.93,3,2,1
91.54,142.32,0.643,-50.78,9,8,1
36.12,106.18,0.34,-70.06,8,3,1
36.35,77.45,0.469,-41.1,7,5,1
35.79,50.1,0.715,-14.3,10,2,1
17.98,6.66,2.7,11.32,56,6,0
92.29,168.57,0.547,-76.28,23,10,1
127.65,71.41,1.788,56.24,32,6,0
12.45,31.78,0.392,-19.33,1,2,1
16.86,39.32,0.429,-22.46,2,4,1
90.19,139.19,0.648,-49.01,1,2,0
124.73,181.96,0.685,-57.23,4,10,1
55.74,151.78,0.367,-96.04,8,4,1
58.95,63.59,0.927,-4.65,14,7,1
93.49,90.9,1.028,2.58,9,5,1
48.39,137.23,0.353,-88.84,32,10,1
13.73,34.11,0.402,-20.38,39,4,1
112.93,284.1,0.398,-171.17,2,10,1
97.59,80.71,1.209,16.88,26,10,1
91.31,62.72,1.456,28.59,9,3,0
113.84,42.15,2.701,71.68,8,6,0
104.53,98.26,1.064,6.27,21,2,0
38.82,92.8,0.418,-53.98,1,4,1
59.35,56.27,1.055,3.08,29,8,1
27.66,62.74,0.441,-35.08,15,2,1
28.18,27.62,1.02,0.56,29,9,1
104.67,143.11,0.731,-38.44,72,2,0
130.2,384.69,0.338,-254.49,10,8,1
144.78,139.13,1.041,5.65,1,8,1
97.97,128.95,0.76,-30.98,2,7,1
35.77,39.81,0.899,-4.04,5,10,1
24.79,14.78,1.678,10.02,1,6,0
123.8,200.89,0.616,-77.09,23,1,1
91.03,120.38,0.756,-29.35,4,2,1
96.56,210.13,0.46,-113.57,52,7,1
119.4,299.41,0.399,-180.0,16,4,1
108.46,191.92,0.565,-83.46,2,9,1
126.82,49.07,2.584,77.75,9,3,0
17.87,35.22,0.507,-17.35,8,4,1
114.65,51.54,2.224,63.11,9,3,0
129.12,253.61,0.509,-124.49,10,7,1
50.06,107.61,0.465,-57.55,1,2,1
99.66,83.12,1.199,16.55,16,10,1
53.98,135.62,0.398,-81.63,9,2,1
144.12,397.75,0.362,-253.63,21,2,1
14.68,36.63,0.401,-21.95,23,4,1
91.17,102.46,0.89,-11.29,3,8,1
33.31,62.75,0.531,-29.44,1,8,1
109.71,303.9,0.361,-194.19,17,8,1
34.62,40.37,0.858,-5.74,53,8,1
42.95,107.99,0.398,-65.04,8,7,1
79.21,25.79,3.071,53.42,4,6,0
138.08,42.78,3.227,95.29,2,7,0
39.64,93.2,0.425,-53.56,4,5,1
30.19,71.13,0.424,-40.94,5,8,1
116.26,282.53,0.411,-166.27,7,2,1
80.09,225.13,0.356,-145.04,14,5,1
137.65,85.12,1.617,52.53,4,7,0
30.53,28.28,1.079,2.25,1,9,1
100.43,275.18,0.365,-174.75,6,10,1
42.6,33.17,1.284,9.43,27,1,0
31.95,68.43,0.467,-36.48,9,9,1
105.68,183.06,0.577,-77.38,46,3,1
93.12,48.85,1.906,44.27,9,1,0
115.68,123.8,0.934,-8.12,4,7,1
53.32,90.92,0.587,-37.59,3,3,1
72.72,189.16,0.384,-116.44,16,8,1
66.77,147.58,0.452,-80.81,10,2,1
147.77,292.45,0.505,-144.68,12,4,1
50.91,83.46,0.61,-32.55,19,2,1
51.27,56.73,0.904,-5.46,18,4,0
59.64,37.09,1.608,22.55,1,1,0
89.04,125.06,0.712,-36.02,22,10,1
45.33,17.09,2.653,28.24,10,5,0
138.14,120.16,1.15,17.98,6,3,0
47.2,69.27,0.681,-22.07,10,9,1
135.41,193.67,0.699,-58.26,13,4,0
24.49,10.27,2.383,14.21,2,6,0
101.92,192.67,0.529,-90.75,7,9,1
136.98,244.39,0.56,-107.41,5,2,1
33.62,17.18,1.957,16.45,6,7,0
145.57,414.36,0.351,-268.79,1,3,1
73.4,41.72,1.76,31.69,2,1,0
142.4,371.39,0.383,-228.99,2,9,1
104.75,31.51,3.324,73.24,6,9,0
52.22,140.07,0.373,-87.85,31,4,1
36.36,12.84,2.831,23.52,3,9,0
52.52,123.22,0.426,-70.7,7,7,1
23.02,29.39,0.783,-6.37,5,4,1
30.14,69.12,0.436,-38.98,21,2,1
24.65,34.14,0.722,-9.48,1,5,1
69.21,34.01,2.035,35.2,3,8,0
121.38,287.95,0.422,-166.57,3,10,1
29.79,14.67,2.031,15.12,69,10,0
28.24,78.8,0.358,-50.55,11,6,1
100.08,43.8,2.285,56.28,2,5,0
37.61,59.95,0.627,-22.34,4,4,1
23.67,53.3,0.444,-29.63,2,6,1
33.36,45.43,0.734,-12.07,1,3,1
139.32,123.51,1.128,15.81,22,2,0
125.01,293.71,0.426,-168.7,9,1,1
59.57,144.01,0.414,-84.44,13,9,1
101.81,284.19,0.358,-182.38,5,1,1
85.22,112.12,0.76,-26.9,11,4,1
104.8,174.68,0.6,-69.89,4,6,1
105.57,135.18,0.781,-29.61,5,9,1
98.02,97.45,1.006,0.58,14,4,0
47.25,110.0,0.43,-62.74,2,7,1
15.46,18.82,0.822,-3.36,13,7,1
73.78,107.42,0.687,-33.64,26,6,1
134.74,187.27,0.719,-52.54,1,9,1
89.73,199.58,0.45,-109.85,31,10,1
126.53,351.52,0.36,-224.98,1,7,1
148.83,312.57,0.476,-163.75,6,3,1
32.91,51.77,0.636,-18.86,13,6,1
106.85,256.85,0.416,-150.0,11,7,1
104.4,212.0,0.492,-107.6,1,7,0
147.19,68.25,2.157,78.95,22,6,0
147.98,82.62,1.791,65.37,50,3,0
106.14,42.71,2.485,63.43,2,6,0
44.11,67.63,0.652,-23.53,31,2,1
121.8,308.12,0.395,-186.33,11,10,1
24.98,28.61,0.873,-3.63,38,1,0
119.3,159.53,0.748,-40.23,2,8,1
137.43,378.69,0.363,-241.27,21,3,1
63.6,162.78,0.391,-99.19,1,8,1
98.29,205.98,0.477,-107.69,30,3,1
70.22,71.65,0.98,-1.43,15,2,0
71.29,43.91,1.623,27.37,6,8,0
53.45,18.35,2.912,35.1,2,3,0
116.7,68.73,1.698,47.97,23,8,0
141.06,153.76,0.917,-12.7,12,2,1
141.71,253.63,0.559,-111.92,6,4,1
34.47,16.3,2.115,18.17,8,9,0
132.46,88.46,1.497,44.0,24,1,0
113.24,89.34,1.268,23.9,5,2,0
45.4,91.08,0.498,-45.69,1,2,1
19.42,38.11,0.51,-18.69,33,9,1
47.52,84.92,0.56,-37.4,6,10,1
137.71,134.45,1.024,3.26,5,5,0
98.65,128.44,0.768,-29.79,3,4,1
110.95,62.25,1.782,48.7,31,10,0
46.0,41.93,1.097,4.07,3,10,1
110.71,301.56,0.367,-190.85,14,4,1
13.94,41.05,0.34,-27.11,29,7,1
62.54,128.13,0.488,-65.59,1,3,1
97.75,271.29,0.36,-173.54,24,9,1
30.45,61.99,0.491,-31.53,7,5,1
125.22,48.79,2.567,76.43,15,9,0
42.9,128.34,0.334,-85.43,6,1,1
101.32,57.47,1.763,43.85,16,10,0
66.73,143.01,0.467,-76.28,4,8,1
93.45,91.83,1.018,1.62,1,2,0
25.04,34.02,0.736,-8.97,41,8,1
12.37,25.28,0.489,-12.91,1,4,1
137.34,203.06,0.676,-65.72,24,2,1
47.75,46.62,1.024,1.12,2,2,0
124.75,150.08,0.831,-25.33,6,6,1
149.91,183.22,0.818,-33.31,24,3,1
39.6,114.45,0.346,-74.85,3,10,1
47.12,115.75,0.407,-68.62,28,3,1
102.8,158.12,0.65,-55.31,9,9,1
145.16,121.87,1.191,23.3,6,5,0
138.21,344.12,0.402,-205.9,15,7,1
80.4,58.24,1.38,22.16,5,5,0
121.32,105.33,1.152,15.98,5,2,0
29.0,37.36,0.776,-8.36,18,8,1
146.84,393.09,0.374,-246.24,5,9,1
145.01,95.1,1.525,49.91,3,2,0
32.92,20.74,1.587,12.18,23,2,0
51.92,84.82,0.612,-32.9,22,4,1
24.02,25.13,0.956,-1.11,9,8,1
48.04,88.18,0.545,-40.14,10,5,1
124.23,188.76,0.658,-64.53,16,5,1
62.96,92.83,0.678,-29.87,9,7,1
22.38,13.48,1.66,8.9,7,4,0
57.91,39.43,1.469,18.48,73,9,0
147.39,370.98,0.397,-223.58,2,4,1
98.16,264.22,0.371,-166.07,12,8,1
68.26,63.73,1.071,4.53,30,3,0
33.32,20.2,1.649,13.11,16,6,0
148.06,65.77,2.251,82.29,29,1,0
124.92,242.64,0.515,-117.72,5,7,1
49.41,110.25,0.448,-60.84,4,7,1
19.81,25.88,0.765,-6.07,26,2,1
17.93,38.28,0.468,-20.35,7,5,1
26.85,59.75,0.449,-32.89,17,4,1
91.31,257.98,0.354,-166.68,2,10,1
140.03,66.54,2.105,73.49,19,9,0
79.54,65.16,1.221,14.38,11,2,0
128.01,62.09,2.062,65.92,4,3,0
72.42,191.46,0.378,-119.04,9,1,1
109.2,266.45,0.41,-157.25,16,10,1
112.46,208.23,0.54,-95.77,1,5,1
34.35,18.07,1.902,16.29,14,3,0
60.57,62.87,0.963,-2.3,10,4,0
99.22,109.53,0.906,-10.3,3,4,0
19.9,36.09,0.551,-16.2,19,6,1
60.62,60.42,1.003,0.2,5,10,1
84.87,42.18,2.012,42.69,4,7,0
149.47,339.76,0.44,-190.29,8,7,1
76.43,84.65,0.903,-8.22,15,8,1
124.25,189.03,0.657,-64.78,37,3,1
70.49,45.44,1.551,25.04,2,5,0
121.49,299.71,0.405,-178.22,7,10,1
93.36,170.56,0.547,-77.2,1,6,1
134.12,366.73,0.366,-232.61,19,6,1
67.53,110.6,0.611,-43.07,8,8,1
94.6,268.85,0.352,-174.24,17,5,1
98.2,265.94,0.369,-167.73,5,5,1
68.43,127.04,0.539,-58.61,26,1,1
30.2,85.22,0.354,-55.02,10,1,1
23.1,27.08,0.853,-3.98,40,6,1
12.33,15.88,0.777,-3.54,1,10,1
132.29,55.93,2.365,76.36,10,10,0
43.11,81.51,0.529,-38.4,20,5,1
39.61,89.09,0.445,-49.48,12,10,1
113.04,270.01,0.419,-156.96,1,6,1
54.8,38.61,1.419,16.19,50,9,0
80.85,121.21,0.667,-40.36,4,8,1
32.75,25.47,1.286,7.29,4,7,0
144.36,301.4,0.479,-157.03,9,7,1
129.22,93.87,1.377,35.35,10,6,0
130.93,358.91,0.365,-227.98,20,6,1
66.95,61.77,1.084,5.17,6,1,0
116.73,126.86,0.92,-10.13,8,7,1
30.14,78.29,0.385,-48.15,10,5,1
11.21,17.23,0.65,-6.03,7,7,1
12.8,4.67,2.741,8.13,34,6,0
92.12,150.66,0.611,-58.53,26,8,1
73.76,38.96,1.893,34.79,8,3,0
82.52,244.3,0.338,-161.78,1,8,1
11.04,20.85,0.53,-9.81,32,7,1
69.18,68.67,1.007,0.51,1,1,0
110.53,201.39,0.549,-90.86,3,3,1
71.98,36.53,1.97,35.45,2,10,0
112.51,276.74,0.407,-164.23,2,4,1
42.62,119.27,0.357,-76.65,22,9,1
123.84,329.54,0.376,-205.7,12,6,1
92.38,112.96,0.818,-20.58,43,7,1
39.51,46.6,0.848,-7.09,3,5,1
43.14,17.03,2.533,26.11,9,3,0
97.92,201.6,0.486,-103.68,53,5,1
126.19,220.11,0.573,-93.92,24,7,1
68.19,105.03,0.649,-36.84,18,9,1
46.16,126.97,0.364,-80.81,2,9,1
131.38,98.97,1.328,32.42,20,8,0
103.7,33.82,3.067,69.88,5,5,0
72.73,36.22,2.008,36.51,10,7,0
78.31,70.72,1.107,7.59,13,4,0
38.6,15.05,2.565,23.55,13,10,0
97.75,162.04,0.603,-64.29,18,5,1
60.22,69.14,0.871,-8.92,15,4,1
149.39,117.62,1.27,31.77,1,3,0
77.23,179.57,0.43,-102.34,8,1,1
78.02,66.48,1.174,11.55,15,5,1
89.22,192.4,0.464,-103.19,4,2,1
138.35,171.97,0.804,-33.62,5,6,1
122.11,205.39,0.595,-83.27,1,5,1
73.16,206.41,0.354,-133.25,7,2,1
110.62,44.34,2.495,66.28,60,8,0
92.07,151.99,0.606,-59.91,4,5,1
78.93,205.77,0.384,-126.84,10,2,1
36.92,69.7,0.53,-32.77,19,1,1
74.95,78.52,0.955,-3.56,1,2,1
44.41,61.01,0.728,-16.6,32,1,1
138.08,295.03,0.468,-156.96,6,10,1
56.96,154.08,0.37,-97.12,28,10,1
143.32,58.89,2.434,84.43,1,3,0
84.63,41.73,2.028,42.89,2,3,0
98.42,115.9,0.849,-17.48,5,10,1
86.01,79.86,1.077,6.15,5,1,0
28.11,28.54,0.985,-0.43,26,7,1
62.61,56.19,1.114,6.42,1,10,1
23.88,19.79,1.207,4.09,14,7,0
97.21,63.45,1.532,33.76,1,9,0
72.56,204.75,0.354,-132.19,24,5,1
118.92,81.97,1.451,36.95,21,4,0
40.87,34.81,1.174,6.05,9,5,0
33.04,31.88,1.036,1.16,3,8,1
66.89,188.56,0.355,-121.68,14,8,1
139.72,327.01,0.427,-187.29,2,4,1
109.46,266.23,0.411,-156.77,2,8,1
68.65,40.01,1.716,28.64,13,4,0
82.42,210.83,0.391,-128.41,66,4,1
21.79,30.55,0.713,-8.76,31,8,1
147.84,149.26,0.99,-1.42,12,2,0
103.3,191.57,0.539,-88.27,10,4,1
49.96,125.89,0.397,-75.93,89,1,0
92.01,221.05,0.416,-129.04,11,1,1
25.33,68.46,0.37,-43.13,7,8,1
145.22,407.47,0.356,-262.26,33,4,1
34.47,32.5,1.061,1.97,3,6,1
100.72,145.49,0.692,-44.76,1,5,1
44.36,15.06,2.946,29.3,14,10,0
110.46,295.38,0.374,-184.93,1,6,1
118.75,85.19,1.394,33.57,6,4,0
104.28,273.83,0.381,-169.56,7,4,1
96.03,114.21,0.841,-18.18,11,7,1
134.95,174.61,0.773,-39.67,67,1,0
21.01,8.52,2.465,12.49,3,9,0
56.33,66.61,0.846,-10.28,6,10,1
44.76,120.79,0.371,-76.03,1,3,1
148.32,54.73,2.71,93.59,13,4,0
64.51,90.13,0.716,-25.62,18,9,1
112.57,43.31,2.599,69.25,9,5,0
105.86,137.78,0.768,-31.92,3,4,1
39.69,30.41,1.305,9.28,13,6,0
43.46,42.63,1.019,0.83,10,1,0
49.38,131.82,0.375,-82.44,2,10,1
67.56,99.81,0.677,-32.25,7,1,1
42.81,44.49,0.962,-1.68,7,5,1
12.75,24.12,0.529,-11.36,56,5,0
133.12,91.01,1.463,42.11,26,9,0
145.19,145.24,1.0,-0.05,18,1,0
57.82,102.62,0.563,-44.8,30,3,1
57.39,54.02,1.062,3.37,18,3,0
10.99,23.45,0.469,-12.46,32,4,1
105.24,171.22,0.615,-65.99,1,7,1
125.56,299.39,0.419,-173.82,8,7,1
30.53,87.31,0.35,-56.78,19,10,1
32.35,19.82,1.632,12.53,12,5,0
120.61,145.17,0.831,-24.56,2,9,1
96.28,111.95,0.86,-15.67,5,7,1
16.28,11.53,1.412,4.75,5,2,0
97.16,241.71,0.402,-144.55,4,3,1
53.25,125.22,0.425,-71.97,5,7,1
61.62,99.08,0.622,-37.46,10,5,1
117.76,206.32,0.571,-88.56,27,7,1
123.53,56.92,2.17,66.61,18,9,0
66.05,118.88,0.556,-52.83,25,9,1
142.6,347.47,0.41,-204.86,30,3,1
66.9,123.73,0.541,-56.82,7,8,1
118.06,119.98,0.984,-1.93,5,6,0
77.74,163.44,0.476,-85.7,1,4,1
135.65,173.1,0.784,-37.44,37,4,1
137.09,242.8,0.565,-105.72,1,4,1
22.24,35.95,0.619,-13.71,18,7,1
141.11,187.56,0.752,-46.45,6,6,1
125.57,281.41,0.446,-155.83,41,2,1
120.78,324.48,0.372,-203.7,7,5,1
38.13,11.97,3.184,26.15,23,5,0
122.72,346.15,0.355,-223.44,4,6,1
129.02,216.89,0.595,-87.87,4,7,1
50.48,110.65,0.456,-60.17,12,8,1
143.32,374.08,0.383,-230.77,86,10,1
16.98,26.51,0.641,-9.53,10,8,1
30.99,79.15,0.391,-48.17,38,5,1
85.26,66.47,1.283,18.79,21,2,0
90.61,66.12,1.37,24.49,22,10,0
100.32,208.18,0.482,-107.86,8,8,1
12.38,32.79,0.377,-20.41,6,6,1
144.45,391.4,0.369,-246.95,2,3,1
16.24,33.1,0.491,-16.86,46,4,1
30.03,51.61,0.582,-21.59,44,1,1
11.96,14.29,0.837,-2.33,19,3,0
89.36,263.26,0.339,-173.9,4,4,1
140.52,163.45,0.86,-22.93,3,2,0
103.23,238.4,0.433,-135.16,62,6,1
125.17,217.34,0.576,-92.17,1,8,1
11.86,23.04,0.515,-11.18,25,6,1
85.88,117.01,0.734,-31.12,6,10,1
74.34,215.96,0.344,-141.62,7,3,1
79.86,147.22,0.542,-67.36,24,9,1
20.11,56.95,0.353,-36.84,1,4,1
105.82,33.92,3.12,71.91,6,6,0
80.45,148.53,0.542,-68.08,42,4,1
117.12,261.93,0.447,-144.81,16,4,1
77.94,180.18,0.433,-102.24,19,2,1
30.91,84.81,0.365,-53.9,19,10,1
100.76,31.42,3.206,69.33,1,2,0
34.13,10.27,3.323,23.86,3,2,0
132.14,208.13,0.635,-75.99,9,2,1
95.84,36.33,2.638,59.51,6,8,0
32.01,93.82,0.341,-61.82,7,10,1
144.73,130.19,1.112,14.53,21,4,0
82.57,130.15,0.634,-47.58,1,4,1
20.21,9.4,2.15,10.81,15,10,0
97.76,167.12,0.585,-69.36,1,10,1
45.45,60.26,0.754,-14.81,1,3,1
122.52,51.53,2.378,70.99,7,5,0
124.5,150.0,0.83,-25.5,25,4,1
147.05,199.53,0.737,-52.48,2,7,1
80.26,238.6,0.336,-158.34,11,10,1
73.69,63.47,1.161,10.22,15,7,0
115.49,204.52,0.565,-89.03,3,6,1
28.55,84.66,0.337,-56.11,10,7,1
86.57,211.09,0.41,-124.52,33,7,1
86.47,257.88,0.335,-171.4,10,8,1
22.53,65.65,0.343,-43.12,2,1,1
68.52,111.12,0.617,-42.6,13,3,1
129.46,282.25,0.459,-152.79,12,3,1
129.86,77.68,1.672,52.18,1,5,0
23.89,35.63,0.671,-11.73,1,10,1
22.7,56.4,0.403,-33.7,2,7,1
46.78,77.86,0.601,-31.08,2,10,1
132.47,291.07,0.455,-158.6,4,6,1
28.05,64.89,0.432,-36.84,8,4,1
110.8,109.07,1.016,1.73,6,6,0
24.16,64.38,0.375,-40.22,30,7,0
97.24,149.9,0.649,-52.66,13,4,1
59.85,51.92,1.153,7.93,29,8,1
120.45,317.58,0.379,-197.13,10,5,1
42.72,61.0,0.7,-18.29,1,3,1
99.49,231.39,0.43,-131.91,8,2,1
43.0,76.52,0.562,-33.52,24,1,0
109.91,146.3,0.751,-36.39,3,4,1
132.31,329.02,0.402,-196.71,1,2,1
27.75,52.12,0.532,-24.37,5,3,1
131.32,177.88,0.738,-46.56,6,1,1
93.1,55.48,1.678,37.62,5,6,0
27.8,75.54,0.368,-47.74,2,4,1
69.86,27.65,2.527,42.21,4,5,0
32.52,85.55,0.38,-53.03,16,8,1
108.05,137.43,0.786,-29.38,6,4,1
116.24,235.53,0.494,-119.29,14,6,1
24.81,69.22,0.358,-44.41,10,3,1
80.86,57.38,1.409,23.48,11,8,0
124.05,227.1,0.546,-103.05,4,3,1
141.06,333.47,0.423,-192.41,10,7,1
81.89,192.08,0.426,-110.18,1,7,1
143.04,245.91,0.582,-102.87,7,3,1
85.0,168.87,0.503,-83.87,11,3,1
65.19,152.88,0.426,-87.7,2,10,1
128.75,330.98,0.389,-202.23,4,10,1
79.02,186.24,0.424,-107.22,3,8,1
76.07,95.53,0.796,-19.46,1,3,1
78.64,235.24,0.334,-156.59,5,2,1
128.55,189.37,0.679,-60.82,54,5,1
126.47,46.3,2.732,80.18,6,7,0
66.49,85.05,0.782,-18.56,8,8,1
56.66,36.55,1.55,20.11,14,1,0
78.87,49.52,1.593,29.35,14,2,0
90.19,95.61,0.943,-5.42,41,7,1
43.37,19.26,2.252,24.11,27,9,0
121.15,261.57,0.463,-140.42,22,3,1
78.11,39.04,2.001,39.07,42,8,0
56.77,48.19,1.178,8.58,3,10,1
24.95,13.75,1.815,11.21,13,3,0
43.44,20.44,2.125,23.0,30,4,0
142.9,146.18,0.978,-3.28,13,2,0
52.71,97.21,0.542,-44.5,53,9,1
33.64,97.71,0.344,-64.07,1,5,1
74.49,198.45,0.375,-123.96,8,5,1
52.99,141.23,0.375,-88.23,53,4,1
14.92,11.57,1.29,3.35,6,5,0
55.24,56.08,0.985,-0.84,18,1,0
86.18,43.63,1.975,42.55,1,10,0
87.24,209.54,0.416,-122.3,16,10,1
59.92,29.27,2.047,30.65,38,6,0
72.62,130.94,0.555,-58.32,6,4,1
145.17,140.71,1.032,4.46,1,4,0
62.83,60.15,1.045,2.68,1,5,1
46.15,137.3,0.336,-91.15,31,1,1
44.09,103.31,0.427,-59.22,17,4,1
74.09,189.64,0.391,-115.56,1,10,1
116.33,214.56,0.542,-98.23,1,3,1
38.84,102.99,0.377,-64.15,22,5,1
109.3,223.28,0.49,-113.98,23,10,1
12.96,37.0,0.35,-24.04,1,5,1
68.65,72.74,0.944,-4.09,5,8,1
118.62,226.25,0.524,-107.63,21,1,0
57.42,124.23,0.462,-66.8,10,3,1
88.92,121.02,0.735,-32.1,43,5,0
38.7,103.52,0.374,-64.83,9,3,1
113.88,335.43,0.34,-221.55,15,6,1
17.32,28.29,0.612,-10.97,9,10,1
129.36,175.24,0.738,-45.89,40,3,1
37.75,59.42,0.635,-21.68,7,6,1
132.42,344.6,0.384,-212.18,3,8,1
59.35,121.25,0.49,-61.89,5,4,1
111.18,46.79,2.376,64.38,26,8,0
54.69,96.47,0.567,-41.78,9,7,1
136.83,47.44,2.884,89.39,6,4,0
27.73,66.61,0.416,-38.88,11,3,1
34.99,41.52,0.843,-6.52,2,5,1
79.02,124.42,0.635,-45.39,1,5,1
21.47,52.74,0.407,-31.27,4,7,1
37.44,15.93,2.351,21.51,13,1,0
142.13,103.48,1.374,38.65,17,9,0
146.71,201.65,0.728,-54.94,24,2,1
62.68,57.71,1.086,4.96,36,9,1
139.26,168.83,0.825,-29.57,7,9,1
86.28,258.4,0.334,-172.13,18,3,1
47.76,120.78,0.395,-73.01,1,7,1
108.34,291.05,0.372,-182.71,1,3,1
102.25,289.36,0.353,-187.12,1,8,1
148.48,181.22,0.819,-32.74,8,8,1
47.11,51.92,0.907,-4.81,3,3,1
104.09,97.01,1.073,7.08,4,5,0
17.28,43.92,0.393,-26.64,14,7,1
25.91,55.31,0.468,-29.4,6,1,1
10.55,9.89,1.066,0.66,11,3,0
149.92,197.58,0.759,-47.66,7,1,0
122.32,204.04,0.599,-81.72,2,2,1
120.14,207.36,0.579,-87.22,1,7,1
81.36,219.64,0.37,-138.28,3,7,1
52.01,69.04,0.753,-17.03,1,3,1
31.18,85.83,0.363,-54.65,13,6,1
49.85,74.37,0.67,-24.51,22,6,1
62.64,145.02,0.432,-82.38,5,2,1
115.88,325.83,0.356,-209.94,6,9,1
85.55,235.31,0.364,-149.76,23,8,1
20.85,9.46,2.204,11.39,3,2,0
12.52,10.71,1.169,1.81,1,4,0
24.33,38.62,0.63,-14.3,9,9,1
67.47,98.86,0.683,-31.39,14,4,1
140.65,285.57,0.493,-144.92,12,7,1
99.24,282.89,0.351,-183.66,17,5,1
122.26,73.78,1.657,48.48,1,10,0
75.29,114.45,0.658,-39.15,7,6,1
60.63,49.69,1.22,10.94,3,1,0
25.18,68.33,0.368,-43.15,19,4,1
132.63,385.21,0.344,-252.58,28,5,1
119.64,190.53,0.628,-70.89,4,6,1
33.54,19.48,1.722,14.06,1,6,0
81.72,197.78,0.413,-116.06,4,5,1
78.23,170.73,0.458,-92.49,1,3,1
97.51,122.63,0.795,-25.12,5,2,0
142.47,384.09,0.371,-241.62,10,7,1
91.17,267.55,0.341,-176.39,50,1,1
85.63,154.67,0.554,-69.04,7,5,1
17.05,31.15,0.547,-14.1,3,4,1
18.81,20.75,0.906,-1.94,2,7,1
36.23,68.04,0.532,-31.81,2,2,1
14.55,21.63,0.672,-7.08,2,8,1
114.07,127.29,0.896,-13.22,20,9,1
111.27,53.56,2.077,57.7,1,10,0
29.05,28.53,1.018,0.51,83,1,0
127.05,105.99,1.199,21.06,10,5,0
31.67,55.85,0.567,-24.18,11,4,1
52.16,100.39,0.52,-48.23,6,5,1
44.86,87.16,0.515,-42.31,16,9,1
62.12,83.75,0.742,-21.62,8,3,1
45.65,65.62,0.696,-19.96,5,1,1
78.45,200.25,0.392,-121.79,4,3,1
67.04,106.31,0.631,-39.27,36,4,1
148.12,439.47,0.337,-291.35,4,2,1
17.83,26.51,0.673,-8.68,8,1,1
29.91,61.42,0.487,-31.52,6,1,1
17.4,7.58,2.294,9.81,1,8,0
97.62,201.48,0.484,-103.87,2,4,1
17.63,45.82,0.385,-28.19,2,2,1
127.1,361.56,0.352,-234.46,16,10,1
81.67,244.42,0.334,-162.75,7,3,1
83.78,88.97,0.942,-5.18,21,8,1
88.62,164.26,0.54,-75.64,17,6,1
33.91,51.45,0.659,-17.53,2,8,1
37.68,68.66,0.549,-30.98,11,10,1
54.63,39.62,1.379,15.02,19,5,0
93.09,243.11,0.383,-150.02,14,3,1
39.42,108.63,0.363,-69.21,12,6,1
26.29,39.8,0.66,-13.51,18,10,1
145.82,154.15,0.946,-8.33,1,8,1
13.08,8.9,1.47,4.18,18,5,0
122.38,262.64,0.466,-140.26,4,5,1
120.32,137.53,0.875,-17.21,11,3,1
51.61,142.22,0.363,-90.61,3,3,1
28.99,61.21,0.474,-32.23,25,8,1
30.39,62.09,0.489,-31.71,9,1,1
107.64,194.87,0.552,-87.23,14,4,1
99.99,42.36,2.361,57.64,22,9,0
119.58,336.77,0.355,-217.19,31,6,1
141.25,281.85,0.501,-140.6,18,6,1
106.87,318.9,0.335,-212.03,2,10,1
31.82,55.71,0.571,-23.89,26,7,1
44.08,97.74,0.451,-53.66,13,7,1
127.91,57.78,2.214,70.12,13,6,0
39.3,78.83,0.499,-39.53,35,9,1
20.15,47.65,0.423,-27.5,4,8,1
108.46,260.52,0.416,-152.06,3,8,1
66.35,157.88,0.42,-91.52,10,2,1
138.81,126.45,1.098,12.36,19,7,1
101.04,296.4,0.341,-195.36,8,1,1
22.66,67.68,0.335,-45.02,14,10,1
142.7,71.94,1.984,70.76,8,8,0
46.2,130.67,0.354,-84.47,13,3,1
57.21,61.87,0.925,-4.66,24,9,1
66.32,143.31,0.463,-77.0,2,5,1
17.17,20.83,0.824,-3.66,16,7,1
79.51,231.61,0.343,-152.1,21,7,1
27.26,15.65,1.742,11.61,8,9,0
66.14,108.72,0.608,-42.59,5,2,1
59.1,86.03,0.687,-26.93,1,4,1
118.2,139.5,0.847,-21.31,22,8,1
122.44,250.15,0.489,-127.7,5,5,1
31.48,20.58,1.529,10.9,6,5,0
61.32,137.04,0.447,-75.73,5,3,1
62.27,183.55,0.339,-121.28,9,5,1
31.2,77.13,0.404,-45.93,16,7,1
121.78,319.32,0.381,-197.54,20,4,1
109.01,138.56,0.787,-29.54,6,8,1
36.65,43.15,0.849,-6.49,15,6,1
61.34,104.04,0.59,-42.7,17,6,1
24.81,10.51,2.361,14.31,4,6,0
97.95,279.4,0.351,-181.45,1,4,1
26.99,18.58,1.453,8.42,31,3,0
148.03,405.33,0.365,-257.3,15,10,1
119.3,62.71,1.902,56.59,14,6,0
64.63,162.95,0.397,-98.31,1,6,1
91.0,64.64,1.408,26.36,23,2,0
137.59,55.44,2.482,82.15,11,10,0
87.57,196.4,0.446,-108.82,26,9,1
34.43,36.38,0.946,-1.95,51,4,0
63.02,140.48,0.449,-77.46,44,4,1
128.04,230.31,0.556,-102.27,27,10,1
100.19,59.49,1.684,40.7,1,8,0
101.1,284.78,0.355,-183.68,30,3,1
131.36,199.82,0.657,-68.47,1,10,1
135.16,308.56,0.438,-173.41,26,7,1
138.77,229.35,0.605,-90.58,4,7,1
23.28,44.97,0.518,-21.69,13,2,1
86.18,96.3,0.895,-10.12,1,3,0
113.67,95.59,1.189,18.08,20,4,0
115.97,204.68,0.567,-88.71,1,2,1
94.94,141.33,0.672,-46.39,7,9,1
33.35,45.13,0.739,-11.78,23,10,1
121.64,257.38,0.473,-135.74,16,6,1
110.82,239.85,0.462,-129.03,1,1,1
22.06,9.35,2.359,12.71,7,1,0
74.93,91.01,0.823,-16.08,1,8,1
34.36,48.5,0.708,-14.15,15,6,1
57.25,32.15,1.781,25.1,48,10,0
12.53,11.74,1.067,0.79,14,7,1
66.05,29.02,2.276,37.02,3,6,0
86.98,260.07,0.334,-173.08,6,2,1
96.74,221.41,0.437,-124.67,52,3,1
102.89,55.16,1.865,47.73,3,8,0
127.08,45.07,2.819,82.01,11,4,0
40.16,90.05,0.446,-49.89,7,8,1
26.87,39.92,0.673,-13.05,20,3,1
129.22,313.26,0.412,-184.05,28,2,1
31.93,89.18,0.358,-57.26,5,7,1
146.47,280.94,0.521,-134.47,15,1,0
127.96,103.03,1.242,24.93,11,3,0
80.12,193.25,0.415,-113.13,4,2,1
147.4,424.61,0.347,-277.21,4,5,1
23.63,44.11,0.536,-20.48,10,2,1
52.43,112.27,0.467,-59.84,2,10,1
99.35,120.33,0.826,-20.98,23,5,1
59.0,78.48,0.752,-19.48,1,3,1
139.97,319.64,0.438,-179.66,1,9,1
19.19,53.82,0.357,-34.63,5,10,1
86.92,173.68,0.5,-86.77,1,9,1
92.72,225.55,0.411,-132.83,9,8,1
101.38,77.4,1.31,23.99,7,5,0
45.79,39.94,1.146,5.85,17,10,1
61.04,105.99,0.576,-44.96,42,7,1
128.12,99.51,1.288,28.61,19,2,0
37.29,75.12,0.496,-37.83,2,3,1
125.76,136.76,0.92,-11.0,38,2,1
88.77,216.35,0.41,-127.58,6,10,1
116.71,289.65,0.403,-172.95,8,1,1
109.91,170.6,0.644,-60.69,7,3,1
39.05,30.78,1.269,8.27,4,4,0
89.63,183.42,0.489,-93.78,31,9,1
131.48,391.88,0.336,-260.4,5,2,1
70.5,139.65,0.505,-69.16,12,9,1
145.32,57.63,2.521,87.69,3,1,0
73.31,25.42,2.884,47.89,22,9,0
29.99,34.94,0.858,-4.95,20,6,1
64.52,53.46,1.207,11.06,4,8,1
143.24,357.41,0.401,-214.18,16,3,1
54.76,141.34,0.387,-86.58,17,8,1
131.53,131.31,1.002,0.23,11,9,1
133.38,157.28,0.848,-23.91,12,7,1
59.03,55.36,1.066,3.67,11,4,0
21.66,59.61,0.363,-37.96,1,6,1
111.44,184.67,0.603,-73.23,15,6,1
53.61,111.06,0.483,-57.45,8,2,1
119.61,170.06,0.703,-50.45,8,2,1
71.97,144.21,0.499,-72.24,27,5,1
77.94,104.58,0.745,-26.64,1,1,0
118.91,144.73,0.822,-25.82,4,5,1
63.53,127.89,0.497,-64.36,1,10,1
72.04,136.57,0.527,-64.54,1,3,1
62.67,68.46,0.915,-5.8,4,3,1
61.43,43.2,1.422,18.23,62,8,0
83.63,108.32,0.772,-24.68,4,3,1
123.23,175.12,0.704,-51.88,15,3,1
60.65,121.14,0.501,-60.49,1,1,1
83.4,230.94,0.361,-147.55,12,8,1
103.9,41.32,2.514,62.58,58,10,0
47.72,45.71,1.044,2.01,4,10,1
48.85,40.21,1.215,8.65,26,6,1
140.68,232.99,0.604,-92.31,84,8,1
111.29,162.51,0.685,-51.22,12,3,1
90.81,205.98,0.441,-115.18,5,6,1
100.68,96.1,1.048,4.58,15,2,0
14.1,26.87,0.525,-12.76,26,3,1
96.53,259.33,0.372,-162.8,2,4,1
81.33,224.38,0.362,-143.05,8,9,1
86.4,249.6,0.346,-163.19,5,4,1
60.32,144.03,0.419,-83.71,4,7,1
21.41,58.79,0.364,-37.38,27,8,1
37.07,34.59,1.072,2.47,7,5,1
143.1,119.27,1.2,23.83,5,2,0
67.22,21.34,3.149,45.88,12,8,0
75.34,166.38,0.453,-91.04,3,5,1
17.38,49.2,0.353,-31.82,3,5,1
15.26,12.28,1.243,2.98,10,7,1
110.41,222.99,0.495,-112.59,7,6,1
85.33,197.58,0.432,-112.25,4,3,1
81.22,227.78,0.357,-146.56,1,7,1
44.04,90.12,0.489,-46.09,10,1,1
114.27,333.63,0.342,-219.37,23,4,1
33.55,41.29,0.813,-7.74,26,4,1
36.59,45.55,0.803,-8.96,3,6,1
74.5,131.58,0.566,-57.08,12,6,1
50.08,66.88,0.749,-16.8,27,10,1
44.64,13.57,3.291,31.08,7,8,0
100.33,228.34,0.439,-128.0,37,1,0
101.14,235.61,0.429,-134.47,32,7,1
125.43,290.61,0.432,-165.17,3,4,1
68.48,84.34,0.812,-15.86,4,6,1
20.23,34.6,0.585,-14.37,2,10,1
48.31,61.45,0.786,-13.14,3,9,1
147.2,50.53,2.913,96.67,33,3,0
93.48,170.0,0.55,-76.52,37,8,1
109.36,69.35,1.577,40.01,1,3,0
11.03,5.69,1.938,5.34,12,6,0
82.55,193.15,0.427,-110.6,11,2,1
15.25,4.97,3.071,10.29,6,9,0
89.69,259.15,0.346,-169.46,13,2,1
138.91,234.92,0.591,-96.01,41,5,1
145.58,430.06,0.339,-284.48,2,6,1
85.68,39.12,2.19,46.56,1,4,0
74.15,139.07,0.533,-64.92,1,7,1
142.3,176.91,0.804,-34.61,6,7,1
104.31,268.84,0.388,-164.53,5,7,1
19.09,24.34,0.784,-5.25,7,7,1
75.2,75.45,0.997,-0.25,9,10,1
43.63,114.12,0.382,-70.49,19,10,1
75.77,99.38,0.762,-23.61,6,9,1
73.77,25.48,2.895,48.28,5,2,0
91.5,123.87,0.739,-32.37,24,5,1
59.95,123.92,0.484,-63.98,26,10,1
33.0,32.56,1.013,0.44,3,9,1
80.52,118.07,0.682,-37.55,5,2,1
126.23,57.2,2.207,69.03,24,3,0
102.96,194.38,0.53,-91.41,1,7,1
57.37,134.36,0.427,-76.99,5,9,1
140.97,199.61,0.706,-58.64,8,3,1
137.71,197.56,0.697,-59.85,2,10,1
39.31,21.16,1.857,18.15,2,8,0
15.52,13.12,1.183,2.4,7,8,1
113.78,81.65,1.393,32.13,19,4,0
125.87,201.45,0.625,-75.59,25,6,1
145.5,251.57,0.578,-106.07,54,8,1
134.58,385.18,0.349,-250.6,1,9,1
94.07,46.82,2.009,47.25,3,2,0
84.21,161.65,0.521,-77.44,19,1,1
13.9,23.93,0.581,-10.03,10,5,1
44.53,75.43,0.59,-30.9,5,10,1
74.35,197.58,0.376,-123.23,3,3,1
97.99,83.78,1.17,14.21,4,6,0
88.02,36.09,2.439,51.92,7,1,0
113.97,241.06,0.473,-127.09,2,4,1
49.17,60.57,0.812,-11.4,46,6,1
89.09,30.96,2.878,58.13,1,2,0
22.34,21.86,1.022,0.48,59,8,1
67.91,77.09,0.881,-9.18,25,4,0
115.02,226.07,0.509,-111.05,7,2,1
107.08,82.02,1.306,25.06,18,1,0
148.69,210.43,0.707,-61.74,15,8,1
48.9,78.38,0.624,-29.47,3,10,1
79.75,122.8,0.649,-43.06,5,1,1
56.13,164.45,0.341,-108.32,10,7,1
71.68,30.31,2.365,41.37,14,7,0
129.97,372.71,0.349,-242.74,10,6,1
105.79,197.96,0.534,-92.17,8,8,1
133.54,326.97,0.408,-193.43,8,10,1
38.49,56.28,0.684,-17.79,9,1,0
132.27,201.76,0.656,-69.49,7,1,1
18.37,49.12,0.374,-30.75,10,1,1
134.4,365.45,0.368,-231.04,30,6,1
56.07,52.96,1.059,3.11,14,7,1
54.04,45.28,1.193,8.76,17,10,1
81.69,133.96,0.61,-52.27,12,9,1
141.7,386.94,0.366,-245.24,14,10,1
16.69,19.53,0.854,-2.84,12,5,1
59.31,122.21,0.485,-62.9,1,1,1
129.92,287.38,0.452,-157.46,90,9,1
65.45,157.23,0.416,-91.79,1,5,1
37.88,69.04,0.549,-31.16,7,6,1
69.47,96.33,0.721,-26.86,1,9,1
63.98,186.23,0.344,-122.26,1,2,1
138.16,269.49,0.513,-131.33,22,3,1
116.67,264.51,0.441,-147.84,7,7,1
80.72,99.4,0.812,-18.68,22,3,1
148.37,312.9,0.474,-164.52,4,2,1
75.14,74.84,1.004,0.3,4,7,1
18.15,17.46,1.04,0.69,4,8,1
46.72,104.17,0.448,-57.45,13,9,1
71.05,121.34,0.586,-50.29,23,2,1
31.97,68.56,0.466,-36.6,8,2,1
142.66,146.58,0.973,-3.92,6,7,0
117.36,224.92,0.522,-107.57,50,4,1
47.56,71.27,0.667,-23.71,1,5,1
92.71,177.25,0.523,-84.53,9,1,0
111.0,120.48,0.921,-9.48,7,6,1
141.78,316.41,0.448,-174.63,1,10,1
133.43,330.37,0.404,-196.94,4,8,1
82.13,82.27,0.998,-0.15,1,1,0
118.45,131.68,0.9,-13.23,29,2,1
88.7,184.95,0.48,-96.25,13,7,1
87.38,190.32,0.459,-102.94,23,2,1
26.06,57.37,0.454,-31.3,10,9,1
27.66,59.28,0.467,-31.62,12,6,1
84.13,114.47,0.735,-30.34,16,5,1
47.64,65.08,0.732,-17.44,33,7,1
12.95,12.79,1.012,0.16,1,10,1
111.2,80.45,1.382,30.75,5,8,0
14.55,31.57,0.461,-17.02,17,9,1
93.34,51.49,1.813,41.85,44,6,0
85.49,242.1,0.353,-156.62,55,5,1
145.63,368.75,0.395,-223.12,14,7,1
77.79,203.44,0.382,-125.65,3,2,1
18.9,51.95,0.364,-33.04,1,8,1
87.24,122.41,0.713,-35.18,40,4,1
127.75,330.38,0.387,-202.63,7,1,1
149.56,108.69,1.376,40.86,3,3,0
70.25,25.18,2.79,45.07,38,9,0
54.84,132.67,0.413,-77.83,1,4,1
136.93,68.73,1.992,68.2,18,10,0
36.77,109.18,0.337,-72.41,13,10,1
96.16,204.05,0.471,-107.89,1,3,1
66.8,155.93,0.428,-89.13,5,4,1
15.75,15.18,1.038,0.57,2,3,0
58.62,124.24,0.472,-65.62,12,3,1
47.13,19.64,2.4,27.49,9,2,0
106.05,271.72,0.39,-165.67,1,6,1
142.83,108.26,1.319,34.57,52,10,0
47.53,103.74,0.458,-56.22,6,6,1
123.61,112.0,1.104,11.61,4,10,1
17.75,8.61,2.063,9.14,3,4,0
85.34,136.54,0.625,-51.2,2,8,1
19.88,15.05,1.321,4.83,90,6,0
140.76,319.47,0.441,-178.7,4,8,1
117.29,110.42,1.062,6.87,7,6,0
102.11,125.06,0.817,-22.94,28,9,1
125.35,229.64,0.546,-104.3,14,3,1
100.65,107.64,0.935,-6.99,6,3,0
145.65,192.34,0.757,-46.69,32,2,1
109.95,275.12,0.4,-165.17,19,10,1
139.45,109.31,1.276,30.14,3,6,0
82.4,43.01,1.916,39.39,14,7,0
26.39,31.31,0.843,-4.92,35,7,1
83.94,121.37,0.692,-37.42,9,5,1
27.76,49.01,0.567,-21.24,18,6,1
92.95,121.35,0.766,-28.4,49,7,1
77.55,188.66,0.411,-111.11,16,2,1
97.16,39.46,2.462,57.7,1,10,0
11.41,16.72,0.682,-5.31,3,7,1
37.28,49.66,0.751,-12.38,12,1,1
78.79,161.39,0.488,-82.6,4,6,1
143.07,416.18,0.344,-273.11,44,8,1
63.71,106.9,0.596,-43.19,7,1,1
69.41,205.78,0.337,-136.36,8,1,1
110.06,122.83,0.896,-12.77,16,6,0
94.53,36.24,2.609,58.29,10,5,0
51.85,38.75,1.338,13.1,6,3,0
67.51,92.28,0.732,-24.77,1,10,1
40.48,46.72,0.866,-6.24,12,10,1
145.24,81.63,1.779,63.61,28,7,0
28.29,41.53,0.681,-13.24,16,7,1
62.06,75.27,0.824,-13.21,6,7,1
13.62,8.59,1.585,5.02,1,6,0
41.05,45.13,0.909,-4.09,23,4,0
119.27,321.23,0.371,-201.96,39,9,1
38.16,42.57,0.896,-4.41,6,9,1
21.21,47.25,0.449,-26.04,18,7,1
76.42,149.22,0.512,-72.8,7,7,1
11.4,16.56,0.688,-5.17,9,8,1
21.87,20.67,1.058,1.19,25,5,0
123.07,159.54,0.771,-36.47,1,9,1
118.01,224.06,0.527,-106.05,10,6,1
138.12,172.24,0.802,-34.12,3,7,1
129.63,114.1,1.136,15.53,5,7,1
105.64,64.91,1.627,40.73,14,9,0
17.33,46.36,0.374,-29.03,1,7,1
119.6,178.06,0.672,-58.47,12,3,1
128.37,255.21,0.503,-126.84,4,6,1
121.87,197.93,0.616,-76.06,15,6,1
81.19,215.63,0.377,-134.44,2,7,1
42.61,75.7,0.563,-33.09,18,6,1
128.35,205.11,0.626,-76.77,14,4,1
111.8,312.65,0.358,-200.85,49,6,1
147.31,330.43,0.446,-183.13,33,3,1
31.8,19.12,1.663,12.68,4,1,0
41.59,32.43,1.282,9.16,1,1,0
39.65,96.16,0.412,-56.51,14,5,1
120.96,309.26,0.391,-188.3,12,8,1
36.17,64.09,0.564,-27.92,1,3,1
19.33,34.74,0.556,-15.41,1,2,1
149.8,300.53,0.498,-150.73,12,8,1
13.47,20.02,0.673,-6.54,33,9,1
126.93,271.2,0.468,-144.27,33,9,1
61.15,36.26,1.687,24.89,2,2,0
127.83,370.11,0.345,-242.29,6,8,1
87.65,203.82,0.43,-116.17,1,2,1
136.23,273.02,0.499,-136.8,8,7,1
139.67,161.19,0.866,-21.52,19,8,1
11.27,8.28,1.361,2.99,21,1,0
20.56,28.89,0.712,-8.33,9,8,1
45.05,93.99,0.479,-48.94,1,3,1
103.7,208.55,0.497,-104.85,6,1,1
134.36,179.12,0.75,-44.76,37,7,1
74.39,145.5,0.511,-71.11,3,10,1
94.98,237.17,0.4,-142.19,5,3,1
36.39,13.5,2.696,22.89,19,8,0
122.7,186.09,0.659,-63.39,18,9,1
145.43,341.47,0.426,-196.05,34,2,1
47.6,84.48,0.564,-36.87,6,1,1
79.28,163.23,0.486,-83.95,10,8,1
22.06,37.39,0.59,-15.33,8,10,1
88.28,262.9,0.336,-174.62,36,6,1
80.39,35.97,2.235,44.42,20,10,0
30.22,49.13,0.615,-18.91,24,1,1
71.89,39.31,1.829,32.58,1,3,0
56.77,41.53,1.367,15.25,21,9,0
83.06,110.81,0.75,-27.76,7,9,1
91.99,66.23,1.389,25.76,1,6,0
11.19,32.47,0.345,-21.28,1,3,1
116.54,332.88,0.35,-216.34,15,8,1
109.82,132.61,0.828,-22.79,6,6,1
61.28,124.23,0.493,-62.95,28,1,1
17.41,30.31,0.574,-12.9,18,6,1
115.69,289.47,0.4,-173.78,1,5,1
143.72,286.6,0.501,-142.88,16,8,1
43.62,13.12,3.326,30.51,2,2,0
55.29,130.52,0.424,-75.23,7,7,1
35.73,82.78,0.432,-47.04,13,6,1
90.77,152.16,0.597,-61.38,28,1,1
31.68,86.73,0.365,-55.05,8,8,1
59.87,164.8,0.363,-104.94,23,6,1
107.58,184.46,0.583,-76.87,21,3,1
88.42,171.67,0.515,-83.25,7,5,1
64.1,191.71,0.334,-127.61,9,7,1
68.83,76.19,0.903,-7.35,16,9,1
88.7,104.35,0.85,-15.65,1,4,0
10.82,8.59,1.26,2.23,31,2,0
20.99,57.07,0.368,-36.08,20,3,1
133.38,308.11,0.433,-174.74,4,7,1
20.9,12.23,1.709,8.67,55,8,0
108.95,321.49,0.339,-212.54,2,5,1
138.81,315.59,0.44,-176.78,34,3,1
47.9,124.36,0.385,-76.46,5,1,1
61.87,26.6,2.326,35.26,20,10,0
89.65,149.12,0.601,-59.47,8,1,1
133.44,291.73,0.457,-158.29,18,2,1
141.87,250.53,0.566,-108.66,2,5,1
113.54,238.43,0.476,-124.89,4,3,1
22.13,55.5,0.399,-33.37,1,7,1
103.68,135.9,0.763,-32.21,28,2,0
67.44,174.77,0.386,-107.33,4,2,1
75.9,56.16,1.352,19.74,16,3,0
16.88,17.41,0.97,-0.53,24,1,0
36.75,15.33,2.398,21.42,32,2,0
120.67,154.94,0.779,-34.27,1,5,1
73.55,97.51,0.754,-23.96,31,3,1
52.23,129.24,0.404,-77.0,3,10,1
63.76,131.57,0.485,-67.81,18,6,1
129.62,191.72,0.676,-62.11,18,2,0
114.86,236.69,0.485,-121.83,1,8,1
48.12,21.3,2.26,26.83,3,4,0
26.45,20.81,1.271,5.64,9,3,0
45.28,90.23,0.502,-44.95,7,5,1
138.91,282.21,0.492,-143.31,35,8,1
91.42,218.51,0.418,-127.09,6,9,1
84.69,117.55,0.72,-32.87,38,1,0
93.5,210.45,0.444,-116.95,8,4,1
61.24,131.48,0.466,-70.23,46,6,1
122.99,356.83,0.345,-233.83,18,6,1
83.26,73.34,1.135,9.92,24,9,1
26.34,47.14,0.559,-20.8,1,1,1
28.07,54.03,0.52,-25.96,12,5,1
85.16,255.17,0.334,-170.01,2,10,1
141.12,118.99,1.186,22.13,4,1,0
53.17,91.06,0.584,-37.89,13,6,1
131.74,162.65,0.81,-30.92,18,9,1
116.97,201.18,0.581,-84.21,1,4,1
44.69,41.42,1.079,3.27,10,10,1
15.09,6.47,2.333,8.62,11,10,0
24.26,44.78,0.542,-20.52,1,9,1
111.99,135.15,0.829,-23.16,9,3,0
37.95,30.03,1.264,7.92,17,7,0
61.98,72.8,0.851,-10.82,1,5,1
80.24,34.75,2.309,45.49,19,10,0
111.57,319.77,0.349,-208.2,12,1,1
25.85,48.32,0.535,-22.47,25,7,1
66.89,167.22,0.4,-100.33,3,8,1
77.91,112.38,0.693,-34.47,25,6,1
85.72,234.77,0.365,-149.06,1,1,1
124.57,199.93,0.623,-75.36,7,9,1
34.03,62.95,0.541,-28.92,3,7,1
123.1,200.38,0.614,-77.29,29,6,1
107.0,243.95,0.439,-136.95,17,4,1
87.82,160.71,0.546,-72.89,1,3,1
107.93,111.53,0.968,-3.6,1,4,1
67.68,46.9,1.443,20.78,4,1,0
29.38,56.89,0.516,-27.51,2,9,1
103.21,167.28,0.617,-64.07,13,2,1
83.45,46.66,1.788,36.79,15,2,0
99.51,136.15,0.731,-36.64,39,3,1
57.32,96.86,0.592,-39.54,42,1,1
136.96,346.87,0.395,-209.91,15,10,1
92.23,46.62,1.978,45.61,1,3,0
21.96,27.25,0.806,-5.29,6,4,1
72.97,183.98,0.397,-111.0,10,9,1
115.89,237.66,0.488,-121.77,9,5,0
121.18,131.22,0.923,-10.04,12,6,1
79.24,204.64,0.387,-125.4,45,1,1
135.26,220.74,0.613,-85.47,30,3,1
47.47,78.12,0.608,-30.65,1,7,1
67.48,198.19,0.341,-130.7,4,7,1
135.8,388.02,0.35,-252.22,25,10,1
135.48,171.79,0.789,-36.31,24,1,0
106.0,72.03,1.472,33.97,4,9,1
130.26,153.61,0.848,-23.36,18,1,0
22.43,8.57,2.616,13.85,15,7,0
131.1,46.68,2.808,84.42,8,2,0
54.89,75.08,0.731,-20.19,3,9,1
34.97,99.33,0.352,-64.36,30,9,1
43.51,115.42,0.377,-71.91,15,9,1
68.52,115.17,0.595,-46.65,2,4,1
45.17,82.48,0.548,-37.31,17,6,1
54.88,17.34,3.164,37.54,18,2,0
28.9,25.48,1.134,3.41,30,3,0
51.46,18.88,2.726,32.58,3,6,0
90.12,210.63,0.428,-120.51,62,1,1
71.86,49.82,1.442,22.04,2,7,0
58.54,154.92,0.378,-96.38,12,2,1
114.5,233.24,0.491,-118.74,14,8,1
135.09,124.21,1.088,10.88,7,5,1
115.95,84.16,1.378,31.79,9,7,0
56.48,112.65,0.501,-56.17,31,8,1
114.22,312.08,0.366,-197.86,14,3,1
31.28,70.05,0.447,-38.77,9,6,1
28.24,35.05,0.806,-6.81,1,9,1
58.39,110.12,0.53,-51.73,1,4,1
123.08,140.19,0.878,-17.11,1,10,1
44.49,133.36,0.334,-88.88,43,7,1
18.86,43.78,0.431,-24.92,20,1,1
28.44,55.71,0.511,-27.27,47,7,1
130.22,187.89,0.693,-57.66,1,9,1
98.73,194.4,0.508,-95.67,15,10,1
45.45,55.55,0.818,-10.11,1,8,1
87.74,33.16,2.646,54.58,21,4,0
83.86,114.62,0.732,-30.76,6,3,1
101.76,286.18,0.356,-184.42,1,7,1
42.65,84.91,0.502,-42.26,11,1,1
131.02,69.0,1.899,62.01,4,8,0
53.31,143.38,0.372,-90.07,15,1,1
107.18,109.96,0.975,-2.78,15,7,1
12.26,11.74,1.044,0.51,17,6,1
62.17,68.52,0.907,-6.35,68,10,1
59.24,110.09,0.538,-50.85,6,8,1
86.09,152.43,0.565,-66.34,8,6,1
20.18,32.83,0.615,-12.65,22,5,1
120.62,269.87,0.447,-149.25,12,9,1
40.49,46.75,0.866,-6.26,1,4,1
104.79,252.7,0.415,-147.91,25,7,1
122.45,94.7,1.293,27.75,1,6,0
88.66,213.95,0.414,-125.29,2,10,1
113.72,237.94,0.478,-124.22,1,6,1
102.66,220.17,0.466,-117.51,1,5,1
59.77,95.65,0.625,-35.88,1,2,1
123.24,258.92,0.476,-135.68,1,4,1
51.26,26.42,1.94,24.84,8,1,0
89.97,233.85,0.385,-143.88,4,9,0
114.36,51.46,2.222,62.9,1,9,0
63.05,44.24,1.425,18.82,15,8,0
52.39,97.3,0.538,-44.91,3,4,1
74.31,170.64,0.435,-96.33,1,5,1
124.51,62.99,1.977,61.53,7,1,0
140.19,390.58,0.359,-250.39,5,4,1
86.31,252.78,0.341,-166.47,5,4,1
102.61,198.65,0.517,-96.05,8,5,1
136.46,218.25,0.625,-81.79,15,2,0
23.8,54.77,0.434,-30.98,13,2,1
42.49,50.42,0.843,-7.93,38,2,0
109.25,178.27,0.613,-69.02,10,8,1
125.32,347.6,0.361,-222.28,8,2,1
129.98,374.39,0.347,-244.41,3,6,1
68.12,190.93,0.357,-122.82,19,2,1
22.51,22.7,0.991,-0.19,2,8,1
71.29,66.13,1.078,5.16,9,1,0
42.3,46.69,0.906,-4.39,7,2,0
50.77,75.72,0.67,-24.95,15,5,1
118.12,135.63,0.871,-17.51,34,6,0
20.57,26.96,0.763,-6.39,41,9,1
125.86,248.67,0.506,-122.81,2,6,1
69.87,164.82,0.424,-94.95,4,8,1
93.45,213.62,0.437,-120.18,23,7,1
22.55,56.35,0.4,-33.8,10,1,1
57.23,22.14,2.585,35.09,8,2,0
22.56,9.67,2.332,12.88,17,4,0
144.62,351.61,0.411,-206.99,12,1,1
123.02,213.96,0.575,-90.95,49,8,1
74.35,138.36,0.537,-64.01,12,4,1
41.3,18.26,2.263,23.05,8,7,0
140.68,139.19,1.011,1.5,10,7,1
58.24,117.86,0.494,-59.62,23,8,1
32.54,85.24,0.382,-52.7,13,9,1
88.84,246.62,0.36,-157.77,14,9,1
142.13,234.67,0.606,-92.54,49,7,1
10.54,18.68,0.564,-8.14,13,9,1
43.34,110.48,0.392,-67.14,6,5,1
141.38,247.64,0.571,-106.26,16,10,1
33.95,57.57,0.59,-23.61,15,4,1
25.85,70.94,0.364,-45.08,1,3,1
89.83,218.53,0.411,-128.7,8,6,1
130.66,359.9,0.363,-229.24,19,10,1
76.8,68.29,1.125,8.5,9,9,1
149.24,256.07,0.583,-106.83,21,4,1
105.08,270.56,0.388,-165.47,8,2,1
20.37,12.22,1.666,8.15,57,3,0
149.0,364.38,0.409,-215.39,4,3,1
67.11,53.28,1.259,13.82,1,2,0
50.24,124.68,0.403,-74.45,7,9,1
88.1,172.01,0.512,-83.91,10,4,1
52.6,43.23,1.217,9.38,6,3,0
22.1,34.88,0.634,-12.78,3,10,1
10.2,21.84,0.467,-11.64,15,6,1
72.94,146.72,0.497,-73.77,6,8,1
127.16,184.84,0.688,-57.68,13,8,1
90.12,245.88,0.367,-155.76,21,10,1
149.89,255.11,0.588,-105.22,20,6,1
50.16,83.56,0.6,-33.4,6,5,1
49.26,23.06,2.136,26.2,11,7,0
32.36,90.29,0.358,-57.92,8,3,1
32.97,25.66,1.285,7.31,28,10,1
49.93,86.2,0.579,-36.27,29,2,1
121.0,298.82,0.405,-177.82,5,8,1
136.81,120.63,1.134,16.18,1,9,0
146.51,252.57,0.58,-106.06,2,6,1
42.52,40.39,1.053,2.13,6,4,1
133.38,313.6,0.425,-180.22,11,6,1
55.96,102.05,0.548,-46.09,14,7,1
25.8,67.36,0.383,-41.56,5,8,1
131.8,357.89,0.368,-226.08,15,3,1
99.05,203.22,0.487,-104.16,38,6,1
33.06,74.67,0.443,-41.61,14,10,1
70.18,125.12,0.561,-54.94,2,6,1
50.22,67.19,0.747,-16.97,12,10,1
113.15,231.95,0.488,-118.8,10,7,1
73.48,202.24,0.363,-128.76,28,4,1
148.5,211.62,0.702,-63.12,6,6,1
17.66,20.29,0.87,-2.63,7,2,0
59.7,80.53,0.741,-20.82,12,8,1
77.47,114.31,0.678,-36.84,10,3,1
80.44,40.11,2.006,40.33,17,9,0
54.23,89.25,0.608,-35.02,1,8,1
112.09,183.23,0.612,-71.14,11,6,1
132.46,250.2,0.529,-117.73,1,10,1
141.42,180.96,0.781,-39.54,5,2,1
122.71,239.95,0.511,-117.24,15,8,1
129.08,344.8,0.374,-215.72,2,6,1
87.08,250.76,0.347,-163.68,5,1,1
125.62,235.64,0.533,-110.02,16,6,1
52.49,21.78,2.41,30.71,14,5,0
65.79,191.9,0.343,-126.11,1,6,1
54.37,119.93,0.453,-65.56,12,1,1
75.43,91.06,0.828,-15.62,2,4,0
49.98,34.85,1.434,15.13,4,7,0
144.63,99.39,1.455,45.23,8,5,0
53.8,40.51,1.328,13.29,1,6,0
23.73,10.04,2.364,13.69,70,2,0
83.75,229.14,0.366,-145.38,2,8,1
17.99,31.67,0.568,-13.68,21,10,1
25.48,55.79,0.457,-30.31,24,4,1
40.71,103.25,0.394,-62.53,72,6,1
75.01,182.81,0.41,-107.8,7,3,1
70.66,189.57,0.373,-118.92,29,9,1
121.96,355.09,0.343,-233.13,44,8,1
113.53,168.64,0.673,-55.12,2,6,1
69.68,199.71,0.349,-130.02,9,9,1
56.72,127.78,0.444,-71.06,1,10,1
54.31,26.65,2.037,27.65,13,9,0
118.36,253.39,0.467,-135.03,12,2,1
17.29,37.25,0.464,-19.96,3,9,1
11.8,32.39,0.364,-20.59,22,8,1
121.38,158.63,0.765,-37.25,1,2,0
76.8,144.33,0.532,-67.53,22,9,1
28.32,9.43,3.004,18.89,1,5,0
42.98,51.43,0.836,-8.45,14,9,1
140.55,65.79,2.136,74.76,1,3,0
130.33,222.74,0.585,-92.41,4,4,1
109.37,274.2,0.399,-164.83,17,1,1
77.51,66.46,1.166,11.05,4,5,0
82.85,142.83,0.58,-59.99,10,7,1
146.53,124.67,1.175,21.86,34,7,0
145.21,90.88,1.598,54.33,1,6,0
40.14,67.42,0.595,-27.28,23,6,1
123.55,63.47,1.947,60.08,1,8,0
37.61,70.93,0.53,-33.32,1,10,1
39.9,15.34,2.6,24.55,1,9,0
104.65,61.55,1.7,43.1,71,4,0
66.7,119.06,0.56,-52.36,2,4,1
140.42,266.34,0.527,-125.93,31,8,1
22.46,8.5,2.644,13.97,65,5,0
81.61,150.83,0.541,-69.22,6,10,1
138.59,355.35,0.39,-216.75,13,9,1
136.58,307.33,0.444,-170.75,21,6,1
31.91,20.88,1.529,11.04,6,9,0
61.33,116.51,0.526,-55.18,2,4,1
96.68,204.48,0.473,-107.8,7,1,1
32.32,12.94,2.497,19.37,20,4,0
145.52,379.73,0.383,-234.21,21,9,1
138.06,379.25,0.364,-241.19,3,7,1
33.37,86.64,0.385,-53.27,2,6,1
26.96,68.12,0.396,-41.16,35,2,1
21.96,50.75,0.433,-28.79,1,4,1
137.32,276.05,0.497,-138.73,18,1,1
37.11,79.12,0.469,-42.02,1,3,1
68.28,169.15,0.404,-100.87,25,2,1
72.84,152.14,0.479,-79.3,33,4,1
93.86,111.21,0.844,-17.35,4,4,1
20.04,26.36,0.76,-6.32,1,9,1
41.75,113.64,0.367,-71.89,9,7,1
140.41,48.61,2.888,91.8,4,3,0
137.18,299.98,0.457,-162.8,7,7,1
119.38,343.57,0.347,-224.18,15,8,0
12.72,28.06,0.453,-15.35,3,7,1
55.78,166.43,0.335,-110.64,6,8,1
97.91,211.14,0.464,-113.23,21,9,1
48.53,19.06,2.546,29.47,14,1,0
137.34,347.88,0.395,-210.54,5,10,1
98.74,105.51,0.936,-6.76,15,6,1
20.07,30.19,0.665,-10.12,20,4,1
137.26,156.84,0.875,-19.58,12,1,0
144.09,147.7,0.976,-3.62,3,2,1
20.88,30.58,0.683,-9.7,1,10,1
84.53,111.8,0.756,-27.27,22,4,1
52.47,105.47,0.498,-53.0,24,1,1
65.0,162.2,0.401,-97.2,16,6,1
35.15,38.74,0.907,-3.59,1,1,0
90.93,79.75,1.14,11.18,12,9,1
144.12,302.73,0.476,-158.62,24,10,1
80.43,169.7,0.474,-89.27,6,3,1
21.61,59.06,0.366,-37.45,3,1,1
96.8,33.21,2.915,63.59,12,6,0
57.63,150.03,0.384,-92.39,24,6,1
129.83,221.58,0.586,-91.75,1,7,1
70.85,140.12,0.506,-69.26,12,7,1
37.0,20.23,1.829,16.77,14,10,0
36.75,53.96,0.681,-17.2,12,4,1
117.63,107.48,1.094,10.15,14,5,1
47.18,46.54,1.014,0.64,13,3,1
117.41,195.03,0.602,-77.62,1,6,1
38.82,96.81,0.401,-57.99,3,7,1
55.04,127.03,0.433,-72.0,13,9,1
75.17,142.5,0.528,-67.33,1,9,1
142.05,249.5,0.569,-107.45,14,5,1
140.44,204.16,0.688,-63.72,15,4,1
38.96,114.02,0.342,-75.05,3,7,1
60.15,109.02,0.552,-48.87,12,3,1
30.92,30.47,1.014,0.44,10,4,0
81.4,74.99,1.085,6.41,4,9,1
74.48,145.29,0.513,-70.81,8,5,1
136.11,232.96,0.584,-96.86,33,10,1
140.2,44.97,3.117,95.23,7,7,0
63.7,161.87,0.394,-98.17,13,2,1
78.84,173.54,0.454,-94.7,1,9,1
135.47,282.72,0.479,-147.25,1,5,1
122.94,59.71,2.059,63.23,1,5,0
10.51,13.43,0.783,-2.92,21,4,1
54.81,154.86,0.354,-100.05,6,8,1
69.05,181.53,0.38,-112.48,3,4,1
42.16,45.15,0.934,-2.99,19,2,0
37.94,27.47,1.381,10.47,2,5,0
15.29,23.13,0.661,-7.84,3,3,1
100.07,126.16,0.793,-26.09,7,4,1
46.75,100.14,0.467,-53.39,5,3,1
17.33,50.42,0.344,-33.09,12,7,1
42.34,54.2,0.781,-11.86,5,6,1
122.27,57.22,2.137,65.05,6,2,0
129.21,351.91,0.367,-222.7,27,8,1
77.63,31.24,2.485,46.39,30,5,0
68.25,196.05,0.348,-127.8,24,6,1
146.9,307.66,0.477,-160.76,28,8,1
38.08,108.24,0.352,-70.16,11,7,1
40.15,33.69,1.192,6.46,14,3,0
50.86,20.85,2.44,30.01,11,2,0
34.19,55.32,0.618,-21.13,21,3,0
63.11,95.72,0.659,-32.61,11,8,1
137.52,164.34,0.837,-26.82,1,4,1
96.15,277.45,0.347,-181.3,23,8,1
67.67,170.6,0.397,-102.93,20,4,1
140.82,293.78,0.479,-152.97,24,7,1
16.78,12.42,1.352,4.37,2,6,0
39.44,90.03,0.438,-50.59,4,10,1
89.22,201.91,0.442,-112.68,4,1,1
96.18,139.23,0.691,-43.06,9,8,1
15.54,43.46,0.358,-27.92,2,6,1
66.43,49.87,1.332,16.55,6,2,0
100.88,103.08,0.979,-2.2,2,5,0
107.73,50.71,2.124,57.02,4,2,0
99.34,243.16,0.409,-143.82,17,10,1
54.88,108.59,0.505,-53.71,27,7,1
23.09,26.56,0.869,-3.47,1,10,1
69.8,51.81,1.347,17.99,11,6,0
28.03,11.45,2.449,16.58,1,7,0
142.67,107.03,1.333,35.64,1,6,0
76.52,116.61,0.656,-40.09,17,10,1
54.42,52.64,1.034,1.78,18,1,0
117.28,117.19,1.001,0.09,23,3,0
79.71,212.36,0.375,-132.65,9,10,1
53.4,90.3,0.591,-36.9,27,2,1
123.68,280.62,0.441,-156.94,2,1,1
131.4,52.09,2.523,79.31,4,1,0
104.22,134.02,0.778,-29.8,2,4,1
16.58,26.42,0.627,-9.84,22,1,1
89.29,71.73,1.245,17.56,3,2,0
116.86,72.98,1.601,43.88,2,1,0
29.11,77.14,0.377,-48.03,13,6,1
42.01,119.17,0.353,-77.16,1,4,1
133.55,68.48,1.95,65.07,1,8,0
12.82,15.92,0.805,-3.11,1,5,1
115.38,333.15,0.346,-217.77,1,10,1
76.33,40.04,1.906,36.29,16,5,0
72.55,147.84,0.491,-75.29,11,8,1
10.99,32.16,0.342,-21.16,3,10,1
124.72,366.81,0.34,-242.1,3,6,1
60.38,94.93,0.636,-34.55,23,6,1
85.71,63.37,1.352,22.33,9,3,0
104.82,88.64,1.183,16.18,16,6,1
108.37,292.8,0.37,-184.43,8,10,1
143.84,397.21,0.362,-253.38,3,7,1
84.39,163.82,0.515,-79.43,49,2,1
65.96,156.24,0.422,-90.28,11,3,1
143.52,329.78,0.435,-186.26,1,6,1
99.9,208.47,0.479,-108.58,7,10,1
51.74,131.09,0.395,-79.35,5,9,1
27.7,59.58,0.465,-31.88,3,9,1
127.96,222.88,0.574,-94.92,37,8,1
60.71,57.05,1.064,3.66,29,8,0
102.47,236.54,0.433,-134.08,3,9,1
75.91,119.81,0.634,-43.9,6,9,1
37.85,41.48,0.912,-3.63,20,10,1
94.24,232.32,0.406,-138.08,3,9,1
18.5,40.34,0.458,-21.85,12,5,1
67.87,192.12,0.353,-124.25,16,6,1
86.53,64.61,1.339,21.92,14,5,0
71.05,145.85,0.487,-74.8,17,1,1
114.81,110.16,1.042,4.66,17,4,0
125.91,344.95,0.365,-219.04,46,1,1
117.97,67.09,1.759,50.89,5,1,0
15.43,31.97,0.483,-16.54,29,3,1
37.18,90.56,0.411,-53.39,1,7,1
85.13,107.11,0.795,-21.99,4,1,0
140.88,405.18,0.348,-264.31,1,7,1
126.89,329.54,0.385,-202.65,14,10,1
127.95,140.17,0.913,-12.22,1,10,1
52.45,16.8,3.121,35.65,26,1,0
70.12,77.2,0.908,-7.08,14,9,1
75.9,80.42,0.944,-4.52,1,5,1
32.03,86.58,0.37,-54.55,17,6,1
14.35,41.77,0.343,-27.43,27,9,1
142.57,69.88,2.04,72.68,15,3,0
43.7,68.72,0.636,-25.02,1,3,1
43.59,77.62,0.562,-34.02,27,5,1
21.67,11.94,1.815,9.73,18,7,0
139.99,184.68,0.758,-44.69,6,3,0
91.16,105.4,0.865,-14.23,5,4,0
103.39,180.65,0.572,-77.27,9,2,1
137.62,286.97,0.48,-149.35,28,9,1
58.39,128.42,0.455,-70.03,4,10,1
97.01,64.92,1.494,32.09,1,9,0
15.43,38.5,0.401,-23.07,27,2,1
36.15,77.07,0.469,-40.92,1,5,1
126.37,341.27,0.37,-214.9,33,1,1
117.35,177.57,0.661,-60.22,5,8,0
59.09,160.34,0.369,-101.25,9,6,1
62.75,165.52,0.379,-102.76,1,10,1
84.7,125.67,0.674,-40.97,32,10,1
10.03,13.34,0.752,-3.3,19,2,1
43.77,123.38,0.355,-79.61,36,2,1
39.15,87.35,0.448,-48.19,16,10,1
45.07,126.47,0.356,-81.4,2,5,1
122.83,301.15,0.408,-178.32,5,7,1
49.15,95.61,0.514,-46.46,9,9,1
36.81,22.56,1.632,14.25,13,9,0
80.6,87.61,0.92,-7.01,36,6,1
131.19,382.53,0.343,-251.34,6,2,1
43.79,50.9,0.86,-7.11,16,6,1
21.0,11.58,1.812,9.41,45,1,0
59.9,132.4,0.452,-72.5,2,2,1
114.67,261.66,0.438,-146.99,27,3,1
87.1,93.26,0.934,-6.16,7,5,0
124.35,137.25,0.906,-12.9,18,10,1
144.34,226.04,0.639,-81.7,4,1,1
120.97,43.41,2.787,77.56,5,10,0
94.53,229.82,0.411,-135.29,1,5,1
79.07,91.41,0.865,-12.35,49,5,0
15.61,40.67,0.384,-25.06,23,4,1
147.81,364.65,0.405,-216.85,1,3,1
63.69,132.84,0.479,-69.15,90,7,1
31.31,36.86,0.85,-5.55,13,7,1
103.34,175.06,0.59,-71.72,26,1,1
49.8,74.75,0.666,-24.95,1,7,1
92.01,111.79,0.823,-19.78,6,3,1
92.15,238.66,0.386,-146.51,15,3,1
72.4,116.24,0.623,-43.84,1,6,1
127.06,323.79,0.392,-196.73,9,6,1
47.1,27.51,1.712,19.59,8,4,0
72.81,49.57,1.469,23.24,3,5,0
85.28,250.61,0.34,-165.33,4,3,1
102.91,194.18,0.53,-91.28,47,3,1
119.76,200.76,0.597,-81.0,4,9,1
65.27,111.78,0.584,-46.51,3,5,1
100.45,88.52,1.135,11.93,10,1,0
31.09,69.65,0.446,-38.56,15,9,1
140.57,74.35,1.891,66.22,18,10,0
63.63,117.58,0.541,-53.96,19,6,1
112.13,206.45,0.543,-94.31,1,9,1
12.85,35.57,0.361,-22.72,7,7,1
38.73,66.64,0.581,-27.91,20,10,1
78.19,52.39,1.492,25.8,32,10,0
132.96,245.49,0.542,-112.54,12,7,1
83.82,45.81,1.83,38.0,1,5,0
140.18,119.19,1.176,20.99,7,7,0
77.73,29.85,2.604,47.88,1,10,0
78.66,132.62,0.593,-53.95,19,4,1
26.76,14.14,1.893,12.63,1,6,0
122.37,191.8,0.638,-69.43,2,2,0
44.58,125.66,0.355,-81.08,7,10,1
135.95,304.97,0.446,-169.03,8,3,1
137.52,70.0,1.965,67.52,7,2,0
142.06,128.62,1.105,13.44,8,10,1
82.83,175.51,0.472,-92.68,17,2,0
104.79,284.59,0.368,-179.79,6,7,1
118.99,46.27,2.571,72.72,11,5,0
28.34,70.67,0.401,-42.33,5,6,1
94.13,171.03,0.55,-76.9,6,3,1
14.8,26.26,0.564,-11.46,13,10,1
79.66,229.9,0.346,-150.24,9,5,1
31.68,73.45,0.431,-41.77,17,5,1
35.61,92.42,0.385,-56.81,11,4,1
61.11,76.74,0.796,-15.63,22,10,1
70.54,126.75,0.557,-56.21,8,4,1
97.24,190.75,0.51,-93.51,9,8,0
20.42,23.86,0.856,-3.44,15,6,1
80.52,148.12,0.544,-67.61,3,2,1
35.57,33.4,1.065,2.17,6,2,0
90.36,62.09,1.455,28.27,13,2,0
99.24,129.97,0.764,-30.74,1,6,1
87.94,201.92,0.436,-113.98,8,1,1
113.36,314.43,0.361,-201.07,12,3,1
56.99,87.52,0.651,-30.53,47,1,1
117.11,238.4,0.491,-121.29,29,4,1
70.59,40.81,1.73,29.77,4,1,0
77.79,213.29,0.365,-135.51,9,9,1
100.73,184.87,0.545,-84.14,1,6,1
12.57,30.26,0.415,-17.69,3,8,1
101.56,248.31,0.409,-146.75,20,2,1
96.6,95.88,1.008,0.72,1,6,1
53.38,92.28,0.578,-38.9,4,4,1
22.01,63.68,0.346,-41.67,40,7,1
22.73,12.32,1.845,10.41,24,8,0
139.25,298.59,0.466,-159.34,21,6,1
106.5,308.65,0.345,-202.15,27,1,1
27.79,30.9,0.9,-3.1,19,8,1
59.94,157.4,0.381,-97.46,1,1,1
92.95,262.19,0.354,-169.25,10,9,1
126.98,294.23,0.432,-167.25,8,2,1
16.11,14.9,1.082,1.22,5,10,1
43.13,51.83,0.832,-8.7,25,6,1
134.56,53.38,2.521,81.18,8,8,0
11.28,28.71,0.393,-17.43,1,5,1
38.2,99.08,0.386,-60.88,4,2,1
144.26,289.73,0.498,-145.46,3,5,1
95.88,120.02,0.799,-24.14,30,1,0
46.63,23.66,1.971,22.97,14,8,0
19.38,45.22,0.429,-25.84,11,8,1
13.95,31.54,0.442,-17.6,9,2,1
44.26,122.35,0.362,-78.08,14,6,1
133.41,303.16,0.44,-169.75,19,8,1
68.23,173.13,0.394,-104.9,11,10,1
110.85,256.51,0.432,-145.66,38,8,1
138.56,277.52,0.499,-138.96,52,7,1
67.13,97.52,0.688,-30.4,75,3,0
36.78,100.62,0.366,-63.84,15,4,1
82.4,169.54,0.486,-87.14,37,1,0
137.13,188.63,0.727,-51.5,7,9,1
122.61,64.42,1.903,58.2,27,10,0
19.22,20.85,0.922,-1.63,33,10,1
106.96,189.11,0.566,-82.15,32,2,1
90.07,94.05,0.958,-3.98,24,10,0
137.04,122.98,1.114,14.07,7,7,1
27.15,46.8,0.58,-19.65,2,8,1
84.77,64.3,1.318,20.47,5,4,0
133.12,327.63,0.406,-194.51,20,10,1
67.4,108.37,0.622,-40.97,3,1,1
77.48,143.29,0.541,-65.81,9,5,1
19.86,13.86,1.433,6.0,11,10,0
48.94,57.57,0.85,-8.63,12,10,1
55.43,78.0,0.711,-22.57,38,6,1
142.32,353.26,0.403,-210.94,15,7,1
49.57,117.96,0.42,-68.38,21,1,1
74.52,67.22,1.109,7.3,12,4,0
103.98,204.19,0.509,-100.21,25,5,1
32.71,31.31,1.045,1.4,4,5,0
78.1,231.83,0.337,-153.73,3,7,1
113.4,325.53,0.348,-212.13,36,4,1
131.36,239.18,0.549,-107.82,16,10,1
97.68,213.62,0.457,-115.95,15,7,1
103.67,255.42,0.406,-151.75,8,8,1
27.68,62.19,0.445,-34.51,6,2,1
142.41,311.81,0.457,-169.4,11,1,1
28.56,82.49,0.346,-53.92,1,10,1
118.45,226.3,0.523,-107.84,8,10,1
47.07,95.0,0.496,-47.92,8,1,1
140.7,364.85,0.386,-224.14,10,1,1
110.79,233.63,0.474,-122.84,14,9,1
115.53,263.29,0.439,-147.76,44,4,1
40.67,37.91,1.073,2.76,14,9,1
72.03,93.81,0.768,-21.78,30,7,1
96.49,67.33,1.433,29.17,11,7,0
117.8,196.2,0.6,-78.4,13,2,1
24.55,37.58,0.653,-13.03,1,2,1
144.73,433.08,0.334,-288.35,2,5,1
134.63,262.57,0.513,-127.93,12,10,1
47.85,115.96,0.413,-68.11,7,1,1
125.19,150.45,0.832,-25.27,22,7,1
82.57,210.14,0.393,-127.58,10,7,1
74.65,146.37,0.51,-71.72,29,8,1
54.02,117.87,0.458,-63.85,50,7,1
91.34,100.01,0.913,-8.67,2,8,1
112.18,199.84,0.561,-87.65,7,3,1
67.53,135.86,0.497,-68.33,15,3,1
98.09,185.45,0.529,-87.36,5,8,1
107.9,299.0,0.361,-191.1,4,9,1
109.56,298.58,0.367,-189.02,23,10,1
17.28,50.47,0.342,-33.2,55,4,1
130.36,274.03,0.476,-143.67,20,8,1
74.16,216.84,0.342,-142.69,10,1,1
46.74,119.07,0.393,-72.34,8,2,1
43.85,45.22,0.97,-1.37,10,10,1
77.62,112.87,0.688,-35.25,8,10,1
134.16,126.6,1.06,7.56,9,10,0
62.97,19.6,3.212,43.36,3,9,0
114.96,92.86,1.238,22.1,32,2,0
23.55,7.32,3.216,16.23,19,2,0
76.65,171.96,0.446,-95.32,15,8,1
148.84,215.65,0.69,-66.82,41,5,1
117.86,134.83,0.874,-16.97,4,5,1
39.47,93.03,0.424,-53.55,1,6,1
80.2,204.33,0.393,-124.13,24,8,1
42.71,125.27,0.341,-82.57,90,8,1
67.34,136.93,0.492,-69.59,12,9,1
119.21,184.32,0.647,-65.1,1,10,1
117.97,132.63,0.89,-14.65,21,3,1
41.93,37.75,1.111,4.18,1,9,1
139.11,121.71,1.143,17.4,10,3,1
92.96,130.59,0.712,-37.63,4,1,1
63.19,188.17,0.336,-124.98,34,5,1
80.27,24.27,3.308,56.0,8,7,0
94.71,78.84,1.201,15.87,32,3,0
88.38,71.47,1.237,16.91,4,9,1
78.1,174.64,0.447,-96.54,6,1,1
80.69,101.0,0.799,-20.31,41,6,1
34.7,53.25,0.652,-18.55,3,6,1
123.78,86.81,1.426,36.98,12,8,0
85.85,119.63,0.718,-33.78,6,3,1
28.35,16.41,1.728,11.95,20,5,0
117.26,203.94,0.575,-86.68,1,10,1
140.54,79.33,1.772,61.22,8,5,0
142.62,347.2,0.411,-204.57,16,8,1
61.66,112.83,0.547,-51.17,7,7,1
28.97,65.32,0.444,-36.35,1,3,1
82.58,118.08,0.699,-35.51,17,7,1
25.77,34.27,0.752,-8.5,9,10,1
140.76,79.55,1.769,61.21,1,8,0
35.7,61.21,0.583,-25.51,13,5,1
45.39,76.67,0.592,-31.28,35,5,1
66.93,104.67,0.639,-37.74,1,1,1
63.64,146.34,0.435,-82.7,12,8,1
121.25,308.92,0.393,-187.67,18,6,1
73.88,171.94,0.43,-98.05,1,6,1
33.91,23.34,1.453,10.56,1,5,0
47.41,93.85,0.505,-46.44,8,5,1
81.28,42.01,1.935,39.27,21,3,1
30.64,66.66,0.46,-36.02,2,3,1
95.63,127.28,0.751,-31.65,25,2,1
89.2,58.67,1.52,30.53,14,9,0
110.06,289.18,0.381,-179.12,5,8,1
141.28,276.6,0.511,-135.32,10,3,1
137.72,173.21,0.795,-35.5,47,5,0
142.45,54.55,2.611,87.9,3,10,0
44.26,77.49,0.571,-33.23,9,5,1
28.42,79.37,0.358,-50.95,13,8,1
52.32,99.94,0.523,-47.62,2,6,1
135.31,395.58,0.342,-260.27,1,7,1
146.09,97.65,1.496,48.44,1,5,0
130.31,239.04,0.545,-108.73,5,1,1
25.4,62.36,0.407,-36.96,1,8,1
142.64,245.19,0.582,-102.55,22,4,1
69.27,37.81,1.832,31.46,82,5,0
11.3,21.18,0.534,-9.88,1,1,1
71.94,140.4,0.512,-68.46,7,3,1
16.45,37.3,0.441,-20.85,1,2,1
86.14,202.89,0.425,-116.75,2,2,1
57.4,136.67,0.42,-79.27,5,1,1
76.28,159.53,0.478,-83.25,7,6,1
95.84,84.6,1.133,11.24,39,8,1
131.63,183.16,0.719,-51.53,7,3,1
102.67,245.94,0.417,-143.28,9,1,1
70.77,203.4,0.348,-132.63,3,10,1
124.72,64.0,1.949,60.72,1,2,0
136.78,238.81,0.573,-102.03,32,3,1
26.77,30.62,0.874,-3.85,1,6,1
84.47,76.75,1.101,7.72,46,3,0
49.83,83.0,0.6,-33.17,1,9,1
16.59,32.12,0.516,-15.53,12,1,1
103.6,33.81,3.064,69.78,90,7,0
130.79,314.75,0.416,-183.96,2,10,1
32.81,82.46,0.398,-49.66,7,8,1
123.74,359.69,0.344,-235.95,21,9,1
129.48,101.99,1.269,27.48,1,8,0
138.01,262.94,0.525,-124.94,16,5,1
47.14,68.44,0.689,-21.3,1,1,1
136.55,164.42,0.831,-27.86,3,1,0
54.89,100.3,0.547,-45.41,2,8,1
87.33,210.67,0.415,-123.34,33,7,1
17.07,6.18,2.761,10.89,2,5,0
16.14,47.1,0.343,-30.95,1,10,1
110.85,275.65,0.402,-164.8,12,3,1
72.23,168.15,0.43,-95.93,5,9,1
45.88,107.96,0.425,-62.08,7,4,1
36.66,49.51,0.74,-12.85,1,6,1
103.79,241.77,0.429,-137.98,19,4,1
10.06,13.52,0.744,-3.46,12,9,1
122.82,334.88,0.367,-212.06,6,4,1
21.09,16.42,1.285,4.67,2,8,0
36.81,40.1,0.918,-3.29,12,3,0
64.07,114.6,0.559,-50.53,21,8,1
77.88,90.49,0.861,-12.61,5,3,0
59.7,86.29,0.692,-26.59,1,5,1
54.9,89.46,0.614,-34.56,3,1,1
144.95,378.63,0.383,-233.68,16,6,1
99.82,170.96,0.584,-71.13,63,2,0
13.28,16.98,0.782,-3.7,1,3,1
70.22,68.04,1.032,2.18,5,1,0
132.5,185.96,0.713,-53.45,1,6,1
52.2,88.35,0.591,-36.15,5,5,0
23.24,53.78,0.432,-30.55,7,10,1
116.17,72.82,1.595,43.35,35,2,0
94.84,85.2,1.113,9.64,1,8,0
89.84,119.05,0.755,-29.21,21,9,1
17.5,22.28,0.785,-4.78,7,3,1
29.67,40.28,0.737,-10.61,23,6,1
97.16,237.31,0.409,-140.15,10,6,1
39.1,45.95,0.851,-6.85,1,10,1
80.57,133.35,0.604,-52.78,40,6,1
86.28,171.23,0.504,-84.95,1,8,1
49.69,46.06,1.079,3.63,12,5,0
142.78,319.89,0.446,-177.11,29,10,1
127.94,227.38,0.563,-99.44,1,10,1
111.13,167.4,0.664,-56.27,11,8,1
20.92,52.01,0.402,-31.09,24,3,1
24.86,23.8,1.044,1.06,60,7,0
78.99,212.05,0.372,-133.06,18,1,1
32.5,58.98,0.551,-26.48,4,4,1
146.96,285.8,0.514,-138.84,16,5,1
32.19,85.72,0.376,-53.53,17,7,1
78.25,196.2,0.399,-117.95,16,6,1
60.98,117.33,0.52,-56.36,26,6,1
99.51,232.23,0.429,-132.71,1,2,1
28.07,41.25,0.68,-13.19,1,2,1
70.24,124.89,0.562,-54.64,14,2,1
48.46,22.66,2.139,25.8,43,10,0
134.29,72.87,1.843,61.42,8,8,0
15.68,39.82,0.394,-24.14,45,7,1
137.92,63.6,2.169,74.32,38,1,0
126.62,95.9,1.32,30.72,32,9,0
51.66,126.5,0.408,-74.84,33,8,1
120.5,36.52,3.299,83.98,32,9,0
14.37,15.27,0.941,-0.9,23,4,1
145.36,272.83,0.533,-127.47,16,5,1
83.72,159.72,0.524,-76.0,1,5,1
52.46,125.81,0.417,-73.35,1,9,1
60.76,101.23,0.6,-40.47,2,8,0
19.3,32.33,0.597,-13.03,1,10,1
148.51,335.38,0.443,-186.87,1,6,1
15.5,25.52,0.607,-10.02,35,10,1
101.69,197.57,0.515,-95.88,15,10,1
71.98,196.08,0.367,-124.1,5,1,1
142.85,197.69,0.723,-54.84,22,7,1
44.44,59.54,0.746,-15.1,9,9,1
84.49,26.16,3.23,58.33,2,4,0
77.53,151.67,0.511,-74.14,30,4,1
108.4,41.23,2.629,67.17,5,5,0
19.52,32.43,0.602,-12.91,16,8,1
37.13,91.77,0.405,-54.63,4,5,1
40.04,71.46,0.56,-31.42,9,4,1
113.34,116.52,0.973,-3.18,23,8,1
36.48,88.38,0.413,-51.9,2,5,1
90.29,92.84,0.973,-2.55,52,8,1
40.13,91.47,0.439,-51.34,1,1,1
130.63,254.42,0.513,-123.8,10,3,1
141.91,107.71,1.318,34.2,34,7,0
82.59,226.61,0.364,-144.02,40,1,1
59.32,49.93,1.188,9.39,3,5,1
42.77,127.1,0.336,-84.33,2,6,1
16.97,5.43,3.128,11.54,18,1,0
47.59,48.13,0.989,-0.54,1,7,1
101.59,85.3,1.191,16.29,9,9,0
84.71,28.61,2.96,56.09,22,9,0
142.17,323.77,0.439,-181.6,11,3,1
65.48,142.24,0.46,-76.76,2,4,1
107.14,261.35,0.41,-154.21,9,1,1
78.51,77.96,1.007,0.54,35,4,0
81.76,122.62,0.667,-40.86,13,5,1
47.49,98.76,0.481,-51.27,17,7,1
73.69,109.61,0.672,-35.92,5,5,1
75.91,165.69,0.458,-89.78,2,8,1
108.93,219.14,0.497,-110.21,4,7,1
141.69,86.37,1.641,55.32,10,1,0
56.1,135.15,0.415,-79.04,4,2,1
15.91,35.73,0.445,-19.82,10,7,1
79.48,164.59,0.483,-85.1,17,3,1
86.22,61.97,1.391,24.25,18,2,0
33.58,34.37,0.977,-0.79,2,9,1
116.47,158.58,0.734,-42.11,19,10,1
147.89,156.14,0.947,-8.25,15,8,1
142.41,130.32,1.093,12.09,1,8,1
37.59,93.03,0.404,-55.43,1,3,1
132.55,268.18,0.494,-135.63,14,10,1
108.63,198.44,0.547,-89.81,6,9,1
73.54,66.93,1.099,6.61,2,8,1
85.69,238.1,0.36,-152.42,1,2,1
128.94,105.24,1.225,23.7,2,7,0
77.22,188.91,0.409,-111.69,44,8,1
62.25,181.15,0.344,-118.9,18,7,1
79.05,178.91,0.442,-99.86,10,9,1
91.08,271.48,0.335,-180.4,39,7,1
36.47,75.05,0.486,-38.58,13,7,1
136.13,120.76,1.127,15.36,18,1,0
104.39,88.76,1.176,15.63,4,2,0
98.66,116.05,0.85,-17.4,12,5,1
23.93,7.64,3.132,16.29,2,1,0
94.58,202.47,0.467,-107.88,7,10,1
26.93,27.62,0.975,-0.68,1,7,1
21.02,52.57,0.4,-31.55,3,5,1
83.82,106.44,0.788,-22.61,1,5,1
66.39,105.95,0.627,-39.56,6,8,1
92.43,268.74,0.344,-176.3,25,9,1
22.49,21.45,1.048,1.04,6,10,1
70.34,158.08,0.445,-87.74,24,1,1
34.47,80.62,0.428,-46.15,14,10,1
148.19,132.88,1.115,15.31,9,4,0
88.56,146.36,0.605,-57.8,3,2,1
106.24,132.33,0.803,-26.09,35,9,1
55.56,132.46,0.419,-76.9,1,9,1
23.26,46.08,0.505,-22.81,16,1,1
146.62,232.42,0.631,-85.8,13,3,1
50.08,120.4,0.416,-70.32,8,10,1
69.33,64.82,1.07,4.51,3,8,1
100.98,235.77,0.428,-134.79,7,2,1
13.46,35.48,0.379,-22.02,28,2,1
123.44,329.86,0.374,-206.42,25,2,1
85.12,205.65,0.414,-120.52,39,5,1
48.95,68.61,0.713,-19.66,5,9,1
18.63,54.96,0.339,-36.34,6,7,1
32.75,43.39,0.755,-10.64,1,7,1
135.3,273.9,0.494,-138.59,40,2,1
106.04,77.93,1.361,28.11,5,2,0
44.99,132.58,0.339,-87.6,7,5,1
19.18,42.22,0.454,-23.04,33,7,1
106.69,249.02,0.428,-142.33,10,7,1
90.14,43.05,2.094,47.09,11,9,0
66.63,157.34,0.424,-90.7,2,3,1
60.91,145.67,0.418,-84.77,9,1,1
40.35,85.3,0.473,-44.95,35,9,1
103.75,112.89,0.919,-9.15,11,1,0
145.89,236.66,0.616,-90.77,4,8,1
34.6,20.7,1.672,13.9,1,5,0
93.6,147.25,0.636,-53.66,5,8,1
69.39,66.49,1.043,2.89,11,7,1
72.54,90.13,0.805,-17.59,1,9,1
45.58,33.69,1.353,11.9,13,2,0
125.52,115.62,1.086,9.9,10,9,1
77.94,39.49,1.973,38.44,21,10,0
86.08,239.61,0.359,-153.54,1,5,1
52.67,91.22,0.577,-38.56,21,5,1
35.45,48.61,0.729,-13.16,10,1,0
22.03,38.43,0.573,-16.4,6,6,1
109.98,219.56,0.501,-109.58,47,10,1
37.47,104.51,0.359,-67.04,2,10,1
106.61,83.42,1.278,23.19,10,10,1
64.65,70.99,0.911,-6.34,5,10,1
68.21,200.17,0.341,-131.96,10,3,1
75.68,98.56,0.768,-22.87,11,10,0
61.48,22.19,2.771,39.29,1,3,0
24.09,16.83,1.431,7.26,15,3,0
53.35,19.8,2.695,33.55,14,4,0
102.92,305.97,0.336,-203.05,20,9,1
103.21,108.67,0.95,-5.47,1,8,1
50.07,139.88,0.358,-89.81,4,6,1
74.41,222.42,0.335,-148.0,14,8,1
37.08,71.18,0.521,-34.1,2,8,1
39.45,15.37,2.567,24.08,15,1,0
13.23,6.88,1.922,6.34,1,9,0
135.54,216.91,0.625,-81.37,5,1,1
39.5,55.17,0.716,-15.67,26,2,0
41.85,81.06,0.516,-39.2,20,9,1
49.14,72.97,0.673,-23.83,14,7,1
27.84,78.56,0.354,-50.72,28,10,1
99.5,173.5,0.573,-74.01,17,1,1
20.52,44.59,0.46,-24.07,10,3,1
28.79,78.32,0.368,-49.53,54,1,1
100.27,69.84,1.436,30.43,16,5,0
57.55,52.96,1.087,4.59,12,4,0
109.11,64.35,1.696,44.76,7,8,0
88.04,59.6,1.477,28.43,32,9,0
45.84,77.2,0.594,-31.36,4,4,1
101.12,118.02,0.857,-16.9,1,3,1
26.28,37.91,0.693,-11.63,3,4,1
85.1,251.27,0.339,-166.17,1,3,1
71.2,51.49,1.383,19.72,5,6,0
47.5,83.61,0.568,-36.11,24,1,1
94.56,53.61,1.764,40.95,14,2,0
131.99,153.1,0.862,-21.11,2,8,1
149.85,258.38,0.58,-108.54,21,3,1
95.09,271.56,0.35,-176.47,9,4,1
66.66,90.41,0.737,-23.75,10,1,1
41.53,19.74,2.104,21.79,6,3,0
45.99,62.0,0.742,-16.01,27,1,0
77.12,53.49,1.442,23.64,5,10,0
61.42,56.57,1.086,4.85,1,5,0
137.93,271.57,0.508,-133.64,5,1,1
61.56,29.68,2.074,31.89,17,9,0
62.28,96.83,0.643,-34.55,15,7,1
63.69,123.92,0.514,-60.23,2,8,1
127.13,182.94,0.695,-55.81,1,9,0
101.11,35.55,2.844,65.56,15,10,0
95.98,284.2,0.338,-188.21,15,8,1
56.78,73.32,0.774,-16.54,6,3,0
124.51,299.08,0.416,-174.58,25,7,1
15.37,18.13,0.848,-2.76,53,7,1
131.91,208.76,0.632,-76.84,3,7,1
81.78,110.32,0.741,-28.53,12,8,1
65.76,80.54,0.816,-14.79,1,4,1
79.6,28.58,2.786,51.03,17,6,0
103.44,131.58,0.786,-28.14,7,2,1
11.79,31.84,0.37,-20.06,3,7,1
132.02,285.69,0.462,-153.68,19,9,1
72.54,50.25,1.444,22.3,23,5,0
58.02,110.0,0.527,-51.99,1,4,1
29.35,79.52,0.369,-50.17,1,2,1
71.53,156.65,0.457,-85.12,5,7,1
79.49,55.75,1.426,23.73,13,2,0
66.51,175.8,0.378,-109.29,22,2,1
105.01,117.0,0.898,-11.99,11,9,1
68.93,105.18,0.655,-36.26,12,2,1
144.6,248.79,0.581,-104.2,22,10,1
93.9,243.8,0.385,-149.9,10,3,1
123.05,346.42,0.355,-223.37,13,3,1
25.31,71.12,0.356,-45.81,10,2,1
65.62,21.1,3.111,44.53,29,10,0
57.16,159.42,0.359,-102.26,3,3,1
89.73,40.09,2.238,49.63,4,9,0
130.56,132.85,0.983,-2.3,1,3,1
20.97,35.44,0.592,-14.48,23,5,1
20.16,32.17,0.627,-12.01,7,7,1
129.04,249.41,0.517,-120.36,5,1,1
39.8,63.46,0.627,-23.66,55,1,0
103.63,292.52,0.354,-188.89,36,10,1
86.0,81.66,1.053,4.34,50,2,0
126.61,131.65,0.962,-5.05,2,1,0
27.51,76.65,0.359,-49.14,31,1,1
28.17,14.29,1.972,13.88,5,10,0
87.95,171.14,0.514,-83.19,1,4,1
142.49,305.03,0.467,-162.54,6,10,1
68.1,113.38,0.601,-45.28,9,3,1
55.77,121.27,0.46,-65.5,1,1,1
94.94,72.76,1.305,22.17,10,3,0
140.26,364.98,0.384,-224.72,23,1,1
127.17,86.23,1.475,40.94,6,3,0
149.37,206.46,0.723,-57.09,6,4,1
13.16,6.62,1.987,6.54,5,8,0
25.8,45.72,0.564,-19.92,35,3,0
95.33,200.98,0.474,-105.65,1,3,1
124.88,354.82,0.352,-229.94,8,9,1
49.93,114.66,0.436,-64.73,4,9,1
43.49,76.58,0.568,-33.09,31,6,1
120.18,338.67,0.355,-218.49,1,10,1
17.89,28.48,0.628,-10.59,7,4,1
61.71,112.03,0.551,-50.31,7,10,1
80.81,154.31,0.524,-73.5,30,5,1
88.45,124.44,0.711,-35.99,3,9,1
112.01,287.17,0.39,-175.17,14,1,1
59.68,47.74,1.25,11.94,2,7,0
95.78,172.21,0.556,-76.44,43,7,1
91.95,206.9,0.444,-114.94,12,10,1
86.67,237.53,0.365,-150.86,13,1,1
99.67,267.77,0.372,-168.1,7,1,1
46.32,77.53,0.598,-31.2,5,9,1
21.85,44.5,0.491,-22.65,3,7,1
26.7,36.43,0.733,-9.73,12,4,1
41.44,64.82,0.639,-23.38,43,9,1
80.03,219.83,0.364,-139.8,6,5,1
127.66,359.1,0.356,-231.44,30,3,1
108.18,293.99,0.368,-185.81,2,2,1
120.47,81.15,1.485,39.32,38,9,0
59.14,153.47,0.385,-94.34,6,4,1
66.65,190.66,0.35,-124.01,6,7,1
65.12,83.05,0.784,-17.93,8,1,1
36.86,62.68,0.588,-25.82,17,9,1
18.57,44.63,0.416,-26.06,17,9,1
92.73,168.54,0.55,-75.82,9,10,1
148.49,442.86,0.335,-294.37,10,6,1
33.36,51.05,0.653,-17.69,1,6,1
16.54,36.84,0.449,-20.3,5,6,1
119.13,290.69,0.41,-171.55,5,5,1
45.36,74.12,0.612,-28.76,11,1,1
126.15,329.74,0.383,-203.59,11,4,1
108.55,192.64,0.564,-84.09,17,10,1
142.39,200.98,0.708,-58.59,17,1,0
67.25,39.75,1.692,27.5,3,5,0
102.68,139.87,0.734,-37.19,20,4,1
75.08,171.3,0.438,-96.22,1,8,1
98.28,273.96,0.359,-175.68,17,1,1
72.94,71.45,1.021,1.49,1,8,1
36.41,45.84,0.794,-9.43,18,8,1
81.11,58.05,1.397,23.06,10,1,0
84.0,181.86,0.462,-97.86,8,9,1
123.48,357.18,0.346,-233.7,16,9,1
112.97,229.4,0.492,-116.43,1,6,1
102.93,202.37,0.509,-99.44,3,1,1
25.87,46.43,0.557,-20.56,13,7,1
110.89,59.75,1.856,51.14,26,7,0
80.04,181.67,0.441,-101.63,6,9,1
135.17,260.28,0.519,-125.11,4,1,1
138.78,289.5,0.479,-150.72,10,8,1
17.72,48.32,0.367,-30.6,13,8,1
124.89,301.82,0.414,-176.93,7,7,1
15.28,36.8,0.415,-21.52,29,6,1
61.4,172.14,0.357,-110.74,10,1,1
85.92,255.43,0.336,-169.51,1,10,1
30.73,57.46,0.535,-26.72,3,8,1
114.48,68.0,1.684,46.48,8,5,0
11.17,17.2,0.649,-6.03,16,4,1
33.6,81.54,0.412,-47.94,3,5,1
91.31,34.23,2.668,57.08,52,5,0
110.01,49.9,2.205,60.11,5,10,0
138.33,66.58,2.078,71.75,10,3,0
108.77,247.32,0.44,-138.55,1,4,1
104.05,172.01,0.605,-67.96,30,4,1
65.21,84.51,0.772,-19.3,21,8,1
10.18,5.96,1.709,4.22,3,5,0
26.82,61.08,0.439,-34.25,37,6,1
84.84,98.98,0.857,-14.15,5,10,1
104.52,106.23,0.984,-1.71,16,2,0
68.44,141.08,0.485,-72.64,23,9,1
112.3,203.18,0.553,-90.88,18,8,1
83.06,106.19,0.782,-23.13,34,8,1
20.38,41.42,0.492,-21.04,27,10,1
36.88,38.07,0.969,-1.19,73,5,0
127.6,312.11,0.409,-184.51,2,5,1
111.49,102.48,1.088,9.01,5,3,0
135.27,98.59,1.372,36.68,14,2,0
26.46,63.83,0.414,-37.37,18,9,1
148.63,328.67,0.452,-180.04,10,6,1
39.32,31.18,1.261,8.13,1,8,0
11.65,7.15,1.629,4.5,25,4,0
149.64,383.63,0.39,-233.99,45,5,1
49.35,118.28,0.417,-68.93,7,10,1
103.52,122.53,0.845,-19.01,3,5,1
34.74,72.15,0.481,-37.41,1,10,1
91.23,57.95,1.574,33.28,3,4,0
136.56,227.93,0.599,-91.37,16,2,1
54.83,19.22,2.852,35.61,33,6,0
103.84,140.94,0.737,-37.1,1,4,1
36.31,18.23,1.992,18.08,11,4,0
97.47,154.29,0.632,-56.82,16,10,1
57.1,82.15,0.695,-25.04,4,3,1
39.57,59.35,0.667,-19.78,11,8,1
53.85,22.74,2.367,31.1,17,6,0
35.04,44.72,0.783,-9.68,25,9,1
136.27,319.21,0.427,-182.94,8,5,1
65.61,85.03,0.772,-19.42,19,6,1
44.34,98.92,0.448,-54.58,5,9,1
72.78,94.44,0.771,-21.66,3,4,1
54.88,79.17,0.693,-24.3,2,10,1
114.22,208.16,0.549,-93.95,6,7,1
145.97,418.48,0.349,-272.5,1,10,1
71.32,42.36,1.684,28.96,4,10,0
130.54,50.76,2.572,79.78,14,6,0
89.22,173.22,0.515,-84.0,14,6,1
32.01,91.64,0.349,-59.63,1,6,1
106.69,317.1,0.336,-210.41,4,4,1
81.88,131.6,0.622,-49.72,11,10,1
101.08,158.08,0.639,-56.99,5,6,1
134.56,274.68,0.49,-140.13,7,7,1
71.66,129.0,0.555,-57.34,17,2,1
136.16,273.97,0.497,-137.8,1,9,1
115.09,306.13,0.376,-191.03,4,7,1
78.4,181.51,0.432,-103.1,2,3,1
94.45,155.05,0.609,-60.6,1,10,1
55.58,85.99,0.646,-30.4,44,10,1
147.7,299.38,0.493,-151.68,6,7,1
103.43,158.29,0.653,-54.86,10,10,1
16.14,24.79,0.651,-8.65,18,10,1
55.73,19.17,2.907,36.56,1,5,0
97.26,74.89,1.299,22.37,3,9,1
17.89,28.96,0.618,-11.07,24,6,1
13.34,33.64,0.397,-20.3,27,7,1
73.0,76.84,0.95,-3.84,6,4,0
56.58,96.81,0.584,-40.23,6,2,1
71.36,87.87,0.812,-16.51,19,4,1
46.78,27.27,1.715,19.51,4,9,0
33.06,95.46,0.346,-62.4,1,3,1
106.48,277.66,0.383,-171.18,4,7,1
82.04,42.0,1.953,40.04,6,4,0
38.02,85.3,0.446,-47.28,1,3,1
54.74,67.8,0.807,-13.05,9,5,1
92.85,277.27,0.335,-184.42,18,2,1
20.11,22.45,0.896,-2.34,10,10,1
30.64,28.95,1.059,1.7,1,4,1
20.25,37.13,0.545,-16.88,8,7,1
123.72,316.1,0.391,-192.37,17,2,1
115.34,94.55,1.22,20.78,1,10,0
115.46,255.8,0.451,-140.33,1,6,1
110.29,51.37,2.147,58.91,6,5,0
103.71,288.44,0.36,-184.73,3,3,1
76.78,39.84,1.927,36.94,38,5,0
99.92,276.62,0.361,-176.7,12,10,1
15.37,24.98,0.615,-9.61,4,7,1
97.01,146.46,0.662,-49.46,17,3,1
118.9,348.14,0.342,-229.24,6,8,1
80.05,238.07,0.336,-158.02,1,7,1
60.05,123.44,0.487,-63.38,3,4,1
48.84,31.41,1.555,17.42,14,5,0
99.99,166.65,0.6,-66.66,1,10,1
106.99,184.96,0.578,-77.97,4,4,1
131.94,222.84,0.592,-90.9,3,2,1
57.93,106.45,0.544,-48.52,3,9,1
117.77,41.28,2.853,76.48,16,1,0
88.59,196.7,0.45,-108.11,24,8,1
133.6,297.05,0.45,-163.45,17,4,1
83.89,51.32,1.635,32.57,14,9,0
82.47,151.71,0.544,-69.24,34,3,1
90.9,166.77,0.545,-75.87,1,7,1
114.9,246.2,0.467,-131.29,2,3,1
145.06,76.96,1.885,68.09,7,10,0
20.3,40.43,0.502,-20.13,6,7,1
17.48,18.5,0.945,-1.01,7,2,0
141.26,235.75,0.599,-94.49,3,3,1
84.18,201.03,0.419,-116.84,2,8,1
96.09,211.89,0.453,-115.81,9,7,1
77.54,48.15,1.61,29.38,36,3,0
23.11,43.83,0.527,-20.71,6,8,1
117.53,342.8,0.343,-225.26,1,9,1
114.61,82.9,1.383,31.72,17,2,0
53.64,139.61,0.384,-85.97,4,2,1
52.87,116.16,0.455,-63.28,3,7,1
127.3,304.22,0.418,-176.92,5,8,1
20.13,21.36,0.942,-1.23,18,5,1
133.35,143.66,0.928,-10.31,23,2,0
45.93,126.14,0.364,-80.21,12,10,1
93.02,118.28,0.786,-25.26,5,5,1
141.04,66.31,2.127,74.73,5,3,0
104.94,201.65,0.52,-96.71,1,9,1
68.02,43.33,1.57,24.69,37,2,0
106.53,261.1,0.408,-154.56,14,9,1
58.16,118.22,0.492,-60.06,1,2,1
48.82,129.94,0.376,-81.12,15,1,1
149.54,361.74,0.413,-212.2,8,10,1
115.11,69.38,1.659,45.73,50,6,0
100.26,133.24,0.753,-32.97,23,6,1
59.74,142.86,0.418,-83.12,2,4,1
16.88,24.09,0.701,-7.21,17,2,1
14.35,41.97,0.342,-27.63,9,10,1
87.59,200.26,0.437,-112.68,2,3,1
116.68,39.89,2.925,76.8,16,6,0
85.23,228.08,0.374,-142.85,11,4,1
127.71,73.07,1.748,54.64,1,5,0
14.68,9.97,1.472,4.71,14,9,0
61.35,140.06,0.438,-78.71,14,5,1
43.19,113.82,0.379,-70.63,2,10,1
72.62,126.95,0.572,-54.33,6,8,1
20.13,21.75,0.926,-1.62,12,2,0
143.58,179.27,0.801,-35.69,2,6,1
41.26,50.57,0.816,-9.32,26,6,1
139.12,164.45,0.846,-25.32,1,5,1
69.63,66.55,1.046,3.07,1,6,1
147.97,287.65,0.514,-139.68,1,5,1
87.57,239.16,0.366,-151.59,10,2,1
140.32,158.43,0.886,-18.12,13,5,0
10.75,8.64,1.244,2.11,7,1,0
114.75,294.25,0.39,-179.49,4,3,1
136.43,314.17,0.434,-177.74,23,7,1
29.56,83.16,0.355,-53.6,1,4,1
23.46,17.52,1.339,5.94,4,8,0
69.44,47.88,1.45,21.56,1,3,0
140.72,247.92,0.568,-107.21,1,7,1
85.93,168.34,0.51,-82.41,6,2,1
83.84,133.85,0.626,-50.01,3,8,1
29.76,57.05,0.522,-27.29,4,3,1
10.11,7.96,1.271,2.15,24,6,0
123.42,196.85,0.627,-73.43,2,2,1
22.26,46.23,0.481,-23.97,21,7,1
98.74,144.98,0.681,-46.24,15,4,1
138.05,294.66,0.468,-156.61,5,6,1
39.21,59.53,0.659,-20.32,11,2,1
103.14,123.84,0.833,-20.7,8,3,1
21.02,23.53,0.893,-2.52,1,3,1
94.53,133.23,0.71,-38.7,33,4,1
32.95,11.94,2.76,21.01,11,1,0
113.03,237.94,0.475,-124.9,29,6,1
52.17,134.7,0.387,-82.53,24,6,1
74.87,94.15,0.795,-19.28,1,4,0
93.92,39.85,2.357,54.07,3,8,0
33.98,100.72,0.337,-66.74,2,5,1
113.83,115.19,0.988,-1.36,24,10,1
52.37,33.61,1.558,18.75,27,4,0
102.73,133.38,0.77,-30.65,10,7,1
32.16,73.78,0.436,-41.62,1,10,1
106.34,116.29,0.914,-9.95,2,10,1
27.95,51.75,0.54,-23.8,23,8,1
69.55,98.9,0.703,-29.35,37,2,1
44.61,27.57,1.618,17.04,3,1,0
114.77,136.78,0.839,-22.01,1,6,1
46.68,105.37,0.443,-58.69,5,2,1
133.44,260.53,0.512,-127.09,1,8,1
134.85,84.07,1.604,50.79,24,5,0
37.5,27.79,1.35,9.71,9,2,0
95.94,194.75,0.493,-98.81,14,5,1
22.28,55.62,0.401,-33.34,7,2,1
64.82,80.6,0.804,-15.79,5,6,1
109.87,209.55,0.524,-99.68,3,8,1
102.32,77.84,1.315,24.48,20,2,0
97.46,111.17,0.877,-13.71,16,6,1
49.56,17.58,2.819,31.98,6,6,0
62.92,149.4,0.421,-86.48,5,1,1
24.41,33.76,0.723,-9.34,1,9,1
110.66,277.05,0.399,-166.39,1,8,1
80.54,178.21,0.452,-97.67,13,4,1
109.23,277.18,0.394,-167.95,10,7,1
44.85,48.05,0.933,-3.2,7,4,1
55.42,44.33,1.25,11.1,24,8,0
56.79,166.06,0.342,-109.27,9,10,1
13.6,30.43,0.447,-16.83,6,2,1
57.75,147.36,0.392,-89.62,2,2,1
122.46,41.08,2.981,81.38,24,3,0
135.62,170.48,0.796,-34.86,12,4,0
82.55,190.33,0.434,-107.78,1,6,1
73.77,37.66,1.959,36.11,14,5,0
14.32,26.22,0.546,-11.91,7,10,1
133.09,194.11,0.686,-61.02,23,10,1
11.82,4.11,2.877,7.71,35,7,0
142.27,133.32,1.067,8.94,12,6,1
78.49,83.9,0.936,-5.41,18,4,1
57.87,34.84,1.661,23.03,1,10,0
139.39,279.5,0.499,-140.11,11,9,1
13.41,12.8,1.048,0.61,19,7,0
91.4,95.93,0.953,-4.53,9,1,0
86.85,236.69,0.367,-149.84,12,8,1
40.7,63.55,0.641,-22.84,32,4,1
70.04,95.17,0.736,-25.13,3,7,1
101.32,228.41,0.444,-127.1,1,2,1
111.8,308.11,0.363,-196.31,16,3,1
10.1,3.71,2.72,6.39,24,1,0
141.16,213.19,0.662,-72.03,26,2,1
33.03,64.39,0.513,-31.35,14,5,1
42.7,49.54,0.862,-6.84,25,2,0
46.89,111.85,0.419,-64.96,16,6,1
15.29,44.71,0.342,-29.41,1,6,1
27.23,77.52,0.351,-50.3,20,6,1
148.09,150.78,0.982,-2.69,2,3,0
54.13,49.32,1.098,4.81,3,3,0
26.14,75.43,0.347,-49.28,7,10,1
24.98,38.42,0.65,-13.45,5,7,1
110.72,95.49,1.16,15.24,5,4,0
129.64,286.36,0.453,-156.72,2,6,1
45.97,49.1,0.936,-3.12,4,8,1
12.93,13.21,0.979,-0.28,1,3,0
41.23,110.25,0.374,-69.02,8,9,1
17.91,13.23,1.354,4.68,20,9,0
24.48,11.6,2.11,12.88,27,3,0
70.41,72.3,0.974,-1.89,24,6,0
42.19,81.79,0.516,-39.6,7,5,1
82.23,52.0,1.581,30.23,18,4,0
45.49,71.57,0.636,-26.08,4,8,1
141.68,282.47,0.502,-140.8,1,10,1
136.83,354.61,0.386,-217.78,15,9,1
89.35,82.26,1.086,7.09,14,9,1
59.62,149.46,0.399,-89.84,22,5,1
63.36,59.19,1.07,4.17,13,5,0
67.66,143.93,0.47,-76.27,2,3,1
111.86,163.63,0.684,-51.77,26,9,1
73.23,44.64,1.64,28.59,13,1,0
129.94,289.58,0.449,-159.64,23,3,1
142.17,126.24,1.126,15.93,20,7,0
57.03,44.31,1.287,12.72,4,7,0
88.5,112.17,0.789,-23.67,1,5,1
23.31,48.1,0.485,-24.8,2,6,1
38.07,35.47,1.073,2.6,1,4,1
67.89,54.03,1.256,13.86,3,8,1
38.87,12.71,3.059,26.16,8,4,0
132.72,208.82,0.636,-76.11,33,10,1
32.16,46.87,0.686,-14.71,28,6,1
73.79,68.73,1.074,5.06,17,5,0
94.8,42.17,2.248,52.63,1,10,0
106.86,155.91,0.685,-49.05,5,6,1
63.63,154.5,0.412,-90.87,16,3,1
131.67,293.8,0.448,-162.12,1,3,1
89.56,235.03,0.381,-145.47,22,10,1
71.53,23.31,3.069,48.22,34,7,0
19.41,56.48,0.344,-37.07,6,1,1
75.06,91.71,0.818,-16.65,17,1,0
124.9,371.47,0.336,-246.57,2,1,1
96.04,94.31,1.018,1.72,16,6,0
126.5,199.01,0.636,-72.5,1,4,1
79.16,99.4,0.796,-20.23,2,6,1
26.58,33.51,0.793,-6.93,17,1,0
11.91,30.66,0.388,-18.75,17,4,1
52.45,121.44,0.432,-68.99,14,4,1
107.72,320.87,0.336,-213.15,9,2,1
120.64,236.02,0.511,-115.39,15,1,1
51.41,79.72,0.645,-28.31,20,8,1
79.39,43.13,1.841,36.27,47,6,0
68.96,206.23,0.334,-137.27,30,4,1
67.47,120.72,0.559,-53.25,22,2,1
42.39,92.89,0.456,-50.5,16,5,1
29.09,40.68,0.715,-11.58,11,9,1
37.54,66.77,0.562,-29.23,1,7,1
17.75,50.49,0.351,-32.74,2,4,1
37.74,28.28,1.335,9.46,24,5,0
11.29,12.3,0.918,-1.01,22,8,1
97.82,69.5,1.407,28.31,13,5,0
54.29,132.42,0.41,-78.13,8,6,1
146.24,68.37,2.139,77.87,1,10,0
37.12,19.32,1.922,17.8,5,6,0
58.42,64.6,0.904,-6.19,7,8,1
60.1,101.46,0.592,-41.37,9,5,1
11.18,15.62,0.716,-4.44,37,1,0
127.49,53.67,2.375,73.82,1,4,0
14.48,41.78,0.347,-27.3,10,3,1
141.63,406.85,0.348,-265.23,6,2,1
134.89,142.21,0.949,-7.32,64,7,0
84.97,193.32,0.44,-108.35,27,7,1
86.1,160.34,0.537,-74.23,8,8,1
101.53,95.56,1.062,5.97,90,10,1
64.19,64.69,0.992,-0.5,10,5,1
100.61,163.61,0.615,-62.99,2,1,1
16.27,23.29,0.698,-7.03,11,6,1
17.57,19.08,0.921,-1.52,3,6,1
74.01,183.57,0.403,-109.56,14,8,1
86.95,139.11,0.625,-52.16,38,10,1
134.29,277.73,0.484,-143.44,21,2,1
24.65,19.99,1.233,4.66,4,9,0
125.17,217.86,0.575,-92.69,4,6,1
39.41,45.65,0.863,-6.25,1,1,0
65.17,112.18,0.581,-47.01,4,9,1
54.32,130.83,0.415,-76.5,1,8,1
66.02,156.87,0.421,-90.85,9,10,1
31.07,39.04,0.796,-7.97,17,1,1
80.5,175.05,0.46,-94.55,19,8,1
122.23,347.31,0.352,-225.08,1,7,1
71.81,142.86,0.503,-71.05,5,5,1
78.69,55.14,1.427,23.55,4,6,0
128.83,275.07,0.468,-146.25,1,4,1
108.85,63.48,1.715,45.36,6,9,0
78.66,208.83,0.377,-130.16,4,9,1
46.08,78.1,0.59,-32.02,14,10,1
133.89,179.4,0.746,-45.51,30,1,0
90.78,41.21,2.203,49.57,8,9,0
40.96,54.4,0.753,-13.44,19,3,1
47.68,130.57,0.365,-82.89,2,2,1
122.44,43.67,2.804,78.77,31,4,0
16.18,25.59,0.632,-9.41,2,4,1
148.89,419.0,0.355,-270.11,2,9,1
28.25,38.59,0.732,-10.34,1,4,1
121.45,176.84,0.687,-55.39,5,5,1
65.27,121.54,0.537,-56.27,11,6,1
78.91,122.31,0.645,-43.4,61,4,1
133.29,100.66,1.324,32.63,22,1,0
67.81,23.74,2.856,44.07,6,2,0
85.25,165.94,0.514,-80.69,12,3,1
16.9,47.09,0.359,-30.19,13,4,1
10.33,6.06,1.703,4.26,24,5,0
44.27,38.5,1.15,5.77,18,10,1
105.28,136.83,0.769,-31.54,11,10,1
26.98,67.0,0.403,-40.02,15,3,1
25.93,26.63,0.974,-0.7,19,1,0
67.53,181.1,0.373,-113.56,2,8,1
100.7,45.15,2.23,55.55,3,8,0
109.69,311.58,0.352,-201.89,16,4,1
34.98,63.46,0.551,-28.48,26,7,1
21.14,43.95,0.481,-22.81,7,4,1
141.66,183.13,0.774,-41.47,54,3,1
46.49,112.11,0.415,-65.62,3,7,1
129.47,97.07,1.334,32.4,7,6,0
130.89,56.55,2.314,74.34,6,1,0
118.15,161.62,0.731,-43.47,37,9,1
33.64,87.62,0.384,-53.99,4,2,1
125.05,292.41,0.428,-167.36,8,3,1
117.7,199.65,0.59,-81.95,2,5,1
93.54,172.56,0.542,-79.02,10,3,1
57.21,37.23,1.537,19.98,27,3,0
46.75,120.14,0.389,-73.39,5,8,1
27.06,65.63,0.412,-38.56,23,4,1
81.37,168.63,0.483,-87.26,33,10,1
91.94,143.3,0.642,-51.37,1,2,1
60.31,175.14,0.344,-114.83,19,5,1
76.55,204.65,0.374,-128.1,4,2,1
60.89,124.22,0.49,-63.33,2,10,1
99.74,130.05,0.767,-30.31,12,8,1
136.18,268.08,0.508,-131.91,17,3,1
32.95,61.08,0.539,-28.13,7,2,1
63.4,86.5,0.733,-23.11,1,3,1
29.72,33.53,0.887,-3.8,33,3,0
97.49,136.38,0.715,-38.89,18,1,0
112.04,207.23,0.541,-95.19,4,3,1
140.47,204.52,0.687,-64.05,9,3,1
49.04,49.61,0.988,-0.57,1,4,0
143.03,336.78,0.425,-193.75,5,8,1
18.86,32.72,0.576,-13.86,10,9,1
94.42,45.58,2.072,48.84,10,1,0
18.0,23.3,0.773,-5.3,3,1,1
135.13,363.4,0.372,-228.27,20,6,1
84.17,196.89,0.428,-112.72,4,1,1
103.71,121.63,0.853,-17.92,12,5,1
126.42,358.16,0.353,-231.74,4,1,1
31.04,15.73,1.973,15.31,7,8,0
15.4,44.6,0.345,-29.19,3,5,1
133.04,128.17,1.038,4.87,14,6,0
54.09,17.56,3.081,36.54,7,4,0
28.06,41.28,0.68,-13.22,1,8,1
75.58,95.93,0.788,-20.35,1,9,1
93.76,164.6,0.57,-70.84,8,9,1
14.34,35.14,0.408,-20.81,2,1,1
48.49,124.83,0.388,-76.34,12,7,1
14.59,20.19,0.723,-5.59,7,4,1
68.85,100.56,0.685,-31.71,14,10,1
135.31,94.73,1.428,40.58,42,8,0
147.57,63.22,2.334,84.35,10,7,0
99.19,201.48,0.492,-102.29,21,1,1
32.63,15.47,2.11,17.16,19,1,0
136.82,312.13,0.438,-175.31,35,1,1
82.27,144.44,0.57,-62.16,3,2,1
31.52,26.36,1.196,5.16,24,10,0
139.04,244.26,0.569,-105.21,33,2,1
116.05,92.15,1.259,23.89,6,9,1
112.44,166.93,0.674,-54.49,5,5,1
109.29,268.71,0.407,-159.43,42,1,1
38.05,58.87,0.646,-20.82,13,7,1
39.54,27.74,1.426,11.8,6,10,0
106.36,239.77,0.444,-133.41,21,2,1
40.76,32.78,1.243,7.98,5,3,0
71.41,163.83,0.436,-92.42,2,4,1
119.48,190.48,0.627,-71.0,10,3,1
119.75,182.64,0.656,-62.88,11,3,1
73.46,190.9,0.385,-117.45,24,9,1
120.91,267.59,0.452,-146.69,8,4,1
127.41,49.54,2.572,77.86,23,8,0
101.67,111.8,0.909,-10.13,5,1,0
41.98,111.31,0.377,-69.33,11,6,1
48.36,16.9,2.861,31.46,3,1,0
54.08,95.84,0.564,-41.76,6,5,1
26.35,59.69,0.441,-33.34,27,7,1
48.24,95.47,0.505,-47.23,3,1,1
39.33,92.57,0.425,-53.23,23,9,1
73.75,166.62,0.443,-92.87,4,9,1
137.18,297.48,0.461,-160.29,1,6,1
24.63,62.02,0.397,-37.39,1,2,1
110.84,226.48,0.489,-115.64,19,2,1
106.22,147.28,0.721,-41.06,4,9,1
23.41,36.84,0.635,-13.44,14,4,1
139.16,311.04,0.447,-171.88,16,6,1
89.59,238.84,0.375,-149.25,5,10,1
60.92,63.05,0.966,-2.13,9,2,0
115.92,141.83,0.817,-25.92,7,4,0
46.03,129.49,0.355,-83.45,41,2,1
107.09,199.4,0.537,-92.31,5,3,1
15.56,12.19,1.277,3.37,2,2,0
127.52,266.76,0.478,-139.25,6,8,1
72.74,216.42,0.336,-143.67,15,5,1
99.14,250.15,0.396,-151.02,16,5,1
40.97,94.79,0.432,-53.82,36,8,1
104.79,90.3,1.16,14.49,29,8,1
118.11,314.84,0.375,-196.73,4,7,1
76.25,131.12,0.582,-54.87,8,5,1
96.48,260.61,0.37,-164.12,19,7,1
73.89,87.96,0.84,-14.08,34,1,0
135.17,63.2,2.139,71.97,5,3,0
79.7,126.34,0.631,-46.64,8,3,1
127.85,131.5,0.972,-3.65,32,2,0
122.19,272.62,0.448,-150.43,6,6,1
67.47,194.6,0.347,-127.13,9,3,1
42.21,91.42,0.462,-49.2,32,4,1
66.85,180.15,0.371,-113.29,22,3,1
125.67,191.42,0.657,-65.75,3,7,1
41.87,99.79,0.42,-57.92,5,4,1
83.42,214.91,0.388,-131.49,6,5,1
122.85,272.66,0.451,-149.8,34,7,1
59.49,99.4,0.598,-39.92,90,4,0
99.91,198.8,0.503,-98.89,20,6,1
44.39,97.27,0.456,-52.88,9,9,1
25.3,24.88,1.017,0.42,1,6,0
121.21,301.32,0.402,-180.11,16,5,1
23.86,68.37,0.349,-44.51,6,1,1
47.99,74.68,0.643,-26.69,14,8,1
129.72,284.45,0.456,-154.73,13,5,1
58.51,133.98,0.437,-75.47,9,5,1
146.23,305.33,0.479,-159.1,40,3,1
147.16,261.54,0.563,-114.38,1,10,1
47.56,127.48,0.373,-79.92,17,2,1
15.74,23.8,0.661,-8.06,7,1,1
108.71,50.55,2.151,58.16,17,9,0
73.14,188.72,0.388,-115.58,15,5,1
24.11,51.1,0.472,-26.99,1,10,1
109.05,282.77,0.386,-173.72,4,4,1
14.36,9.68,1.484,4.68,2,7,0
131.83,50.49,2.611,81.33,2,4,0
29.41,83.02,0.354,-53.61,18,2,1
27.82,19.45,1.431,8.38,3,9,0
34.59,86.0,0.402,-51.41,9,8,1
144.44,364.37,0.396,-219.93,3,4,1
107.04,236.94,0.452,-129.9,12,8,1
122.19,79.96,1.528,42.23,17,9,1
65.67,138.03,0.476,-72.37,5,2,1
57.08,154.16,0.37,-97.07,12,4,1
42.83,62.05,0.69,-19.23,24,6,1
77.29,109.48,0.706,-32.19,1,7,1
87.26,130.51,0.669,-43.25,17,5,1
98.45,51.4,1.915,47.05,5,10,0
46.0,124.58,0.369,-78.58,1,10,1
142.81,377.99,0.378,-235.18,11,7,1
33.77,101.11,0.334,-67.34,3,4,1
145.19,272.96,0.532,-127.77,24,8,1
12.08,28.12,0.43,-16.04,1,3,1
77.36,65.54,1.18,11.82,1,3,0
56.67,119.14,0.476,-62.47,10,5,1
72.88,149.71,0.487,-76.83,12,6,1
89.89,245.7,0.366,-155.81,18,3,1
70.98,180.52,0.393,-109.54,4,10,1
68.08,192.93,0.353,-124.85,25,2,1
112.58,297.87,0.378,-185.29,42,5,1
106.02,280.48,0.378,-174.46,9,10,1
126.66,59.79,2.118,66.87,20,6,0
44.99,116.27,0.387,-71.28,10,3,1
95.33,184.97,0.515,-89.63,1,7,1
91.93,122.01,0.753,-30.08,5,3,1
61.76,27.95,2.21,33.81,1,2,0
78.05,166.22,0.47,-88.17,62,10,1
53.93,63.97,0.843,-10.04,3,4,0
29.86,46.67,0.64,-16.81,14,3,1
39.93,85.48,0.467,-45.55,4,7,1
24.77,68.41,0.362,-43.64,14,8,1
105.63,267.1,0.395,-161.47,3,3,1
102.5,155.46,0.659,-52.95,21,6,1
143.08,192.74,0.742,-49.65,1,1,0
112.15,106.26,1.056,5.9,31,5,0
17.29,22.57,0.766,-5.28,25,2,1
133.79,80.25,1.667,53.54,15,1,0
130.77,382.12,0.342,-251.35,1,7,1
72.06,133.29,0.541,-61.22,3,10,1
92.02,59.36,1.55,32.66,27,4,0
146.65,183.69,0.798,-37.04,1,5,1
84.52,150.2,0.563,-65.67,2,2,1
136.75,237.77,0.575,-101.03,10,8,1
21.63,8.56,2.526,13.06,4,10,0
36.75,105.36,0.349,-68.62,3,3,1
71.71,74.83,0.958,-3.12,12,7,1
91.87,31.57,2.91,60.29,6,1,0
124.27,62.93,1.975,61.34,2,10,0
148.36,276.91,0.536,-128.55,10,1,0
64.44,43.3,1.488,21.13,6,7,0
16.64,6.87,2.423,9.77,18,1,0
122.16,161.87,0.755,-39.7,1,9,1
94.61,187.47,0.505,-92.86,13,9,1
37.8,22.75,1.661,15.04,8,8,0
79.28,90.85,0.873,-11.57,7,8,1
113.92,162.68,0.7,-48.75,3,4,1
117.86,86.1,1.369,31.76,1,4,0
79.95,133.22,0.6,-53.28,26,5,1
52.73,27.95,1.887,24.78,5,9,0
146.32,62.28,2.35,84.05,15,3,0
102.87,175.25,0.587,-72.38,41,4,1
67.15,65.09,1.032,2.06,11,10,1
49.26,27.47,1.794,21.8,7,5,0
112.35,162.3,0.692,-49.95,4,7,1
43.91,121.66,0.361,-77.75,38,5,1
34.04,76.77,0.443,-42.73,16,9,1
84.18,210.62,0.4,-126.45,15,6,1
50.6,134.3,0.377,-83.7,7,3,1
98.05,286.89,0.342,-188.85,26,6,0
26.51,62.59,0.424,-36.08,17,6,1
101.69,197.56,0.515,-95.86,4,10,1
49.66,63.9,0.777,-14.24,12,1,0
10.03,7.93,1.265,2.1,7,7,0
27.77,59.82,0.464,-32.05,1,3,1
140.71,420.2,0.335,-279.49,23,1,1
131.43,205.28,0.64,-73.85,1,1,1
42.71,96.25,0.444,-53.55,9,5,1
118.97,194.73,0.611,-75.76,5,10,1
95.2,139.58,0.682,-44.38,5,10,1
145.93,205.44,0.71,-59.51,9,2,1
62.3,103.58,0.602,-41.28,81,2,0
105.4,136.04,0.775,-30.63,7,4,1
18.9,43.87,0.431,-24.97,2,10,1
65.47,174.2,0.376,-108.72,13,7,1
144.93,388.97,0.373,-244.04,3,8,1
85.46,78.18,1.093,7.28,1,10,1
50.3,136.77,0.368,-86.47,1,7,1
26.84,32.8,0.818,-5.96,1,9,1
108.49,123.15,0.881,-14.66,7,7,1
100.28,226.86,0.442,-126.58,7,4,1
62.35,70.0,0.891,-7.65,2,9,1
143.13,63.41,2.257,79.72,21,9,0
13.11,17.16,0.764,-4.05,1,3,1
52.52,118.07,0.445,-65.54,34,10,1
138.95,164.35,0.845,-25.4,12,8,1
54.93,109.85,0.5,-54.92,1,1,1
45.32,94.36,0.48,-49.05,46,2,1
84.79,193.42,0.438,-108.62,5,8,1
125.33,341.19,0.367,-215.85,8,8,1
24.44,35.88,0.681,-11.44,4,6,1
142.02,106.43,1.334,35.6,18,8,0
121.31,140.85,0.861,-19.54,9,8,1
35.38,51.89,0.682,-16.51,1,2,1
109.68,244.32,0.449,-134.63,1,3,1
63.89,21.43,2.981,42.46,18,7,0
66.32,76.44,0.868,-10.12,3,3,0
119.66,287.85,0.416,-168.19,2,2,1
144.79,305.7,0.474,-160.91,9,6,1
27.73,63.11,0.439,-35.38,22,2,1
68.89,171.66,0.401,-102.77,4,2,1
77.33,186.74,0.414,-109.4,4,2,1
62.68,134.26,0.467,-71.58,25,4,1
60.85,90.48,0.672,-29.64,2,7,1
17.32,51.19,0.338,-33.87,13,6,1
105.98,194.62,0.545,-88.65,43,5,1
71.07,60.23,1.18,10.84,25,4,0
37.27,40.65,0.917,-3.38,1,2,0
124.24,269.94,0.46,-145.69,5,8,1
122.36,342.21,0.358,-219.85,2,2,1
78.09,61.11,1.278,16.98,41,8,1
51.78,27.05,1.914,24.73,59,10,0
99.33,266.23,0.373,-166.89,3,4,1
50.34,139.51,0.361,-89.17,15,5,1
43.04,45.03,0.956,-1.99,25,1,0
112.27,148.05,0.758,-35.78,3,2,1
15.65,32.58,0.48,-16.94,2,8,1
23.27,27.71,0.84,-4.44,1,1,0
10.95,29.22,0.375,-18.27,7,3,1
31.41,18.55,1.694,12.86,32,2,0
19.66,7.91,2.484,11.74,32,10,0
149.41,128.93,1.159,20.48,1,5,1
50.43,54.09,0.932,-3.65,3,4,1
30.9,18.69,1.653,12.21,7,4,0
43.74,20.88,2.095,22.86,21,4,0
141.06,330.09,0.427,-189.04,13,4,1
82.82,61.58,1.345,21.24,10,4,0
61.07,169.03,0.361,-107.95,12,6,1
132.27,171.11,0.773,-38.84,1,2,0
65.3,137.82,0.474,-72.52,9,4,1
56.9,51.7,1.101,5.2,67,7,1
39.02,37.02,1.054,2.0,1,7,0
62.89,116.46,0.54,-53.57,10,1,1
54.34,98.55,0.551,-44.21,4,10,1
104.82,249.01,0.421,-144.19,10,9,1
50.54,118.58,0.426,-68.03,11,7,0
90.81,191.68,0.474,-100.87,12,6,1
19.22,29.08,0.661,-9.86,26,2,1
36.78,99.48,0.37,-62.7,6,6,1
67.04,132.8,0.505,-65.76,10,5,1
141.17,419.78,0.336,-278.61,1,9,1
62.82,157.81,0.398,-95.0,21,1,1
102.97,43.21,2.383,59.76,4,5,0
45.71,53.28,0.858,-7.57,23,3,0
27.78,51.24,0.542,-23.45,4,9,1
18.2,40.9,0.445,-22.71,1,1,1
52.76,94.22,0.56,-41.46,2,6,1
32.07,77.7,0.413,-45.62,59,3,1
34.36,36.53,0.941,-2.17,5,1,0
116.51,92.8,1.255,23.7,1,3,0
12.22,5.44,2.244,6.77,1,2,0
88.09,162.79,0.541,-74.7,5,10,1
63.12,136.3,0.463,-73.18,1,8,1
80.92,95.53,0.847,-14.61,10,3,1
88.8,173.75,0.511,-84.95,3,7,1
53.87,23.75,2.268,30.12,10,10,0
51.32,29.15,1.76,22.16,2,6,0
112.68,247.29,0.456,-134.62,7,7,1
131.98,170.75,0.773,-38.77,12,7,1
36.96,78.08,0.473,-41.12,1,10,1
23.67,60.25,0.393,-36.58,7,1,1
135.69,353.08,0.384,-217.39,5,4,1
58.99,45.12,1.307,13.87,3,4,1
87.18,140.63,0.62,-53.44,12,5,1
60.34,137.66,0.438,-77.33,12,10,1
27.61,65.99,0.418,-38.37,13,5,1
92.51,223.74,0.413,-131.23,2,8,1
83.52,76.51,1.092,7.01,4,4,1
38.42,31.5,1.22,6.92,3,1,0
73.26,138.69,0.528,-65.43,10,5,1
121.57,279.73,0.435,-158.16,8,1,1
92.66,107.64,0.861,-14.98,5,3,1
23.57,13.73,1.716,9.84,21,8,0
86.72,193.84,0.447,-107.12,1,10,1
108.38,120.22,0.902,-11.83,51,5,0
120.98,90.63,1.335,30.34,1,7,0
98.08,68.54,1.431,29.54,20,1,0
31.37,36.09,0.869,-4.71,6,6,1
109.42,207.93,0.526,-98.51,28,8,1
104.83,132.89,0.789,-28.06,1,6,1
13.42,4.77,2.811,8.65,6,4,0
67.64,37.99,1.78,29.65,5,8,0
56.61,61.39,0.922,-4.78,69,8,0
103.72,215.86,0.48,-112.14,59,6,1
40.26,22.79,1.767,17.47,2,8,0
92.72,168.18,0.551,-75.45,13,6,1
137.85,85.98,1.603,51.87,10,4,0
121.69,106.04,1.148,15.65,2,6,1
139.0,106.33,1.307,32.68,2,9,0
146.99,70.78,2.077,76.21,63,8,0
11.49,24.28,0.473,-12.79,8,7,1
97.18,150.75,0.645,-53.57,1,5,1
67.8,172.47,0.393,-104.67,3,7,1
130.38,73.93,1.764,56.45,4,1,0
45.25,31.26,1.448,13.99,10,8,1
147.34,166.12,0.887,-18.78,5,5,1
95.92,227.12,0.422,-131.2,8,7,1
121.1,136.3,0.888,-15.2,2,7,1
21.98,30.84,0.713,-8.85,5,8,1
35.68,39.76,0.897,-4.08,1,7,1
116.18,60.02,1.936,56.16,30,6,0
13.08,37.1,0.353,-24.02,3,6,1
124.36,221.5,0.561,-97.13,19,5,1
11.95,29.01,0.412,-17.06,6,5,1
102.0,211.9,0.481,-109.91,9,4,1
61.11,103.19,0.592,-42.08,4,7,1
95.61,51.83,1.845,43.78,16,3,0
107.44,218.69,0.491,-111.25,26,5,1
57.95,41.69,1.39,16.25,4,3,0
25.11,35.63,0.705,-10.52,3,8,1
19.75,39.47,0.5,-19.72,16,5,1
92.45,222.99,0.415,-130.54,3,10,1
82.89,178.19,0.465,-95.29,14,6,1
113.91,240.7,0.473,-126.8,1,1,1
81.36,57.15,1.424,24.21,13,4,0
69.14,85.36,0.81,-16.22,10,9,1
65.73,27.34,2.405,38.4,1,5,0
13.7,30.73,0.446,-17.03,14,1,1
56.98,163.64,0.348,-106.66,8,4,1
146.64,148.56,0.987,-1.92,3,6,1
132.3,71.01,1.863,61.28,6,7,0
56.11,88.89,0.631,-32.77,9,7,1
92.29,241.17,0.383,-148.87,1,8,1
128.62,230.28,0.559,-101.65,44,5,1
71.78,30.6,2.346,41.18,15,6,0
12.51,36.67,0.341,-24.16,1,2,1
20.43,51.84,0.394,-31.41,24,10,1
81.45,53.38,1.526,28.08,5,2,0
145.72,406.4,0.359,-260.67,12,3,1
107.05,162.38,0.659,-55.33,4,4,1
19.93,25.99,0.767,-6.06,18,6,1
36.51,56.4,0.647,-19.89,17,6,1
117.99,301.26,0.392,-183.27,11,3,1
127.8,265.9,0.481,-138.1,3,1,1
96.48,44.38,2.174,52.1,4,3,0
100.22,289.19,0.347,-188.97,6,4,1
13.97,9.76,1.431,4.2,2,9,0
125.99,291.43,0.432,-165.43,5,10,1
120.36,242.83,0.496,-122.47,16,8,1
46.26,37.3,1.24,8.96,24,4,0
109.21,83.11,1.314,26.1,5,7,1
40.08,106.21,0.377,-66.13,3,9,1
15.65,22.42,0.698,-6.78,25,2,0
38.16,78.89,0.484,-40.73,30,3,1
35.01,58.15,0.602,-23.14,7,1,1
57.28,129.68,0.442,-72.4,1,8,1
68.58,109.32,0.627,-40.74,16,2,1
81.2,87.36,0.929,-6.16,21,7,1
76.75,98.32,0.781,-21.58,1,7,1
47.89,125.46,0.382,-77.57,12,3,1
14.08,22.02,0.64,-7.94,12,2,1
94.71,83.0,1.141,11.71,6,3,0
65.4,184.66,0.354,-119.26,19,8,1
51.81,126.99,0.408,-75.17,7,9,1
131.37,59.16,2.221,72.22,15,8,0
114.54,343.31,0.334,-228.76,10,2,1
130.09,283.11,0.459,-153.02,3,9,1
79.3,58.1,1.365,21.19,13,6,0
28.33,26.64,1.063,1.69,18,2,0
107.47,233.17,0.461,-125.7,51,9,1
38.85,93.45,0.416,-54.6,6,5,1
71.77,67.85,1.058,3.92,1,6,0
19.1,18.98,1.006,0.12,61,1,0
125.54,141.77,0.886,-16.22,13,2,0
27.63,52.91,0.522,-25.27,40,1,1
136.43,104.22,1.309,32.21,1,4,0
130.99,76.17,1.72,54.83,5,2,0
75.04,160.06,0.469,-85.02,2,1,1
114.21,274.51,0.416,-160.3,25,3,1
96.72,159.83,0.605,-63.11,29,4,1
122.43,157.0,0.78,-34.57,9,4,1
70.45,103.32,0.682,-32.87,2,3,1
120.01,161.86,0.741,-41.85,1,2,1
74.74,216.16,0.346,-141.41,12,8,1
141.74,336.46,0.421,-194.72,9,10,1
78.09,67.3,1.16,10.79,16,2,0
74.77,99.99,0.748,-25.22,5,5,1
119.91,212.1,0.565,-92.19,7,7,1
125.02,244.42,0.511,-119.4,1,9,1
87.63,137.06,0.639,-49.43,13,3,0
35.17,87.48,0.402,-52.31,7,1,1
75.49,179.09,0.421,-103.61,35,9,1
145.53,242.15,0.601,-96.62,14,1,1
115.42,300.89,0.384,-185.47,7,8,1
123.56,287.65,0.43,-164.08,4,2,1
14.6,35.06,0.416,-20.47,32,7,1
75.5,217.61,0.347,-142.11,1,3,1
100.53,102.48,0.981,-1.96,5,6,1
126.2,129.06,0.978,-2.86,40,6,1
16.9,45.63,0.37,-28.73,14,4,1
129.34,308.48,0.419,-179.14,10,8,1
86.78,243.12,0.357,-156.34,3,5,1
37.62,17.7,2.126,19.92,25,7,0
54.42,108.56,0.501,-54.14,3,5,1
49.47,34.16,1.448,15.31,3,4,0
84.32,140.02,0.602,-55.7,2,6,1
17.24,12.42,1.388,4.82,2,3,0
32.2,20.79,1.548,11.4,42,6,0
123.78,41.2,3.004,82.58,12,6,0
28.56,57.18,0.5,-28.61,14,6,1
42.68,54.17,0.788,-11.5,43,3,0
73.47,42.91,1.712,30.56,3,8,0
82.4,96.54,0.853,-14.14,1,4,1
116.91,88.4,1.322,28.51,12,2,0
72.63,206.45,0.352,-133.82,9,7,1
120.58,140.36,0.859,-19.78,9,8,1
96.57,116.04,0.832,-19.48,1,4,0
25.83,66.33,0.389,-40.5,8,6,1
31.89,65.33,0.488,-33.45,4,8,1
71.18,157.85,0.451,-86.66,4,5,1
65.56,132.26,0.496,-66.69,3,9,1
114.1,325.71,0.35,-211.62,5,6,1
91.3,78.42,1.164,12.88,6,6,0
64.34,191.11,0.337,-126.77,5,2,1
33.91,86.24,0.393,-52.34,53,7,1
41.76,78.93,0.529,-37.17,37,9,1
90.57,189.15,0.479,-98.58,11,5,1
69.28,142.15,0.487,-72.87,55,5,1
82.09,37.57,2.185,44.52,66,5,0
33.89,30.12,1.125,3.77,6,1,0
102.81,297.73,0.345,-194.92,8,5,1
129.36,225.44,0.574,-96.08,44,10,1
46.11,60.94,0.757,-14.83,13,8,1
78.81,185.8,0.424,-106.99,3,3,1
146.57,251.55,0.583,-104.98,16,9,1
56.65,19.01,2.98,37.64,3,9,0
93.31,213.47,0.437,-120.16,5,6,1
22.63,51.52,0.439,-28.89,3,4,1
94.84,70.74,1.341,24.1,3,4,0
22.55,65.01,0.347,-42.46,1,1,1
144.29,130.52,1.106,13.77,29,10,1
110.19,169.25,0.651,-59.05,4,5,1
120.34,73.38,1.64,46.96,1,5,0
108.57,209.43,0.518,-100.85,1,5,1
92.56,121.6,0.761,-29.04,11,1,0
72.99,91.5,0.798,-18.51,69,1,0
130.17,329.71,0.395,-199.53,2,10,1
143.96,46.9,3.069,97.05,1,2,0
79.87,196.03,0.407,-116.16,8,1,1
140.41,258.77,0.543,-118.36,11,8,1
91.67,271.56,0.338,-179.89,4,4,1
85.37,161.48,0.529,-76.11,5,6,1
73.63,33.1,2.225,40.53,7,8,0
39.3,17.16,2.29,22.14,5,5,0
10.52,28.24,0.373,-17.72,34,6,1
43.81,112.65,0.389,-68.84,1,4,1
81.36,100.39,0.81,-19.03,3,6,1
63.19,124.41,0.508,-61.22,23,6,1
72.79,118.05,0.617,-45.27,25,3,1
147.29,428.81,0.343,-281.52,1,4,1
59.04,169.14,0.349,-110.1,50,6,1
73.31,216.72,0.338,-143.41,16,8,1
28.69,75.73,0.379,-47.04,4,7,1
16.71,46.06,0.363,-29.35,8,4,1
118.56,105.12,1.128,13.44,4,3,0
89.9,228.67,0.393,-138.77,2,8,1
116.5,257.92,0.452,-141.42,4,6,1
30.98,89.83,0.345,-58.85,12,8,1
90.06,165.92,0.543,-75.86,24,9,1
45.51,24.12,1.887,21.39,6,9,0
41.93,80.21,0.523,-38.28,5,10,1
11.61,25.01,0.464,-13.4,8,9,1
28.25,25.28,1.117,2.97,14,10,1
53.3,72.7,0.733,-19.41,19,1,1
26.36,50.51,0.522,-24.15,5,3,1
148.02,193.92,0.763,-45.9,12,9,1
53.21,69.83,0.762,-16.62,6,4,1
28.25,18.62,1.517,9.62,17,10,1
37.87,107.56,0.352,-69.68,2,2,1
92.28,214.67,0.43,-122.39,4,1,1
18.97,5.75,3.296,13.21,7,5,0
130.74,309.48,0.422,-178.74,30,4,1
144.61,332.23,0.435,-187.62,11,5,1
44.54,14.53,3.065,30.01,47,5,0
73.01,94.77,0.77,-21.75,1,8,1
13.1,25.39,0.516,-12.29,8,6,1
99.7,151.79,0.657,-52.09,7,3,1
67.95,163.12,0.417,-95.17,12,9,1
47.81,69.26,0.69,-21.45,23,8,1
38.96,27.87,1.398,11.09,25,9,0
101.56,298.22,0.341,-196.66,15,4,1
68.27,65.1,1.049,3.17,14,8,1
35.15,78.66,0.447,-43.51,41,3,1
106.48,73.1,1.457,33.38,6,5,0
89.11,105.89,0.842,-16.78,25,7,0
130.21,194.47,0.67,-64.26,35,1,0
26.45,21.66,1.221,4.79,9,1,0
119.99,181.78,0.66,-61.78,18,3,1
104.29,75.54,1.381,28.75,6,4,0
26.1,47.23,0.553,-21.12,2,1,1
107.27,224.42,0.478,-117.15,12,8,1
71.82,33.65,2.134,38.17,3,2,0
142.3,377.38,0.377,-235.08,8,5,1
29.83,23.86,1.25,5.97,28,6,0
100.0,90.84,1.101,9.15,1,6,1
63.48,132.39,0.479,-68.91,1,6,1
143.95,225.38,0.639,-81.42,13,1,0
56.2,92.63,0.607,-36.44,5,3,1
144.71,93.48,1.548,51.22,7,3,0
136.21,337.18,0.404,-200.97,7,8,1
47.85,94.08,0.509,-46.23,1,6,1
122.5,81.52,1.503,40.97,1,2,0
149.38,195.66,0.763,-46.28,32,1,1
45.37,112.89,0.402,-67.52,3,4,1
71.15,130.53,0.545,-59.38,7,1,1
82.83,49.14,1.685,33.68,50,5,0
51.29,67.01,0.765,-15.72,24,8,1
12.14,11.59,1.047,0.54,1,10,1
40.82,69.27,0.589,-28.46,9,2,1
49.47,127.49,0.388,-78.02,18,8,1
72.1,106.56,0.677,-34.46,16,8,1
33.95,49.91,0.68,-15.96,20,6,1
132.26,362.97,0.364,-230.71,8,8,1
108.69,201.69,0.539,-93.0,2,2,1
21.93,40.1,0.547,-18.17,8,7,1
101.01,101.74,0.993,-0.72,14,8,1
101.51,197.02,0.515,-95.51,13,4,1
143.87,266.87,0.539,-123.0,1,9,1
10.42,14.3,0.729,-3.87,1,6,1
44.71,133.01,0.336,-88.3,47,3,1
139.89,375.06,0.373,-235.17,2,4,1
140.5,326.5,0.43,-186.0,4,4,1
110.88,194.14,0.571,-83.25,20,1,0
117.21,181.38,0.646,-64.18,7,10,1
22.81,18.23,1.251,4.58,2,1,0
81.94,92.23,0.889,-10.28,8,1,0
42.42,101.37,0.418,-58.95,11,4,1
35.37,53.94,0.656,-18.57,8,1,0
123.44,331.09,0.373,-207.65,35,6,1
28.91,20.22,1.43,8.69,4,2,0
75.61,126.46,0.598,-50.85,15,1,1
141.4,289.42,0.489,-148.02,1,7,1
36.02,61.07,0.59,-25.05,6,6,1
146.92,396.82,0.37,-249.9,18,1,1
149.2,443.4,0.336,-294.2,3,10,1
87.79,53.79,1.632,33.99,12,9,0
33.82,22.01,1.536,11.81,2,6,0
54.25,35.37,1.534,18.89,1,2,0
69.43,148.52,0.467,-79.09,10,7,1
53.31,69.63,0.766,-16.32,15,3,1
49.29,112.38,0.439,-63.09,1,7,1
146.11,203.79,0.717,-57.68,34,9,1
31.47,62.77,0.501,-31.3,3,5,1
112.67,267.99,0.42,-155.32,1,1,1
10.06,17.9,0.562,-7.85,3,5,1
93.47,164.19,0.569,-70.72,2,8,1
138.23,74.4,1.858,63.83,1,8,0
50.31,70.89,0.71,-20.58,22,3,1
35.97,63.8,0.564,-27.83,9,4,1
101.24,156.65,0.646,-55.41,6,8,1
109.76,299.89,0.366,-190.12,42,8,1
106.32,292.14,0.364,-185.82,6,7,1
54.7,137.81,0.397,-83.11,2,6,1
45.31,59.5,0.761,-14.2,4,4,1
143.83,321.7,0.447,-177.87,3,10,1
139.26,190.41,0.731,-51.15,9,9,1
74.02,68.69,1.078,5.33,4,2,0
128.47,157.48,0.816,-29.01,10,2,0
73.33,36.05,2.034,37.28,15,1,0
69.41,83.01,0.836,-13.59,21,3,1
31.95,49.33,0.648,-17.38,17,3,1
69.7,200.71,0.347,-131.02,3,4,1
85.24,97.7,0.872,-12.46,1,3,1
13.15,35.99,0.365,-22.84,10,10,1
72.18,66.25,1.089,5.92,3,6,1
119.39,97.38,1.226,22.01,1,9,1
105.21,178.99,0.588,-73.78,10,8,1
98.92,209.3,0.473,-110.38,5,6,1
137.34,57.64,2.383,79.7,19,8,0
12.52,11.23,1.115,1.29,5,8,1
87.99,134.65,0.653,-46.66,53,10,1
120.23,143.52,0.838,-23.29,19,6,0
85.79,190.8,0.45,-105.01,1,2,1
55.35,92.99,0.595,-37.64,9,5,1
29.08,21.31,1.364,7.76,11,4,0
134.26,364.52,0.368,-230.26,16,6,1
75.91,82.8,0.917,-6.9,9,2,0
132.94,302.3,0.44,-169.37,9,4,1
92.02,221.38,0.416,-129.36,6,8,1
104.39,302.78,0.345,-198.39,4,1,1
122.6,201.79,0.608,-79.19,40,3,1
102.28,200.75,0.509,-98.47,5,4,1
65.73,79.15,0.83,-13.42,1,2,0
81.91,174.55,0.469,-92.65,2,2,1
122.43,189.9,0.645,-67.47,27,6,1
62.31,92.32,0.675,-30.01,12,6,1
64.34,167.9,0.383,-103.57,21,3,1
23.4,10.19,2.296,13.21,23,8,0
138.04,370.13,0.373,-232.09,24,3,1
22.75,59.15,0.385,-36.41,11,2,1
100.75,167.97,0.6,-67.22,2,5,1
67.85,110.15,0.616,-42.31,2,7,1
66.79,85.28,0.783,-18.49,11,1,0
105.14,313.76,0.335,-208.62,6,2,1
19.39,11.64,1.666,7.75,11,2,0
93.12,176.33,0.528,-83.21,9,8,1
118.08,252.76,0.467,-134.68,12,10,1
125.95,355.52,0.354,-229.57,1,6,1
33.87,81.52,0.416,-47.65,1,4,1
135.64,276.48,0.491,-140.85,17,4,1
101.86,62.68,1.625,39.18,3,5,0
133.46,174.71,0.764,-41.25,14,3,1
77.94,52.6,1.482,25.34,11,4,0
85.88,230.11,0.373,-144.22,56,4,1
138.67,322.26,0.43,-183.59,25,7,1
135.99,318.94,0.426,-182.95,7,7,1
72.74,149.93,0.485,-77.19,13,1,1
48.42,80.81,0.599,-32.39,1,3,1
65.04,45.85,1.419,19.19,6,9,0
64.29,76.51,0.84,-12.23,18,6,1
50.16,33.59,1.493,16.57,13,6,0
47.6,107.45,0.443,-59.85,9,4,1
130.55,95.64,1.365,34.91,2,10,1
19.78,43.43,0.455,-23.65,22,9,1
104.87,227.46,0.461,-122.6,4,3,1
34.19,52.66,0.649,-18.47,24,8,1
58.23,38.73,1.503,19.5,13,6,0
18.62,21.41,0.87,-2.79,6,2,0
47.8,55.65,0.859,-7.85,1,3,1
117.58,257.62,0.456,-140.04,3,1,1
133.9,81.29,1.647,52.61,30,3,0
41.01,104.11,0.394,-63.1,23,4,1
74.9,176.36,0.425,-101.46,11,6,1
75.85,60.91,1.245,14.94,8,10,1
132.3,296.58,0.446,-164.28,14,7,1
116.79,245.85,0.475,-129.05,8,3,0
81.83,189.84,0.431,-108.01,14,7,1
103.9,84.17,1.234,19.73,5,4,0
128.63,93.32,1.378,35.31,25,1,0
11.34,10.64,1.066,0.7,16,1,0
66.4,85.52,0.776,-19.11,5,8,1
137.01,334.71,0.409,-197.7,24,10,1
113.64,260.52,0.436,-146.87,9,7,1
86.0,240.68,0.357,-154.69,2,4,1
84.15,38.57,2.182,45.58,1,1,0
58.69,19.44,3.019,39.25,16,6,0
82.87,181.3,0.457,-98.43,28,10,1
101.75,107.26,0.949,-5.5,23,7,1
68.57,82.42,0.832,-13.85,14,6,1
109.98,195.37,0.563,-85.39,2,6,1
130.57,75.28,1.735,55.3,1,8,0
31.66,64.43,0.491,-32.77,5,6,1
73.22,86.24,0.849,-13.03,27,2,0
67.12,134.8,0.498,-67.68,45,7,1
106.25,271.12,0.392,-164.87,3,10,1
44.98,34.28,1.312,10.71,20,4,0
99.64,280.31,0.355,-180.67,11,3,1
132.85,230.21,0.577,-97.36,1,8,1
68.54,191.35,0.358,-122.81,10,10,1
137.54,118.41,1.162,19.14,22,5,0
149.04,288.0,0.518,-138.96,4,4,1
24.85,34.56,0.719,-9.7,31,4,0
42.63,101.9,0.418,-59.27,3,5,1
143.05,276.94,0.517,-133.89,1,4,1
144.17,235.74,0.612,-91.57,2,3,1
23.68,65.47,0.362,-41.79,25,4,1
12.1,15.95,0.759,-3.85,7,10,1
32.55,29.1,1.119,3.45,22,5,0
149.44,290.2,0.515,-140.76,10,2,1
35.2,69.87,0.504,-34.67,9,7,1
80.36,119.37,0.673,-39.02,23,5,1
128.78,207.83,0.62,-79.05,7,9,1
12.86,37.16,0.346,-24.31,22,6,1
94.63,215.59,0.439,-120.96,1,1,1
48.78,29.2,1.67,19.58,14,9,0
130.73,114.09,1.146,16.63,16,5,0
49.68,145.78,0.341,-96.09,32,9,1
106.15,240.04,0.442,-133.9,3,1,1
104.39,289.23,0.361,-184.84,12,2,1
41.01,45.95,0.893,-4.94,7,3,1
14.87,34.25,0.434,-19.38,6,5,1
67.29,149.92,0.449,-82.63,1,6,1
50.49,55.32,0.913,-4.83,2,5,0
123.26,220.29,0.56,-97.03,25,1,1
122.05,243.37,0.501,-121.32,19,4,1
73.98,118.3,0.625,-44.32,6,6,1
94.91,240.45,0.395,-145.54,24,4,1
94.6,241.1,0.392,-146.51,1,4,1
125.8,326.66,0.385,-200.86,13,5,1
69.5,171.61,0.405,-102.11,28,8,1
48.56,78.57,0.618,-30.0,25,5,1
47.1,62.64,0.752,-15.54,6,7,1
85.07,216.47,0.393,-131.4,19,8,1
72.88,118.33,0.616,-45.44,7,6,1
71.62,69.12,1.036,2.49,25,6,1
22.76,38.0,0.599,-15.24,10,2,1
110.6,75.54,1.464,35.06,20,10,0
39.92,86.53,0.461,-46.61,1,5,1
37.57,45.35,0.829,-7.78,12,1,0
67.79,68.04,0.996,-0.26,11,9,1
41.89,120.75,0.347,-78.86,13,7,1
91.74,219.95,0.417,-128.21,16,2,1
62.0,150.37,0.412,-88.36,35,6,1
72.85,144.53,0.504,-71.69,21,10,1
85.2,218.61,0.39,-133.41,3,9,1
38.49,90.45,0.426,-51.96,24,5,1
31.81,60.96,0.522,-29.16,1,3,1
133.26,385.79,0.345,-252.53,13,10,1
70.72,57.8,1.224,12.92,30,4,0
67.69,192.73,0.351,-125.04,1,3,1
14.99,20.74,0.723,-5.75,26,1,1
79.72,137.64,0.579,-57.93,22,10,1
87.58,55.3,1.584,32.28,9,7,0
88.24,155.15,0.569,-66.91,5,8,1
108.98,212.55,0.513,-103.56,7,2,1
34.85,104.33,0.334,-69.48,48,8,1
45.31,132.9,0.341,-87.59,3,9,1
123.5,359.3,0.344,-235.8,12,7,1
142.6,176.92,0.806,-34.32,1,1,1
29.03,86.41,0.336,-57.38,3,4,1
79.67,121.88,0.654,-42.21,20,7,1
39.98,103.96,0.385,-63.97,5,6,1
18.41,16.28,1.131,2.13,59,8,0
55.57,92.57,0.6,-37.0,9,6,1
30.12,87.59,0.344,-57.47,10,10,1
109.39,312.53,0.35,-203.14,1,6,1
84.72,181.82,0.466,-97.1,43,10,1
30.14,73.96,0.407,-43.82,2,6,1
11.29,8.77,1.288,2.53,10,7,0
123.14,276.88,0.445,-153.74,7,5,1
34.67,68.25,0.508,-33.58,7,9,1
94.87,51.91,1.828,42.96,14,7,0
57.17,34.62,1.651,22.55,15,1,0
91.97,54.52,1.687,37.45,2,9,0
54.19,122.24,0.443,-68.05,9,6,1
22.17,15.13,1.465,7.04,21,8,0
41.21,64.41,0.64,-23.2,8,9,1
36.33,45.91,0.791,-9.59,2,2,1
69.92,124.91,0.56,-54.98,5,2,1
102.16,225.52,0.453,-123.36,3,5,1
46.93,100.85,0.465,-53.91,1,5,1
11.69,19.78,0.591,-8.09,6,10,1
82.65,128.42,0.644,-45.76,10,10,1
94.81,130.27,0.728,-35.47,1,2,1
144.8,380.42,0.381,-235.62,12,10,1
92.53,110.41,0.838,-17.89,69,4,1
75.96,75.99,1.0,-0.02,46,9,1
90.28,208.26,0.433,-117.99,24,4,1
139.91,177.87,0.787,-37.97,4,1,0
125.97,325.88,0.387,-199.91,1,5,1
55.22,65.45,0.844,-10.23,25,2,0
43.22,94.87,0.456,-51.65,1,6,1
46.77,19.73,2.371,27.04,3,1,0
80.62,108.11,0.746,-27.49,11,7,1
114.17,140.05,0.815,-25.88,2,7,1
80.45,201.53,0.399,-121.08,25,4,1
19.49,56.74,0.344,-37.25,21,9,1
111.3,171.89,0.648,-60.59,19,3,1
122.84,310.41,0.396,-187.58,23,5,1
50.53,110.62,0.457,-60.09,3,5,1
102.98,299.86,0.343,-196.89,18,8,1
69.72,173.61,0.402,-103.89,6,10,1
134.48,68.47,1.964,66.0,15,10,0
128.33,285.65,0.449,-157.32,1,4,1
83.56,145.88,0.573,-62.32,17,1,1
106.81,36.78,2.904,70.03,50,5,0
133.67,130.8,1.022,2.87,1,1,0
79.4,221.43,0.359,-142.03,1,3,1
53.86,150.81,0.357,-96.96,1,6,1
115.51,283.8,0.407,-168.29,7,1,1
40.81,120.42,0.339,-79.61,4,10,1
64.39,159.55,0.404,-95.15,23,3,1
131.2,42.98,3.053,88.23,8,7,0
111.42,120.02,0.928,-8.6,9,2,0
66.53,25.46,2.613,41.07,17,6,0
40.06,22.2,1.805,17.86,6,7,0
59.84,53.31,1.122,6.53,6,2,0
49.77,82.61,0.603,-32.83,19,5,1
34.65,89.69,0.386,-55.04,21,10,1
114.07,299.69,0.381,-185.62,1,10,1
45.29,88.94,0.509,-43.65,2,1,1
73.58,206.48,0.356,-132.9,3,3,1
64.02,105.64,0.606,-41.62,6,1,1
147.49,398.28,0.37,-250.79,4,3,1
64.75,98.81,0.655,-34.06,15,4,1
21.2,22.23,0.954,-1.03,24,5,1
22.58,62.63,0.36,-40.06,2,4,1
92.71,124.91,0.742,-32.21,11,4,0
93.91,155.82,0.603,-61.91,6,9,1
68.63,81.52,0.842,-12.9,9,9,1
70.46,147.23,0.479,-76.78,13,9,1
17.55,52.42,0.335,-34.87,31,5,1
82.32,30.37,2.711,51.95,2,5,0
80.66,220.18,0.366,-139.51,1,2,1
30.94,9.61,3.22,21.33,13,6,0
24.54,31.49,0.779,-6.95,7,2,0
27.3,20.62,1.324,6.68,2,10,1
24.14,56.61,0.426,-32.47,1,5,1
95.36,41.64,2.29,53.72,11,5,0
37.51,67.3,0.557,-29.8,5,4,1
45.2,49.55,0.912,-4.35,83,5,0
34.3,22.67,1.513,11.63,7,7,0
144.1,343.51,0.419,-199.42,3,10,1
129.65,115.0,1.127,14.65,13,2,0
42.27,38.21,1.106,4.06,3,1,0
55.86,58.24,0.959,-2.39,9,4,1
39.38,74.21,0.531,-34.83,9,7,1
78.86,164.12,0.481,-85.26,8,1,1
12.75,4.43,2.877,8.32,22,4,0
103.99,99.11,1.049,4.88,3,6,0
83.24,121.83,0.683,-38.59,32,6,1
135.81,162.47,0.836,-26.66,21,1,0
33.01,88.72,0.372,-55.7,5,7,1
122.58,297.47,0.412,-174.89,2,5,1
120.87,240.53,0.503,-119.65,4,6,1
27.81,33.72,0.825,-5.91,5,1,1
65.8,144.22,0.456,-78.42,11,7,1
33.82,87.19,0.388,-53.36,1,4,1
45.66,87.03,0.525,-41.37,34,3,1
46.85,113.3,0.414,-66.44,1,4,1
87.87,204.09,0.431,-116.22,4,9,1
67.6,124.63,0.542,-57.03,1,5,1
142.68,163.07,0.875,-20.39,4,5,1
27.69,64.07,0.432,-36.38,25,8,1
146.32,125.59,1.165,20.73,13,7,1
42.29,101.69,0.416,-59.4,3,3,1
118.2,292.23,0.404,-174.03,28,1,1
57.46,144.78,0.397,-87.32,22,2,1
30.03,47.36,0.634,-17.32,19,3,1
130.1,106.65,1.22,23.46,26,1,0
53.24,30.31,1.757,22.93,13,1,0
102.24,235.87,0.433,-133.64,9,8,1
89.3,240.48,0.371,-151.18,6,8,1
76.05,156.45,0.486,-80.4,3,2,1
79.41,54.74,1.451,24.68,11,8,0
112.51,317.76,0.354,-205.25,30,2,0
22.29,66.21,0.337,-43.92,12,5,1
103.55,152.22,0.68,-48.68,35,1,0
135.41,258.1,0.525,-122.69,6,9,1
18.09,43.39,0.417,-25.3,16,4,1
29.69,67.94,0.437,-38.25,14,10,1
110.33,321.39,0.343,-211.06,15,2,1
71.22,43.46,1.639,27.76,14,1,0
66.5,124.21,0.535,-57.72,3,6,1
29.18,63.26,0.461,-34.08,2,8,1
80.95,218.82,0.37,-137.88,53,4,1
27.72,73.73,0.376,-46.01,1,1,1
76.73,225.62,0.34,-148.9,8,1,1
116.91,196.71,0.594,-79.8,7,6,1
46.16,117.38,0.393,-71.22,6,2,1
77.31,112.38,0.688,-35.07,21,5,1
148.88,214.43,0.694,-65.55,19,2,1
106.13,104.44,1.016,1.69,32,9,1
127.79,320.66,0.399,-192.87,7,2,1
68.08,201.63,0.338,-133.55,11,5,1
117.5,116.57,1.008,0.93,31,4,0
15.67,7.08,2.215,8.59,71,1,0
27.21,68.07,0.4,-40.86,48,10,1
38.43,75.88,0.506,-37.45,17,9,1
66.27,191.61,0.346,-125.34,2,3,1
128.4,125.97,1.019,2.43,1,10,1
58.48,28.76,2.033,29.72,24,8,0
101.65,165.64,0.614,-64.0,25,4,1
109.3,58.01,1.884,51.29,19,9,0
92.07,92.69,0.993,-0.63,4,5,0
60.01,38.42,1.562,21.6,14,2,0
90.79,82.18,1.105,8.61,5,8,1
57.92,33.97,1.705,23.94,8,4,0
21.74,62.52,0.348,-40.78,6,2,1
148.99,156.76,0.95,-7.77,34,6,1
27.81,41.67,0.667,-13.86,3,1,1
20.13,54.88,0.367,-34.75,12,8,1
132.99,283.11,0.47,-150.12,6,9,1
52.26,102.88,0.508,-50.62,15,7,1
101.04,222.8,0.454,-121.76,11,9,1
56.06,142.27,0.394,-86.21,36,2,1
64.8,173.01,0.375,-108.2,1,1,1
46.7,95.03,0.491,-48.34,3,7,1
58.03,156.85,0.37,-98.82,20,4,1
67.5,117.82,0.573,-50.32,6,10,1
110.86,116.26,0.954,-5.4,2,8,1
81.62,218.42,0.374,-136.8,9,3,1
142.1,250.38,0.568,-108.28,14,7,1
15.86,43.57,0.364,-27.71,1,7,1
80.43,32.85,2.448,47.58,4,10,0
91.79,126.06,0.728,-34.27,23,9,1
138.83,396.92,0.35,-258.09,10,4,1
16.88,16.44,1.027,0.44,1,10,1
90.29,256.62,0.352,-166.33,4,1,1
129.51,372.41,0.348,-242.9,14,7,1
43.87,117.65,0.373,-73.78,3,10,1
132.68,241.73,0.549,-109.05,24,6,1
12.67,25.92,0.489,-13.26,15,1,1
112.54,298.01,0.378,-185.47,8,9,1
140.64,336.81,0.418,-196.18,34,10,1
102.01,204.14,0.5,-102.14,6,8,1
71.46,210.97,0.339,-139.51,3,10,1
16.28,35.03,0.465,-18.75,15,4,1
138.82,407.26,0.341,-268.44,11,5,1
75.84,34.5,2.198,41.34,5,8,0
14.06,9.49,1.481,4.57,5,2,0
106.57,161.88,0.658,-55.31,7,6,1
77.46,103.73,0.747,-26.27,4,10,1
27.41,66.15,0.414,-38.74,17,2,1
40.0,29.34,1.363,10.65,14,8,0
19.03,55.86,0.341,-36.83,8,5,1
90.4,104.02,0.869,-13.62,7,10,1
97.08,141.56,0.686,-44.47,6,3,1
80.8,84.18,0.96,-3.38,4,2,0
124.39,231.91,0.536,-107.51,1,4,1
130.54,59.83,2.182,70.71,4,8,0
96.19,67.73,1.42,28.46,5,1,0
11.79,27.27,0.432,-15.48,11,10,1
107.33,86.25,1.244,21.09,20,3,0
68.52,64.13,1.069,4.39,7,1,0
89.18,217.69,0.41,-128.51,40,2,1
100.87,55.67,1.812,45.2,24,10,0
59.03,87.44,0.675,-28.41,58,7,1
138.39,50.14,2.76,88.26,29,1,0
28.76,35.55,0.809,-6.8,13,9,1
104.01,227.5,0.457,-123.49,12,8,1
10.61,5.76,1.841,4.85,1,1,0
139.45,376.31,0.371,-236.86,17,10,1
25.75,70.96,0.363,-45.21,12,1,1
23.28,13.59,1.714,9.7,9,2,0
56.62,168.45,0.336,-111.83,16,2,1
62.3,68.74,0.906,-6.44,8,6,1
40.0,21.08,1.897,18.92,10,1,0
91.92,28.83,3.188,63.08,7,4,0
72.01,101.03,0.713,-29.02,17,7,1
14.78,29.58,0.5,-14.79,29,9,1
54.75,65.53,0.836,-10.78,25,10,1
123.46,315.95,0.391,-192.49,21,3,1
106.56,238.14,0.447,-131.58,1,4,1
111.48,138.84,0.803,-27.36,34,5,1
107.74,245.92,0.438,-138.19,4,5,1
53.54,152.01,0.352,-98.47,30,2,1
23.95,13.21,1.814,10.75,3,5,0
48.15,54.23,0.888,-6.09,8,10,1
126.45,196.12,0.645,-69.67,19,1,1
147.27,242.19,0.608,-94.92,14,7,1
79.14,139.59,0.567,-60.46,7,5,1
11.36,12.63,0.9,-1.27,15,6,1
29.61,62.22,0.476,-32.61,11,9,1
55.09,112.48,0.49,-57.39,4,3,1
91.0,169.27,0.538,-78.27,14,1,1
20.51,12.45,1.647,8.06,3,8,0
142.07,225.58,0.63,-83.51,16,2,1
61.11,77.11,0.793,-16.0,1,2,1
137.76,223.97,0.615,-86.21,11,10,1
119.27,332.66,0.359,-213.38,7,4,1
115.76,184.92,0.626,-69.16,5,5,1
94.94,32.07,2.961,62.87,10,1,0
97.75,145.14,0.673,-47.39,14,3,1
99.32,249.87,0.397,-150.54,47,8,1
98.02,235.85,0.416,-137.83,25,6,1
87.52,147.58,0.593,-60.05,17,3,1
148.1,144.3,1.026,3.79,9,7,1
112.52,175.05,0.643,-62.53,6,6,1
118.77,216.4,0.549,-97.63,1,5,1
132.14,396.39,0.333,-264.24,6,8,1
40.19,81.96,0.49,-41.77,26,8,1
21.73,47.26,0.46,-25.53,6,3,1
77.61,126.26,0.615,-48.65,8,8,1
81.97,103.05,0.795,-21.08,4,10,1
126.09,314.58,0.401,-188.49,4,9,1
72.13,118.03,0.611,-45.9,1,10,1
89.92,268.47,0.335,-178.55,13,3,1
83.79,128.55,0.652,-44.76,8,8,1
15.35,7.42,2.068,7.93,13,8,0
96.13,206.0,0.467,-109.87,11,7,1
125.93,53.64,2.348,72.29,22,8,0
32.05,31.29,1.024,0.76,19,1,0
93.21,116.98,0.797,-23.78,20,3,1
93.11,213.83,0.435,-120.72,9,6,1
32.99,53.91,0.612,-20.93,6,7,1
27.28,10.3,2.65,16.99,37,7,0
147.21,289.34,0.509,-142.13,1,6,1
65.12,91.88,0.709,-26.76,2,4,1
41.84,116.69,0.359,-74.85,7,5,1
33.99,56.04,0.606,-22.05,13,9,0
103.46,229.09,0.452,-125.63,1,1,1
95.32,84.93,1.122,10.4,17,2,0
100.1,235.69,0.425,-135.59,11,5,1
22.32,50.15,0.445,-27.82,9,5,1
135.09,370.3,0.365,-235.2,7,7,1
64.5,25.24,2.555,39.26,10,8,0
53.87,81.25,0.663,-27.38,2,10,1
74.73,159.45,0.469,-84.72,1,6,1
64.61,35.98,1.796,28.63,4,6,0
130.9,184.39,0.71,-53.49,17,5,0
140.1,398.41,0.352,-258.31,12,5,1
52.48,77.52,0.677,-25.04,9,8,1
130.95,387.69,0.338,-256.74,11,5,1
119.41,54.15,2.205,65.26,11,6,0
140.31,314.04,0.447,-173.73,5,3,1
44.41,82.98,0.535,-38.58,1,5,1
90.77,149.91,0.606,-59.14,31,9,1
48.44,141.5,0.342,-93.06,12,3,1
125.37,81.5,1.538,43.87,16,8,0
10.75,29.22,0.368,-18.47,8,7,1
89.07,192.97,0.462,-103.89,19,4,1
57.49,57.45,1.001,0.04,12,5,0
55.18,150.88,0.366,-95.7,1,8,1
100.29,146.33,0.685,-46.04,30,10,1
129.21,322.81,0.4,-193.61,5,7,1
95.29,128.62,0.741,-33.34,2,10,1
129.44,336.23,0.385,-206.79,1,10,1
47.04,94.98,0.495,-47.93,17,2,1
82.73,56.32,1.469,26.41,17,8,0
73.08,150.1,0.487,-77.03,16,8,1
11.63,9.5,1.225,2.13,34,9,0
87.95,124.21,0.708,-36.25,6,2,1
102.61,77.97,1.316,24.65,11,4,0
92.87,33.38,2.782,59.49,13,2,0
113.08,98.62,1.147,14.46,54,4,0
89.99,157.32,0.572,-67.33,5,3,1
19.35,30.96,0.625,-11.61,43,7,1
26.3,43.51,0.605,-17.2,2,5,1
93.51,90.58,1.032,2.92,20,7,0
48.5,104.27,0.465,-55.77,14,2,1
21.15,46.56,0.454,-25.41,23,4,1
70.14,88.84,0.79,-18.69,1,6,1
87.61,234.71,0.373,-147.1,1,5,1
56.02,114.23,0.49,-58.2,1,2,1
110.86,246.69,0.449,-135.83,12,7,1
100.13,105.02,0.953,-4.89,12,2,0
56.59,17.07,3.315,39.52,33,9,0
115.68,305.0,0.379,-189.32,8,7,1
100.82,254.11,0.397,-153.3,1,3,1
99.24,62.78,1.581,36.46,3,6,0
87.48,114.61,0.763,-27.13,1,5,1
11.59,24.18,0.479,-12.59,20,9,1
107.51,221.55,0.485,-114.04,23,3,1
62.65,164.32,0.381,-101.67,86,2,1
141.97,96.36,1.473,45.61,7,2,0
124.52,181.9,0.685,-57.38,1,4,1
92.28,51.91,1.778,40.37,3,1,0
45.31,61.25,0.74,-15.94,12,9,1
38.52,13.13,2.934,25.39,45,3,0
57.65,157.13,0.367,-99.47,1,5,1
76.72,132.19,0.58,-55.47,1,2,1
51.45,133.48,0.385,-82.03,16,8,1
82.09,37.9,2.166,44.19,15,3,0
33.15,30.31,1.094,2.85,4,5,1
146.88,146.93,1.0,-0.05,23,7,0
25.11,33.75,0.744,-8.64,1,2,1
140.47,346.65,0.405,-206.18,36,3,1
137.9,185.3,0.744,-47.4,3,8,1
83.55,71.23,1.173,12.32,1,10,1
111.49,53.01,2.103,58.48,5,8,0
71.05,36.56,1.943,34.48,2,3,0
98.2,230.99,0.425,-132.79,10,10,1
57.68,86.58,0.666,-28.9,16,7,1
52.16,117.92,0.442,-65.76,9,2,1
90.95,194.84,0.467,-103.88,15,9,1
79.74,53.06,1.503,26.67,6,8,0
91.14,62.5,1.458,28.63,1,9,0
50.13,117.28,0.427,-67.15,51,9,1
61.37,137.93,0.445,-76.56,23,7,1
21.75,28.72,0.757,-6.97,1,4,1
17.32,8.82,1.964,8.5,8,5,0
45.48,15.13,3.006,30.35,14,7,0
20.39,21.99,0.928,-1.59,2,5,1
24.53,7.97,3.078,16.56,12,10,0
123.81,114.05,1.086,9.76,10,8,1
15.44,22.12,0.698,-6.68,3,5,1
102.25,64.2,1.593,38.06,2,5,0
48.16,28.01,1.72,20.15,19,5,0
132.02,359.13,0.368,-227.12,5,4,1
77.9,146.51,0.532,-68.61,3,7,1
52.78,149.0,0.354,-96.22,18,2,1
82.47,101.75,0.811,-19.28,18,10,1
63.47,135.09,0.47,-71.62,4,4,1
89.0,75.89,1.173,13.11,28,3,0
26.03,51.28,0.508,-25.24,16,10,1
149.58,97.21,1.539,52.37,5,8,0
69.58,21.26,3.272,48.31,7,7,0
58.75,165.4,0.355,-106.64,18,3,1
109.43,196.78,0.556,-87.35,3,4,1
60.95,170.82,0.357,-109.87,8,4,1
126.66,152.16,0.832,-25.5,14,10,1
73.6,87.22,0.844,-13.62,10,7,1
110.74,153.01,0.724,-42.28,13,8,1
25.04,55.25,0.453,-30.21,11,4,1
128.46,234.78,0.547,-106.32,3,8,1
113.0,316.23,0.357,-203.23,7,1,1
39.64,14.62,2.712,25.03,10,9,0
30.34,67.12,0.452,-36.78,21,7,1
54.28,64.7,0.839,-10.42,14,4,1
146.65,115.36,1.271,31.29,7,8,0
45.96,77.12,0.596,-31.16,51,10,1
73.86,122.88,0.601,-49.02,1,2,1
14.2,9.51,1.493,4.69,3,8,0
65.61,55.45,1.183,10.16,5,10,1
89.98,126.16,0.713,-36.18,3,6,1
143.44,201.36,0.712,-57.92,13,7,1
82.34,95.3,0.864,-12.96,1,7,1
124.68,87.41,1.426,37.27,2,2,0
86.6,27.0,3.207,59.6,4,2,0
15.71,45.87,0.343,-30.16,16,4,1
54.1,154.05,0.351,-99.95,29,6,1
90.58,145.45,0.623,-54.88,22,4,1
143.08,427.34,0.335,-284.25,2,6,1
130.28,276.04,0.472,-145.76,11,5,1
41.97,20.39,2.058,21.58,1,6,0
40.82,25.22,1.619,15.6,5,9,0
38.16,105.85,0.361,-67.68,22,6,1
139.15,278.46,0.5,-139.31,8,6,1
129.37,333.34,0.388,-203.97,2,8,1
118.48,322.91,0.367,-204.42,8,5,1
64.98,98.09,0.662,-33.11,3,5,1
80.61,34.75,2.32,45.87,6,10,0
75.01,60.63,1.237,14.37,9,1,0
45.48,21.82,2.084,23.66,6,6,0
80.7,65.34,1.235,15.37,38,1,0
14.27,20.1,0.71,-5.83,11,8,1
28.45,17.62,1.615,10.84,25,10,0
134.12,100.62,1.333,33.51,20,9,0
115.24,173.28,0.665,-58.05,15,6,1
69.2,84.32,0.821,-15.12,9,9,1
82.4,128.77,0.64,-46.37,1,2,1
61.8,90.15,0.686,-28.35,13,9,1
113.71,231.98,0.49,-118.27,6,4,1
119.79,339.04,0.353,-219.26,1,3,1
116.86,69.09,1.691,47.77,8,1,0
111.17,63.14,1.761,48.02,18,1,0
38.63,100.54,0.384,-61.91,45,8,1
57.32,95.56,0.6,-38.25,6,2,1
75.78,179.54,0.422,-103.76,10,1,1
56.31,49.65,1.134,6.67,26,2,0
115.69,293.62,0.394,-177.93,5,3,1
56.11,156.79,0.358,-100.68,2,4,1
29.35,59.17,0.496,-29.82,4,9,1
65.87,38.59,1.707,27.28,32,7,0
147.19,399.95,0.368,-252.77,2,5,1
41.62,101.55,0.41,-59.93,5,5,1
95.7,222.73,0.43,-127.03,8,6,1
70.62,28.19,2.505,42.43,26,1,0
19.94,49.0,0.407,-29.06,38,6,1
78.3,52.66,1.487,25.65,7,6,0
108.3,97.52,1.111,10.78,37,5,0
81.85,152.1,0.538,-70.25,2,10,1
132.09,134.14,0.985,-2.04,2,9,1
50.45,105.22,0.479,-54.77,41,10,1
22.07,42.86,0.515,-20.79,9,10,1
141.12,83.54,1.689,57.58,2,5,0
62.95,130.38,0.483,-67.43,9,9,1
90.7,253.47,0.358,-162.77,21,10,1
120.88,88.85,1.361,32.03,24,7,0
55.4,105.94,0.523,-50.53,27,3,1
110.26,134.86,0.818,-24.59,11,9,1
28.96,44.62,0.649,-15.67,28,10,1
50.78,54.58,0.93,-3.8,9,7,1
30.26,38.01,0.796,-7.75,13,4,1
123.57,46.72,2.645,76.85,19,9,0
41.17,121.46,0.339,-80.29,7,6,1
110.44,219.43,0.503,-109.0,1,9,1
142.06,234.67,0.605,-92.61,6,4,1
83.89,112.08,0.748,-28.19,13,10,1
85.6,150.35,0.569,-64.74,2,2,1
74.54,98.87,0.754,-24.32,2,9,1
55.62,70.74,0.786,-15.12,4,10,1
76.59,118.92,0.644,-42.33,1,4,1
94.39,98.66,0.957,-4.26,19,2,0
148.04,116.38,1.272,31.66,4,7,0
141.29,254.72,0.555,-113.43,1,7,1
130.7,336.62,0.388,-205.92,16,5,1
134.48,95.83,1.403,38.64,25,5,0
75.5,29.32,2.575,46.18,1,8,0
102.04,98.61,1.035,3.43,3,6,1
135.31,398.52,0.34,-263.21,40,1,1
65.01,164.98,0.394,-99.97,6,4,1
144.65,276.11,0.524,-131.46,39,1,1
68.21,191.6,0.356,-123.39,4,5,1
94.15,141.44,0.666,-47.29,3,5,1
109.37,323.18,0.338,-213.81,3,4,1
143.08,157.39,0.909,-14.31,1,9,1
44.25,41.98,1.054,2.26,31,8,1
114.46,231.52,0.494,-117.06,54,10,1
82.91,109.53,0.757,-26.62,43,3,0
47.6,94.78,0.502,-47.18,26,5,1
118.72,133.39,0.89,-14.66,26,6,1
87.31,171.86,0.508,-84.55,15,5,1
102.54,107.1,0.957,-4.56,24,8,1
55.21,24.16,2.285,31.05,3,5,0
77.38,213.78,0.362,-136.4,6,8,1
96.43,258.88,0.372,-162.45,14,10,1
66.69,194.8,0.342,-128.12,29,10,1
37.77,84.41,0.448,-46.63,15,3,1
144.63,309.99,0.467,-165.36,25,5,1
81.61,147.65,0.553,-66.04,8,4,1
112.75,72.16,1.562,40.58,17,6,0
67.55,54.78,1.233,12.77,54,3,0
59.72,64.59,0.925,-4.87,2,10,1
67.0,181.14,0.37,-114.13,36,4,1
67.29,51.61,1.304,15.68,10,4,0
86.19,240.61,0.358,-154.42,14,5,1
86.09,147.34,0.584,-61.25,29,6,1
79.6,177.67,0.448,-98.07,7,2,1
28.87,17.25,1.673,11.62,7,10,0
79.45,81.55,0.974,-2.1,10,8,0
33.67,97.25,0.346,-63.58,1,4,1
27.66,28.17,0.982,-0.51,9,7,1
140.57,154.71,0.909,-14.14,4,7,1
94.69,78.93,1.2,15.77,36,10,0
102.33,66.36,1.542,35.97,1,2,0
66.25,61.6,1.076,4.65,8,7,1
137.26,279.22,0.492,-141.96,41,1,1
99.31,151.89,0.654,-52.58,32,2,1
117.68,211.26,0.557,-93.58,16,5,1
61.6,38.83,1.586,22.77,12,8,0
144.4,356.05,0.406,-211.65,4,7,1
124.86,301.8,0.414,-176.94,6,3,1
129.55,46.42,2.791,83.13,1,10,0
34.11,45.55,0.749,-11.44,21,9,1
47.93,23.28,2.059,24.65,5,5,0
49.99,121.9,0.41,-71.92,15,3,1
47.93,109.78,0.437,-61.86,6,7,1
129.76,354.93,0.366,-225.18,8,4,1
14.46,13.57,1.066,0.89,11,1,0
20.65,31.64,0.653,-10.99,22,5,1
48.35,38.59,1.253,9.76,3,8,0
37.98,49.47,0.768,-11.48,7,4,1
42.46,72.61,0.585,-30.15,1,7,1
121.71,54.04,2.252,67.67,1,8,0
88.84,198.12,0.448,-109.28,12,9,1
10.81,19.1,0.566,-8.29,2,9,1
70.11,177.94,0.394,-107.84,1,5,1
67.1,69.37,0.967,-2.27,31,6,1
25.95,71.08,0.365,-45.13,10,7,1
104.66,313.61,0.334,-208.95,2,10,1
108.29,301.28,0.359,-192.99,1,2,1
110.93,266.25,0.417,-155.33,1,9,1
111.99,279.23,0.401,-167.24,8,1,1
10.01,18.5,0.541,-8.5,15,6,1
143.55,116.76,1.229,26.78,14,6,0
123.99,263.85,0.47,-139.86,2,7,1
136.56,303.76,0.45,-167.21,14,2,1
12.19,36.09,0.338,-23.9,7,6,1
140.74,247.92,0.568,-107.18,8,6,1
123.37,127.4,0.968,-4.03,22,9,1
127.21,272.98,0.466,-145.77,5,8,1
23.06,67.9,0.34,-44.84,2,5,1
113.43,88.3,1.285,25.13,28,7,0
144.39,170.41,0.847,-26.02,3,7,1
105.0,185.12,0.567,-80.12,4,5,1
89.88,68.27,1.317,21.61,17,7,0
142.39,51.26,2.778,91.13,16,3,0
72.01,87.12,0.827,-15.11,22,7,1
93.9,247.57,0.379,-153.67,2,6,1
76.69,32.01,2.396,44.68,6,6,0
140.6,205.01,0.686,-64.41,1,2,1
20.65,48.7,0.424,-28.04,10,2,1
80.16,230.34,0.348,-150.18,4,7,1
106.17,314.36,0.338,-208.18,16,1,1
120.87,173.97,0.695,-53.1,1,9,1
91.62,262.59,0.349,-170.97,1,3,1
137.25,54.3,2.528,82.95,7,6,0
141.88,328.3,0.432,-186.43,44,3,1
19.0,38.68,0.491,-19.68,31,9,1
66.33,64.59,1.027,1.74,71,10,1
13.28,22.18,0.599,-8.9,7,7,1
56.12,36.47,1.539,19.65,1,1,0
85.16,225.96,0.377,-140.8,5,4,1
137.51,174.13,0.79,-36.62,15,5,1
128.52,255.79,0.502,-127.27,2,7,1
27.85,20.29,1.372,7.56,4,7,0
23.02,19.72,1.167,3.3,1,5,1
92.5,275.48,0.336,-182.99,9,1,1
84.5,197.16,0.429,-112.66,3,5,1
47.29,137.02,0.345,-89.73,1,5,1
135.92,149.35,0.91,-13.43,7,4,0
139.83,104.08,1.344,35.75,6,6,0
66.37,110.05,0.603,-43.69,10,8,1
134.64,220.22,0.611,-85.58,19,10,1
63.75,49.24,1.295,14.51,1,5,0
113.15,257.96,0.439,-144.8,21,8,1
76.63,97.84,0.783,-21.21,1,5,0
27.16,21.82,1.245,5.35,8,3,0
139.91,167.38,0.836,-27.47,12,8,1
73.57,134.04,0.549,-60.47,44,4,0
112.83,255.16,0.442,-142.33,11,3,1
61.4,98.31,0.625,-36.91,2,3,1
12.64,21.74,0.582,-9.09,10,6,1
24.07,16.25,1.481,7.82,7,8,0
79.47,220.11,0.361,-140.64,9,10,1
106.6,299.27,0.356,-192.68,3,5,1
56.86,121.99,0.466,-65.12,9,1,1
107.37,37.32,2.877,70.05,2,1,0
107.81,188.68,0.571,-80.87,19,3,1
108.55,216.98,0.5,-108.43,12,6,1
78.95,235.72,0.335,-156.77,1,2,1
138.08,412.79,0.335,-274.7,30,1,1
78.49,205.29,0.382,-126.8,13,7,1
73.04,34.5,2.117,38.54,5,2,0
37.91,108.96,0.348,-71.04,1,8,1
53.07,103.71,0.512,-50.64,14,2,1
15.93,39.22,0.406,-23.29,6,1,1
98.69,138.12,0.715,-39.42,33,10,1
44.8,52.1,0.86,-7.31,1,2,1
52.58,81.54,0.645,-28.96,1,2,1
117.91,82.13,1.436,35.78,41,7,0
55.81,70.55,0.791,-14.74,46,1,0
43.91,114.84,0.382,-70.94,1,3,1
33.67,13.55,2.485,20.12,17,5,0
118.48,83.81,1.414,34.67,3,7,0
28.16,17.96,1.568,10.2,16,6,0
73.53,102.08,0.72,-28.55,28,8,1
80.97,242.25,0.334,-161.28,1,1,1
106.23,81.6,1.302,24.64,3,7,0
98.66,68.35,1.443,30.31,1,9,0
123.5,342.18,0.361,-218.68,1,7,1
16.27,43.62,0.373,-27.35,1,6,1
51.5,19.93,2.584,31.57,22,9,0
49.22,114.66,0.429,-65.44,4,4,1
30.44,63.01,0.483,-32.57,9,10,1
50.48,119.8,0.421,-69.31,21,6,1
53.37,87.26,0.612,-33.9,9,6,1
83.06,247.26,0.336,-164.19,7,10,1
102.92,43.06,2.39,59.86,1,3,0
63.35,59.1,1.072,4.26,11,7,0
110.73,151.77,0.73,-41.04,1,1,1
57.06,86.42,0.66,-29.35,20,8,1
50.64,141.17,0.359,-90.53,4,8,1
85.77,155.41,0.552,-69.64,15,8,1
13.32,5.62,2.371,7.7,14,9,0
21.17,29.66,0.714,-8.49,13,4,1
68.52,97.6,0.702,-29.09,4,6,1
142.01,412.79,0.344,-270.78,4,7,1
111.01,212.9,0.521,-101.89,27,2,1
22.34,45.04,0.496,-22.7,1,6,1
128.48,285.98,0.449,-157.49,2,8,1
112.52,267.7,0.42,-155.18,13,4,1
95.53,192.46,0.496,-96.93,23,5,1
124.84,117.4,1.063,7.44,6,8,1
66.58,177.09,0.376,-110.51,14,3,1
41.01,93.37,0.439,-52.36,11,6,1
81.68,188.12,0.434,-106.44,1,1,1
86.84,259.71,0.334,-172.87,13,4,1
85.37,210.58,0.405,-125.22,23,6,1
89.11,226.23,0.394,-137.11,68,3,1
142.82,409.72,0.349,-266.9,1,1,1
136.31,96.52,1.412,39.8,15,6,0
132.6,217.98,0.608,-85.38,7,3,1
122.2,228.21,0.535,-106.01,1,8,1
142.08,168.94,0.841,-26.86,13,7,1
23.79,61.05,0.39,-37.26,1,7,1
47.12,111.13,0.424,-64.01,6,8,1
79.31,178.16,0.445,-98.85,4,7,1
128.51,384.56,0.334,-256.04,6,5,1
80.72,80.75,1.0,-0.03,9,10,1
114.72,262.23,0.437,-147.51,6,8,1
29.45,52.69,0.559,-23.23,11,8,1
45.34,51.92,0.873,-6.58,3,8,1
112.45,82.49,1.363,29.96,14,10,0
33.06,89.89,0.368,-56.83,26,6,1
59.19,112.92,0.524,-53.73,3,2,1
47.08,118.99,0.396,-71.91,9,8,1
58.98,104.54,0.564,-45.56,14,10,1
109.17,97.59,1.119,11.58,11,1,0
61.5,74.5,0.826,-13.0,6,9,1
87.74,116.7,0.752,-28.97,14,9,1
23.99,70.22,0.342,-46.23,1,6,1
122.7,38.68,3.172,84.03,6,10,0
61.78,182.96,0.338,-121.18,10,6,1
100.79,297.07,0.339,-196.27,1,6,1
111.55,333.5,0.334,-221.95,9,4,1
39.35,62.44,0.63,-23.09,14,1,1
133.85,388.48,0.345,-254.63,19,1,1
96.27,131.71,0.731,-35.44,1,1,1
70.02,25.98,2.695,44.04,65,5,0
35.53,32.18,1.104,3.35,13,7,0
141.92,404.8,0.351,-262.88,6,1,1
115.71,39.01,2.966,76.7,4,1,0
39.12,69.41,0.564,-30.29,11,6,1
57.28,28.88,1.984,28.4,29,2,0
123.35,132.39,0.932,-9.04,10,2,0
107.39,57.76,1.859,49.63,15,7,0
117.21,307.17,0.382,-189.97,6,9,1
71.77,136.06,0.527,-64.3,6,8,1
110.31,301.76,0.366,-191.46,4,2,1
64.11,138.38,0.463,-74.27,17,7,1
39.58,115.63,0.342,-76.06,6,5,1
98.57,165.28,0.596,-66.7,2,10,1
146.64,296.88,0.494,-150.24,6,4,1
53.48,99.27,0.539,-45.78,26,10,1
74.54,119.82,0.622,-45.28,18,4,1
104.36,269.68,0.387,-165.32,5,4,1
85.81,175.07,0.49,-89.26,33,9,1
128.08,315.53,0.406,-187.45,1,7,1
116.64,282.65,0.413,-166.01,1,7,1
18.16,14.82,1.226,3.34,1,4,0
149.78,307.86,0.487,-158.08,1,9,1
115.34,96.77,1.192,18.56,1,8,1
130.95,245.52,0.533,-114.57,15,10,1
101.17,215.39,0.47,-114.23,12,4,1
129.88,388.67,0.334,-258.79,14,6,1
25.73,9.84,2.615,15.89,16,4,0
58.68,32.06,1.83,26.62,19,1,0
132.7,67.41,1.969,65.29,3,5,0
38.23,52.59,0.727,-14.36,13,10,1
20.95,52.77,0.397,-31.81,12,3,1
120.34,310.34,0.388,-190.01,40,1,1
126.97,290.74,0.437,-163.77,3,2,1
32.77,89.19,0.367,-56.42,1,2,1
129.61,151.87,0.853,-22.26,14,8,1
106.15,57.11,1.859,49.04,18,4,0
82.81,37.85,2.188,44.97,4,3,0
126.24,328.31,0.385,-202.07,11,4,1
68.69,156.09,0.44,-87.39,1,10,1
37.16,81.24,0.457,-44.08,45,1,1
49.88,60.71,0.822,-10.83,1,1,0
80.72,107.02,0.754,-26.3,1,5,0
84.39,243.62,0.346,-159.23,1,7,1
122.78,57.99,2.117,64.8,7,9,0
120.79,288.57,0.419,-167.79,1,7,1
91.39,103.82,0.88,-12.43,19,5,0
119.31,48.37,2.466,70.94,32,3,0
36.85,84.93,0.434,-48.08,4,8,1
17.01,20.3,0.838,-3.29,13,7,1
132.31,297.67,0.444,-165.36,1,4,0
20.58,45.49,0.452,-24.91,6,1,1
44.54,77.67,0.573,-33.13,4,3,1
107.34,257.51,0.417,-150.17,3,8,1
67.32,125.81,0.535,-58.49,14,2,1
132.68,142.49,0.931,-9.81,1,9,1
51.72,118.02,0.438,-66.31,27,4,1
11.66,22.05,0.529,-10.39,15,7,1
52.09,17.42,2.991,34.67,17,10,0
90.93,248.64,0.366,-157.71,38,7,1
62.63,111.06,0.564,-48.43,39,8,1
84.88,224.54,0.378,-139.66,11,7,1
132.72,356.15,0.373,-223.43,9,4,1
137.75,206.82,0.666,-69.07,5,7,1
47.24,78.92,0.599,-31.68,17,5,1
74.7,106.26,0.703,-31.56,10,10,1
86.88,131.49,0.661,-44.61,37,7,1
142.88,388.18,0.368,-245.3,3,3,1
149.81,363.73,0.412,-213.92,5,10,1
42.96,27.56,1.559,15.39,5,7,0
111.78,217.72,0.513,-105.95,22,7,1
62.92,188.08,0.335,-125.15,1,2,1
11.14,21.25,0.524,-10.11,8,8,1
11.3,27.36,0.413,-16.06,7,7,1
74.48,177.0,0.421,-102.52,1,9,1
78.37,97.63,0.803,-19.27,7,4,1
13.16,17.16,0.767,-4.0,10,9,1
106.17,239.41,0.443,-133.24,1,1,1
51.16,84.41,0.606,-33.25,9,5,1
88.39,162.68,0.543,-74.29,44,10,1
52.13,115.98,0.449,-63.85,54,7,1
33.4,80.14,0.417,-46.74,10,4,1
67.0,69.22,0.968,-2.22,10,7,1
42.52,29.61,1.436,12.91,4,9,1
84.87,92.33,0.919,-7.46,81,5,1
37.84,63.2,0.599,-25.36,4,5,1
81.18,99.34,0.817,-18.17,8,2,1
32.03,58.77,0.545,-26.73,1,5,1
103.94,46.18,2.25,57.75,6,8,0
115.55,193.7,0.597,-78.15,1,4,1
25.46,32.93,0.773,-7.47,19,2,1
75.49,131.63,0.574,-56.14,11,8,1
19.92,28.7,0.694,-8.78,11,4,1
93.75,100.06,0.937,-6.32,4,5,1
47.02,128.88,0.365,-81.86,23,7,1
83.87,67.0,1.252,16.87,1,5,1
82.44,176.41,0.467,-93.96,5,10,1
139.41,389.86,0.358,-250.46,15,4,1
86.87,152.41,0.57,-65.54,33,7,1
91.62,244.29,0.375,-152.67,3,4,1
66.23,42.2,1.57,24.04,10,10,0
142.87,233.34,0.612,-90.47,10,4,1
118.81,182.24,0.652,-63.44,29,2,1
49.96,16.08,3.106,33.87,1,5,0
128.19,191.87,0.668,-63.68,7,8,1
70.54,91.44,0.771,-20.91,2,4,1
126.01,265.69,0.474,-139.68,1,2,1
125.2,354.77,0.353,-229.56,2,9,1
36.44,19.37,1.881,17.07,52,6,0
108.16,128.08,0.844,-19.92,3,3,1
50.69,75.98,0.667,-25.29,38,10,1
51.65,78.97,0.654,-27.32,3,5,1
51.49,123.16,0.418,-71.67,37,6,1
111.58,167.05,0.668,-55.47,14,9,1
42.18,15.75,2.679,26.43,1,5,0
10.13,22.45,0.451,-12.33,12,9,1
110.13,296.15,0.372,-186.02,5,1,1
33.97,57.32,0.593,-23.35,6,10,1
24.63,46.03,0.535,-21.4,8,4,1
43.25,32.0,1.351,11.25,7,1,0
63.19,56.6,1.116,6.59,15,2,0
76.63,71.64,1.07,4.98,20,2,0
16.24,23.76,0.684,-7.52,5,10,1
145.88,409.34,0.356,-263.46,36,5,1
110.25,188.4,0.585,-78.15,39,1,1
55.25,45.23,1.222,10.02,1,10,1
54.62,55.62,0.982,-1.01,1,3,1
72.8,97.32,0.748,-24.52,7,6,1
97.67,193.67,0.504,-95.99,12,1,1
30.49,45.38,0.672,-14.88,4,1,1
36.45,49.56,0.736,-13.11,4,3,1
130.32,237.81,0.548,-107.48,15,9,1
45.88,43.72,1.049,2.16,12,2,0
63.23,32.44,1.949,30.79,2,6,0
131.98,48.29,2.733,83.68,30,3,0
102.84,100.62,1.022,2.22,15,6,0
57.84,31.66,1.827,26.18,6,7,0
105.72,127.72,0.828,-22.0,16,7,1
12.76,30.45,0.419,-17.69,1,2,1
112.99,252.42,0.448,-139.43,8,3,1
78.18,152.42,0.513,-74.23,2,4,1
123.85,322.22,0.384,-198.37,1,8,1
143.65,152.5,0.942,-8.85,5,5,1
139.61,375.5,0.372,-235.89,2,1,1
137.3,189.19,0.726,-51.89,14,9,1
81.7,112.95,0.723,-31.24,15,1,1
60.42,84.25,0.717,-23.83,2,2,0
75.1,42.42,1.77,32.68,1,7,0
106.59,312.7,0.341,-206.12,22,3,1
133.76,90.15,1.484,43.61,1,6,0
38.98,47.57,0.819,-8.59,5,8,1
138.55,161.01,0.861,-22.46,9,5,1
124.13,62.27,1.993,61.86,23,1,0
147.04,104.56,1.406,42.48,25,10,0
133.24,56.11,2.375,77.13,18,3,0
49.19,53.59,0.918,-4.4,3,2,1
24.83,65.56,0.379,-40.73,17,6,1
25.71,31.28,0.822,-5.57,3,5,1
50.77,32.19,1.577,18.58,3,7,0
95.99,196.13,0.489,-100.15,11,2,1
122.6,366.69,0.334,-244.08,15,6,1
135.9,126.01,1.078,9.88,1,5,0
97.33,102.66,0.948,-5.34,1,6,1
10.79,31.55,0.342,-20.76,21,5,1
36.08,28.24,1.278,7.84,27,7,0
23.96,40.26,0.595,-16.3,12,5,1
60.87,57.64,1.056,3.22,7,7,1
80.19,225.92,0.355,-145.73,26,1,1
16.08,47.42,0.339,-31.35,18,9,1
58.79,146.95,0.4,-88.16,12,6,0
35.09,40.34,0.87,-5.26,5,9,1
100.59,139.76,0.72,-39.17,3,1,0
75.0,71.57,1.048,3.43,7,2,0
79.34,214.63,0.37,-135.29,4,7,1
69.88,193.51,0.361,-123.63,5,4,1
143.84,205.83,0.699,-61.99,10,10,1
40.06,83.04,0.482,-42.97,2,1,1
82.33,61.5,1.339,20.83,22,5,0
113.04,166.66,0.678,-53.62,2,4,1
87.96,176.36,0.499,-88.4,9,6,1
140.06,187.77,0.746,-47.7,19,7,1
62.92,79.62,0.79,-16.71,9,3,0
74.91,22.68,3.304,52.24,6,6,0
22.39,55.35,0.405,-32.95,9,2,1
95.26,257.32,0.37,-162.06,26,10,1
50.35,146.9,0.343,-96.55,65,4,1
32.44,72.74,0.446,-40.3,13,10,1
86.23,153.65,0.561,-67.41,22,9,1
84.52,86.81,0.974,-2.29,1,7,1
20.62,61.83,0.334,-41.21,29,2,1
107.75,203.9,0.528,-96.15,43,6,1
97.33,208.2,0.467,-110.87,11,4,1
36.46,78.12,0.467,-41.66,19,8,1
75.72,195.52,0.387,-119.8,10,8,1
110.85,36.15,3.066,74.7,4,1,0
84.12,75.26,1.118,8.86,26,8,0
65.37,137.07,0.477,-71.71,12,10,1
55.13,149.78,0.368,-94.65,12,7,1
95.46,205.27,0.465,-109.81,15,1,1
141.48,200.39,0.706,-58.91,27,3,0
104.04,132.78,0.784,-28.74,18,5,1
20.46,46.91,0.436,-26.45,3,3,1
74.5,171.44,0.435,-96.94,8,3,1
134.72,261.22,0.516,-126.51,54,1,1
23.22,25.24,0.92,-2.02,11,8,1
148.44,415.33,0.357,-266.89,38,9,1
142.87,255.75,0.559,-112.88,23,5,1
20.96,51.02,0.411,-30.06,15,1,1
140.68,123.6,1.138,17.07,6,1,0
60.84,74.77,0.814,-13.93,5,9,1
128.26,341.34,0.376,-213.09,14,1,1
68.57,29.85,2.297,38.72,7,9,0
71.72,120.72,0.594,-49.0,22,3,1
98.79,158.13,0.625,-59.34,20,3,1
118.43,275.74,0.429,-157.31,5,4,1
14.73,15.63,0.942,-0.9,16,5,1
93.04,82.94,1.122,10.1,9,6,0
36.14,101.22,0.357,-65.08,5,6,1
58.43,107.73,0.542,-49.29,7,10,1
58.72,34.21,1.716,24.5,31,9,0
75.67,62.14,1.218,13.53,6,1,0
56.78,170.16,0.334,-113.38,4,9,1
25.03,20.73,1.208,4.3,6,4,0
30.39,59.2,0.513,-28.82,3,7,1
14.68,21.06,0.697,-6.38,11,6,1
75.83,204.08,0.372,-128.25,2,9,1
143.62,335.93,0.428,-192.3,23,2,1
26.19,50.08,0.523,-23.88,3,2,1
142.48,46.87,3.04,95.6,12,7,0
112.67,301.44,0.374,-188.77,1,9,1
99.25,148.93,0.666,-49.68,53,5,1
100.34,282.48,0.355,-182.14,8,7,1
125.74,205.96,0.611,-80.22,24,8,1
24.97,54.29,0.46,-29.32,20,8,1
80.67,39.29,2.053,41.37,17,4,0
107.59,248.74,0.433,-141.15,24,10,1
92.15,111.75,0.825,-19.59,1,7,1
126.59,158.07,0.801,-31.48,15,1,0
20.12,12.48,1.612,7.64,4,4,0
106.7,74.32,1.436,32.38,21,5,0
84.76,67.94,1.248,16.82,44,10,0
63.08,74.83,0.843,-11.74,32,7,1
57.64,156.1,0.369,-98.46,1,6,1
96.92,125.44,0.773,-28.52,6,4,1
134.74,303.94,0.443,-169.2,6,3,1
79.46,41.59,1.911,37.87,1,6,0
125.46,237.87,0.527,-112.41,1,10,1
66.3,106.16,0.625,-39.85,6,5,1
24.34,71.56,0.34,-47.22,67,3,1
18.61,48.1,0.387,-29.49,11,4,1
17.19,26.26,0.654,-9.08,13,2,1
63.22,151.28,0.418,-88.06,8,9,1
57.21,46.98,1.218,10.23,15,7,0
110.51,200.94,0.55,-90.43,43,10,1
114.0,57.17,1.994,56.83,12,3,0
17.12,21.23,0.807,-4.11,1,8,1
40.96,37.26,1.099,3.69,9,8,1
48.4,108.46,0.446,-60.06,68,1,1
86.67,140.68,0.616,-54.01,6,5,1
30.23,70.38,0.43,-40.14,12,5,1
28.75,48.63,0.591,-19.88,1,3,1
142.13,75.83,1.874,66.3,2,2,0
122.59,280.17,0.438,-157.59,29,1,1
35.29,89.98,0.392,-54.69,5,4,1
66.92,183.33,0.365,-116.41,5,10,1
59.79,110.27,0.542,-50.48,6,2,1
120.74,281.89,0.428,-161.15,47,5,1
81.43,189.77,0.429,-108.34,1,10,1
27.9,20.1,1.388,7.8,23,2,0
113.46,84.34,1.345,29.11,5,1,0
65.56,32.22,2.035,33.35,26,10,0
46.81,54.48,0.859,-7.67,67,10,1
62.57,98.76,0.634,-36.19,6,10,1
79.69,238.61,0.334,-158.92,1,10,1
58.04,84.95,0.683,-26.91,2,9,1
43.87,99.18,0.442,-55.31,19,2,1
65.79,142.91,0.46,-77.12,2,10,1
12.68,10.81,1.174,1.88,4,4,1
118.15,54.11,2.184,64.04,3,3,0
33.93,60.2,0.564,-26.27,6,1,1
16.15,35.37,0.456,-19.23,1,8,1
101.52,304.07,0.334,-202.56,27,2,1
118.35,150.1,0.788,-31.75,27,8,1
123.94,337.13,0.368,-213.19,7,1,1
79.09,105.29,0.751,-26.2,13,6,1
38.75,83.76,0.463,-45.01,14,4,1
113.21,216.83,0.522,-103.62,19,3,1
107.96,47.83,2.257,60.13,10,1,0
44.48,22.76,1.954,21.72,9,10,0
136.48,48.59,2.808,87.88,13,1,0
24.61,32.03,0.768,-7.41,16,7,1
147.58,341.44,0.432,-193.87,5,6,1
130.43,99.97,1.305,30.46,5,3,0
106.31,205.79,0.517,-99.48,4,2,1
141.42,152.72,0.926,-11.29,11,10,1
111.12,272.46,0.408,-161.34,6,3,1
36.66,90.03,0.407,-53.37,10,8,1
71.9,172.11,0.418,-100.2,7,7,1
20.01,34.36,0.582,-14.35,25,7,0
64.55,68.96,0.936,-4.41,1,5,0
113.82,282.91,0.402,-169.09,11,10,1
64.1,51.44,1.246,12.66,11,3,0
56.24,60.87,0.924,-4.63,6,1,0
93.35,74.37,1.255,18.98,7,1,0
132.11,280.12,0.472,-148.01,22,6,1
16.66,35.87,0.465,-19.21,4,4,1
63.97,131.88,0.485,-67.92,28,7,1
32.15,45.73,0.703,-13.57,31,10,1
107.35,61.24,1.753,46.11,14,10,0
24.8,68.46,0.362,-43.65,20,10,1
103.07,172.22,0.598,-69.15,13,1,1
50.07,70.03,0.715,-19.97,10,6,1
37.85,71.53,0.529,-33.68,47,7,1
141.09,115.77,1.219,25.32,4,1,0
12.59,8.28,1.52,4.31,2,2,0
71.29,99.44,0.717,-28.15,4,9,1
13.03,11.9,1.095,1.13,13,9,1
77.7,74.56,1.042,3.14,2,6,0
80.15,217.18,0.369,-137.03,33,4,1
55.03,95.37,0.577,-40.34,7,7,1
28.5,45.76,0.623,-17.25,26,5,1
62.69,135.52,0.463,-72.83,4,3,1
104.12,298.73,0.349,-194.61,5,4,1
119.54,72.07,1.659,47.46,1,2,0
84.31,215.02,0.392,-130.72,4,6,1
92.58,173.75,0.533,-81.18,9,3,1
38.09,26.46,1.44,11.63,40,7,0
50.23,55.36,0.907,-5.14,6,4,1
32.67,52.34,0.624,-19.68,14,8,1
44.9,97.26,0.462,-52.36,7,1,1
41.48,39.62,1.047,1.87,1,9,1
82.72,144.28,0.573,-61.56,9,3,1
88.78,190.75,0.465,-101.97,1,3,1
142.29,215.09,0.662,-72.8,30,5,1
37.38,98.32,0.38,-60.94,19,10,1
99.83,264.32,0.378,-164.48,6,1,1
124.42,195.44,0.637,-71.03,14,3,1
88.43,258.84,0.342,-170.4,1,4,1
45.7,23.04,1.984,22.66,16,2,0
46.76,14.45,3.235,32.31,24,6,0
15.5,20.57,0.753,-5.08,24,10,1
52.76,101.46,0.52,-48.7,4,4,1
114.24,228.36,0.5,-114.11,4,1,1
16.65,26.42,0.63,-9.77,10,3,1
40.7,25.93,1.569,14.77,48,7,0
108.87,82.78,1.315,26.09,35,3,0
119.57,310.98,0.384,-191.41,6,6,1
73.74,194.93,0.378,-121.19,21,6,1
107.73,228.34,0.472,-120.61,35,1,0
64.31,134.63,0.478,-70.32,4,2,1
32.39,61.98,0.523,-29.59,24,10,1
65.74,55.74,1.179,10.0,4,6,1
91.2,132.81,0.687,-41.61,5,2,1
142.73,310.99,0.459,-168.26,3,2,1
19.63,34.36,0.571,-14.73,9,4,1
81.04,28.38,2.856,52.66,25,8,0
56.05,161.12,0.348,-105.07,10,6,1
81.16,209.48,0.387,-128.32,1,8,1
13.36,13.4,0.997,-0.05,4,4,1
53.82,105.73,0.509,-51.91,11,3,1
124.78,348.48,0.358,-223.7,12,7,1
87.55,48.96,1.788,38.59,12,7,0
73.08,121.18,0.603,-48.1,1,2,1
49.97,76.55,0.653,-26.58,19,1,0
51.73,72.81,0.71,-21.08,33,8,1
63.63,162.65,0.391,-99.02,10,3,1
126.98,168.6,0.753,-41.62,17,6,1
145.41,68.62,2.119,76.79,34,7,0
71.41,34.12,2.093,37.29,14,8,0
65.07,27.03,2.407,38.04,15,6,0
128.52,180.53,0.712,-52.01,17,7,1
69.77,156.26,0.446,-86.49,4,5,1
87.28,74.19,1.176,13.09,12,3,0
42.33,86.59,0.489,-44.26,25,2,1
114.09,245.88,0.464,-131.79,4,7,1
84.48,83.55,1.011,0.93,31,8,1
123.26,236.85,0.52,-113.59,13,8,1
119.3,256.4,0.465,-137.1,7,3,0
40.1,62.55,0.641,-22.45,13,2,0
110.19,133.23,0.827,-23.04,7,9,1
122.01,240.56,0.507,-118.56,25,6,1
58.46,171.87,0.34,-113.41,9,10,1
34.17,49.62,0.688,-15.46,32,3,1
10.37,14.08,0.737,-3.71,9,5,1
73.13,113.6,0.644,-40.48,15,1,1
59.34,30.01,1.977,29.33,85,2,0
87.69,157.27,0.558,-69.58,2,9,1
36.33,43.14,0.842,-6.81,18,10,1
130.35,81.84,1.593,48.51,2,10,0
46.09,71.84,0.641,-25.76,25,3,1
41.7,12.89,3.235,28.81,12,8,0
77.3,107.05,0.722,-29.75,38,10,1
79.84,46.74,1.708,33.09,28,8,0
40.11,14.66,2.735,25.45,1,5,0
48.06,121.4,0.396,-73.34,2,8,1
33.76,93.64,0.361,-59.88,12,2,1
110.58,95.18,1.162,15.4,10,2,0
117.81,206.89,0.569,-89.08,2,4,1
74.73,78.5,0.952,-3.77,1,8,1
109.97,179.55,0.612,-69.57,11,2,1
113.03,167.16,0.676,-54.13,1,4,1
29.36,30.13,0.974,-0.78,28,8,1
145.26,318.28,0.456,-173.02,23,3,1
124.94,80.16,1.559,44.79,21,8,0
38.63,17.12,2.256,21.5,1,2,0
36.06,85.57,0.421,-49.5,1,1,1
27.59,57.89,0.477,-30.3,11,6,1
29.37,48.35,0.608,-18.98,72,8,1
114.74,179.35,0.64,-64.6,5,9,1
75.75,124.46,0.609,-48.71,5,10,1
119.61,177.02,0.676,-57.41,2,8,1
114.48,155.78,0.735,-41.3,15,2,0
94.65,156.09,0.606,-61.44,14,1,1
106.09,183.22,0.579,-77.13,1,7,1
12.57,27.25,0.461,-14.68,8,7,1
53.65,119.11,0.45,-65.47,15,3,1
99.3,131.03,0.758,-31.73,9,6,1
11.31,16.02,0.706,-4.71,15,7,1
14.62,19.13,0.764,-4.52,23,9,1
129.26,226.04,0.572,-96.77,16,1,0
105.76,161.19,0.656,-55.43,13,3,1
47.15,127.4,0.37,-80.25,26,5,1
106.31,231.78,0.459,-125.47,32,3,1
120.94,329.74,0.367,-208.79,6,8,1
52.95,117.27,0.452,-64.32,2,10,1
15.05,43.96,0.342,-28.91,23,6,1
140.59,283.5,0.496,-142.91,3,2,1
58.33,169.24,0.345,-110.91,37,1,1
24.91,18.11,1.375,6.8,1,10,0
78.86,34.83,2.264,44.03,35,5,0
117.59,219.14,0.537,-101.55,12,9,1
41.03,121.26,0.338,-80.23,20,10,1
47.73,68.13,0.701,-20.41,7,9,1
43.98,38.37,1.146,5.61,67,1,1
148.83,254.23,0.585,-105.4,3,3,1
37.64,77.22,0.487,-39.58,4,6,1
90.57,104.25,0.869,-13.67,1,5,1
139.54,311.15,0.448,-171.61,39,4,1
30.57,89.64,0.341,-59.08,8,2,1
145.92,397.16,0.367,-251.24,15,4,1
142.65,155.1,0.92,-12.45,16,5,0
133.84,158.22,0.846,-24.38,29,2,0
40.04,52.18,0.767,-12.14,15,10,1
98.77,134.85,0.732,-36.08,11,1,0
116.52,66.52,1.752,50.01,17,7,0
148.04,348.98,0.424,-200.94,19,7,1
35.26,45.36,0.777,-10.1,2,8,1
117.24,313.69,0.374,-196.44,1,10,1
57.43,160.97,0.357,-103.54,1,6,1
34.59,12.66,2.733,21.93,6,1,0
68.99,204.84,0.337,-135.84,9,8,1
121.14,268.57,0.451,-147.43,13,2,1
75.08,128.01,0.586,-52.94,44,3,1
85.25,115.24,0.74,-29.99,5,8,1
149.32,253.85,0.588,-104.53,20,4,1
65.88,77.5,0.85,-11.63,10,5,0
96.16,190.51,0.505,-94.35,3,9,1
61.13,33.69,1.815,27.45,13,7,0
64.99,128.49,0.506,-63.5,47,10,1
107.39,112.05,0.958,-4.66,1,7,1
141.3,49.12,2.877,92.18,9,1,0
85.93,154.01,0.558,-68.08,1,1,1
117.58,218.9,0.537,-101.33,5,8,1
22.49,32.65,0.689,-10.16,13,10,1
39.56,19.59,2.019,19.97,25,1,0
80.3,217.77,0.369,-137.47,18,10,1
12.8,24.97,0.513,-12.17,8,2,1
45.4,27.8,1.633,17.6,33,4,0
82.44,138.45,0.595,-56.02,5,9,1
12.09,19.87,0.609,-7.77,19,7,1
47.04,21.78,2.159,25.25,8,7,0
81.96,158.89,0.516,-76.93,32,10,1
90.24,224.02,0.403,-133.78,22,7,0
139.61,324.21,0.431,-184.6,32,5,1
100.35,85.1,1.179,15.25,3,1,0
68.06,178.88,0.38,-110.82,15,5,1
140.25,171.79,0.816,-31.54,18,8,1
119.88,342.34,0.35,-222.45,18,7,1
38.0,18.76,2.025,19.24,9,7,0
28.32,45.67,0.62,-17.35,1,2,1
104.61,200.05,0.523,-95.43,4,1,1
88.38,85.61,1.032,2.77,5,4,1
120.55,287.25,0.42,-166.69,26,8,1
113.43,226.03,0.502,-112.6,25,1,1
97.53,34.03,2.866,63.5,1,2,0
148.09,287.69,0.515,-139.59,41,7,1
84.7,137.81,0.615,-53.11,2,5,1
25.83,21.42,1.206,4.41,7,6,0
125.96,376.43,0.335,-250.47,3,8,1
45.26,123.21,0.367,-77.95,27,9,1
118.82,129.49,0.918,-10.67,19,8,1
143.99,253.56,0.568,-109.56,6,1,1
107.55,124.17,0.866,-16.62,16,4,1
93.44,223.69,0.418,-130.25,2,5,1
74.45,209.36,0.356,-134.9,6,9,1
61.02,77.42,0.788,-16.4,6,6,1
59.42,147.07,0.404,-87.65,3,6,1
99.09,163.08,0.608,-63.98,29,3,0
115.18,157.88,0.73,-42.7,15,2,1
104.99,297.52,0.353,-192.53,4,2,1
37.78,63.39,0.596,-25.62,3,7,1
79.16,123.65,0.64,-44.49,1,5,1
120.83,255.62,0.473,-134.79,5,10,1
76.6,77.01,0.995,-0.41,10,1,0
85.13,100.19,0.85,-15.06,4,5,0
117.96,332.23,0.355,-214.28,16,1,1
102.58,218.7,0.469,-116.12,7,9,1
67.31,170.42,0.395,-103.11,5,8,1
135.36,139.69,0.969,-4.33,39,4,0
32.76,57.93,0.566,-25.17,4,1,1
149.37,436.58,0.342,-287.21,7,8,1
26.64,30.91,0.862,-4.28,6,5,1
12.09,8.87,1.364,3.23,3,1,0
134.6,226.05,0.595,-91.45,3,2,1
44.29,59.67,0.742,-15.38,5,5,1
112.16,81.97,1.368,30.19,27,9,0
123.54,333.45,0.37,-209.91,20,10,1
130.26,387.51,0.336,-257.25,15,8,1
148.82,273.12,0.545,-124.29,8,10,1
51.17,122.37,0.418,-71.2,9,8,1
109.43,286.65,0.382,-177.22,4,9,1
26.16,57.35,0.456,-31.19,1,2,1
66.95,28.07,2.385,38.89,5,7,0
128.72,93.4,1.378,35.32,9,10,1
61.47,30.22,2.034,31.25,1,5,0
92.75,30.3,3.061,62.45,1,3,0
80.53,90.69,0.888,-10.16,4,10,1
100.43,136.53,0.736,-36.09,6,8,1
146.21,139.01,1.052,7.2,6,2,0
17.8,8.45,2.108,9.36,1,4,0
90.35,156.37,0.578,-66.02,3,5,1
130.82,135.79,0.963,-4.97,4,5,1
77.39,189.56,0.408,-112.17,1,4,1
20.99,6.75,3.108,14.24,5,3,0
88.48,227.81,0.388,-139.33,1,3,1
56.49,162.57,0.347,-106.08,17,5,1
31.69,70.79,0.448,-39.09,6,10,1
128.86,293.92,0.438,-165.06,5,6,1
83.02,234.18,0.355,-151.15,1,1,1
140.66,121.6,1.157,19.06,3,4,0
122.84,366.72,0.335,-243.88,3,10,1
107.02,255.6,0.419,-148.58,58,10,1
10.7,24.21,0.442,-13.51,25,6,1
69.9,89.11,0.784,-19.22,1,2,1
37.65,66.77,0.564,-29.12,13,10,1
137.51,284.04,0.484,-146.53,4,5,1
34.44,68.02,0.506,-33.58,1,9,1
50.05,110.28,0.454,-60.23,17,3,1
82.36,43.03,1.914,39.33,1,3,0
46.87,59.07,0.793,-12.2,8,9,1
39.38,57.96,0.679,-18.58,14,3,1
93.87,94.22,0.996,-0.35,11,4,1
22.45,17.2,1.305,5.25,53,9,0
18.14,12.25,1.481,5.89,21,4,0
62.11,80.08,0.776,-17.97,20,5,1
110.89,181.01,0.613,-70.12,6,2,1
87.67,41.21,2.127,46.46,1,8,0
69.2,197.6,0.35,-128.4,18,9,1
89.21,211.07,0.423,-121.87,90,10,1
61.16,139.04,0.44,-77.88,7,4,1
141.06,108.15,1.304,32.91,59,3,1
17.69,34.14,0.518,-16.45,2,4,1
104.27,180.42,0.578,-76.15,4,7,1
134.78,397.96,0.339,-263.18,2,1,1
122.54,284.14,0.431,-161.6,9,2,1
35.77,66.33,0.539,-30.56,22,10,1
51.43,133.57,0.385,-82.14,5,5,1
110.39,79.34,1.391,31.05,33,9,0
21.8,7.43,2.932,14.36,11,6,0
123.66,267.56,0.462,-143.9,8,3,1
110.65,62.56,1.769,48.08,21,3,0
112.14,68.6,1.635,43.55,1,7,0
24.03,55.53,0.433,-31.5,20,3,1
110.49,113.85,0.97,-3.36,3,10,1
105.17,210.07,0.501,-104.89,4,3,1
126.33,350.82,0.36,-224.49,12,10,1
15.82,18.27,0.866,-2.44,32,7,1
13.24,11.73,1.128,1.51,12,9,0
62.22,36.57,1.701,25.65,14,9,0
30.83,20.11,1.533,10.72,20,3,0
88.17,41.27,2.137,46.91,4,8,0
138.43,74.29,1.863,64.14,24,1,0
64.81,95.03,0.682,-30.23,7,8,1
128.29,149.63,0.857,-21.34,2,2,1
10.03,22.15,0.453,-12.12,6,4,1
33.59,89.01,0.377,-55.42,3,7,1
14.26,34.49,0.413,-20.23,3,6,1
55.94,96.93,0.577,-40.99,4,9,0
137.15,79.08,1.734,58.07,2,8,0
23.57,52.25,0.451,-28.67,15,2,1
94.9,121.43,0.781,-26.54,12,4,1
73.21,38.89,1.882,34.32,14,1,0
141.39,364.02,0.388,-222.63,5,7,1
27.15,32.94,0.824,-5.79,20,4,1
39.68,35.29,1.125,4.39,1,8,0
14.14,37.5,0.377,-23.37,11,2,1
70.75,193.56,0.366,-122.81,4,8,1
48.9,59.42,0.823,-10.52,10,2,1
131.79,165.78,0.795,-34.0,5,8,1
94.69,176.6,0.536,-81.91,21,1,1
95.97,218.85,0.439,-122.87,31,2,1
84.47,39.74,2.125,44.73,18,5,0
22.86,43.48,0.526,-20.62,2,1,1
72.3,207.7,0.348,-135.39,4,5,1
149.93,151.08,0.992,-1.15,35,5,0
126.93,349.55,0.363,-222.62,8,7,1
135.08,387.08,0.349,-251.99,39,2,1
125.25,128.6,0.974,-3.35,6,2,0
24.43,57.07,0.428,-32.64,42,6,1
41.84,39.53,1.059,2.31,36,10,1
10.44,23.92,0.436,-13.48,15,3,1
52.49,128.76,0.408,-76.27,1,8,1
25.21,24.38,1.034,0.82,7,3,1
76.19,170.12,0.448,-93.93,33,10,1
104.8,261.23,0.401,-156.43,30,4,1
132.43,167.94,0.789,-35.51,2,7,1
114.89,86.49,1.328,28.4,7,1,0
141.4,77.53,1.824,63.87,25,1,0
17.55,32.52,0.54,-14.98,12,9,1
11.71,34.42,0.34,-22.72,26,6,1
102.59,258.72,0.397,-156.13,24,5,1
50.51,74.59,0.677,-24.08,33,2,1
45.49,79.56,0.572,-34.07,1,2,1
56.32,59.41,0.948,-3.08,2,7,1
47.77,35.36,1.351,12.41,1,6,0
81.6,130.69,0.624,-49.09,38,8,1
71.62,111.12,0.645,-39.5,9,3,1
81.74,139.71,0.585,-57.97,1,3,1
104.18,299.26,0.348,-195.08,5,5,1
64.2,123.94,0.518,-59.74,6,10,1
45.18,87.46,0.517,-42.27,23,4,1
33.27,21.48,1.549,11.79,18,8,0
58.93,176.22,0.334,-117.29,16,6,1
113.85,271.73,0.419,-157.88,1,8,1
115.94,309.38,0.375,-193.44,33,7,0
103.37,146.64,0.705,-43.27,3,2,1
42.76,70.81,0.604,-28.04,13,9,1
92.33,157.85,0.585,-65.52,1,6,1
89.9,74.08,1.214,15.82,1,6,0
77.8,168.17,0.463,-90.37,1,2,1
87.0,238.2,0.365,-151.2,11,9,1
78.85,58.51,1.348,20.34,13,1,0
89.16,47.53,1.876,41.63,1,6,0
110.17,252.64,0.436,-142.47,4,8,1
25.35,26.3,0.964,-0.95,26,2,1
114.95,228.11,0.504,-113.16,1,3,1
29.02,63.23,0.459,-34.21,3,10,1
19.33,22.6,0.855,-3.27,7,10,1
146.65,366.76,0.4,-220.11,25,7,1
143.98,257.0,0.56,-113.02,4,1,1
18.46,48.85,0.378,-30.39,81,5,1
72.06,170.12,0.424,-98.06,6,6,1
36.07,95.42,0.378,-59.35,6,10,1
77.95,27.63,2.821,50.32,1,7,0
126.22,120.86,1.044,5.37,15,10,1
143.09,77.7,1.842,65.39,3,10,0
98.8,147.56,0.67,-48.77,13,7,1
59.55,160.95,0.37,-101.4,3,3,1
94.47,147.59,0.64,-53.12,6,7,1
53.68,139.26,0.385,-85.58,27,1,1
137.38,162.57,0.845,-25.19,18,4,1
131.86,160.45,0.822,-28.59,2,7,1
88.15,239.6,0.368,-151.45,13,7,1
55.47,80.42,0.69,-24.95,13,4,1
51.07,124.23,0.411,-73.16,1,1,1
14.68,13.78,1.065,0.9,8,8,1
124.21,355.47,0.349,-231.26,4,4,1
73.05,135.25,0.54,-62.2,8,2,1
55.52,130.48,0.426,-74.96,21,4,1
75.96,41.14,1.846,34.81,2,8,0
124.62,203.16,0.613,-78.54,1,8,1
27.45,75.0,0.366,-47.56,4,5,1
130.07,347.03,0.375,-216.96,42,2,1
135.65,57.84,2.345,77.81,19,7,0
142.54,159.64,0.893,-17.1,1,3,0
65.65,98.27,0.668,-32.62,7,6,1
40.4,30.91,1.307,9.49,4,9,0
